"","X","X0","X1","X4"
"1",13,"Prescribed Standards"," ","0-80"
"2",14,"Exceeding Standards"," ",NA
"3",15,"Remarks","",""
"4",16,"From Date","To Date","NO2"
"5",17,"30-12-2020 00:00","30-12-2020 00:15","62.1"
"6",18,"30-12-2020 00:15","30-12-2020 00:30","57.5"
"7",19,"30-12-2020 00:30","30-12-2020 00:45","48"
"8",20,"30-12-2020 00:45","30-12-2020 01:00","47.8"
"9",21,"30-12-2020 01:00","30-12-2020 01:15","43.8"
"10",22,"30-12-2020 01:15","30-12-2020 01:30","43.4"
"11",23,"30-12-2020 01:30","30-12-2020 01:45","46"
"12",24,"30-12-2020 01:45","30-12-2020 02:00","46.7"
"13",25,"30-12-2020 02:00","30-12-2020 02:15","45.3"
"14",26,"30-12-2020 02:15","30-12-2020 02:30","47.8"
"15",27,"30-12-2020 02:30","30-12-2020 02:45","44"
"16",28,"30-12-2020 02:45","30-12-2020 03:00","None"
"17",29,"30-12-2020 03:00","30-12-2020 03:15","44.2"
"18",30,"30-12-2020 03:15","30-12-2020 03:30","42.8"
"19",31,"30-12-2020 03:30","30-12-2020 03:45","40.6"
"20",32,"30-12-2020 03:45","30-12-2020 04:00","42.1"
"21",33,"30-12-2020 04:00","30-12-2020 04:15","44.2"
"22",34,"30-12-2020 04:15","30-12-2020 04:30","41.2"
"23",35,"30-12-2020 04:30","30-12-2020 04:45","43.1"
"24",36,"30-12-2020 04:45","30-12-2020 05:00","41.4"
"25",37,"30-12-2020 05:00","30-12-2020 05:15","39.7"
"26",38,"30-12-2020 05:15","30-12-2020 05:30","40.3"
"27",39,"30-12-2020 05:30","30-12-2020 05:45","46.8"
"28",40,"30-12-2020 05:45","30-12-2020 06:00","43.5"
"29",41,"30-12-2020 06:00","30-12-2020 06:15","40.3"
"30",42,"30-12-2020 06:15","30-12-2020 06:30","41.9"
"31",43,"30-12-2020 06:30","30-12-2020 06:45","44.5"
"32",44,"30-12-2020 06:45","30-12-2020 07:00","51.7"
"33",45,"30-12-2020 07:00","30-12-2020 07:15","51"
"34",46,"30-12-2020 07:15","30-12-2020 07:30","51.7"
"35",47,"30-12-2020 07:30","30-12-2020 07:45","58.2"
"36",48,"30-12-2020 07:45","30-12-2020 08:00","58.8"
"37",49,"30-12-2020 08:00","30-12-2020 08:15","64.4"
"38",50,"30-12-2020 08:15","30-12-2020 08:30","56"
"39",51,"30-12-2020 08:30","30-12-2020 08:45","59.7"
"40",52,"30-12-2020 08:45","30-12-2020 09:00","52.9"
"41",53,"30-12-2020 09:00","30-12-2020 09:15","51.6"
"42",54,"30-12-2020 09:15","30-12-2020 09:30","52"
"43",55,"30-12-2020 09:30","30-12-2020 09:45","None"
"44",56,"30-12-2020 09:45","30-12-2020 10:00","None"
"45",57,"30-12-2020 10:00","30-12-2020 10:15","None"
"46",58,"30-12-2020 10:15","30-12-2020 10:30","54"
"47",59,"30-12-2020 10:30","30-12-2020 10:45","63.5"
"48",60,"30-12-2020 10:45","30-12-2020 11:00","None"
"49",61,"30-12-2020 11:00","30-12-2020 11:15","57.8"
"50",62,"30-12-2020 11:15","30-12-2020 11:30","66"
"51",63,"30-12-2020 11:30","30-12-2020 11:45","None"
"52",64,"30-12-2020 11:45","30-12-2020 12:00","None"
"53",65,"30-12-2020 12:00","30-12-2020 12:15","None"
"54",66,"30-12-2020 12:15","30-12-2020 12:30","57.3"
"55",67,"30-12-2020 12:30","30-12-2020 12:45","63.6"
"56",68,"30-12-2020 12:45","30-12-2020 13:00","None"
"57",69,"30-12-2020 13:00","30-12-2020 13:15","59.1"
"58",70,"30-12-2020 13:15","30-12-2020 13:30","60"
"59",71,"30-12-2020 13:30","30-12-2020 13:45","49.5"
"60",72,"30-12-2020 13:45","30-12-2020 14:00","53.1"
"61",73,"30-12-2020 14:00","30-12-2020 14:15","66.9"
"62",74,"30-12-2020 14:15","30-12-2020 14:30","61.5"
"63",75,"30-12-2020 14:30","30-12-2020 14:45","75.1"
"64",76,"30-12-2020 14:45","30-12-2020 15:00","68.2"
"65",77,"30-12-2020 15:00","30-12-2020 15:15","68.8"
"66",78,"30-12-2020 15:15","30-12-2020 15:30","67.3"
"67",79,"30-12-2020 15:30","30-12-2020 15:45","68.1"
"68",80,"30-12-2020 15:45","30-12-2020 16:00","73.3"
"69",81,"30-12-2020 16:00","30-12-2020 16:15","79.3"
"70",82,"30-12-2020 16:15","30-12-2020 16:30","85"
"71",83,"30-12-2020 16:30","30-12-2020 16:45","106.1"
"72",84,"30-12-2020 16:45","30-12-2020 17:00","109.5"
"73",85,"30-12-2020 17:00","30-12-2020 17:15","127.5"
"74",86,"30-12-2020 17:15","30-12-2020 17:30","128.3"
"75",87,"30-12-2020 17:30","30-12-2020 17:45","138"
"76",88,"30-12-2020 17:45","30-12-2020 18:00","156"
"77",89,"30-12-2020 18:00","30-12-2020 18:15","167.1"
"78",90,"30-12-2020 18:15","30-12-2020 18:30","165.7"
"79",91,"30-12-2020 18:30","30-12-2020 18:45","153.9"
"80",92,"30-12-2020 18:45","30-12-2020 19:00","147.5"
"81",93,"30-12-2020 19:00","30-12-2020 19:15","122.8"
"82",94,"30-12-2020 19:15","30-12-2020 19:30","129.4"
"83",95,"30-12-2020 19:30","30-12-2020 19:45","123.3"
"84",96,"30-12-2020 19:45","30-12-2020 20:00","121.5"
"85",97,"30-12-2020 20:00","30-12-2020 20:15","114.1"
"86",98,"30-12-2020 20:15","30-12-2020 20:30","118.2"
"87",99,"30-12-2020 20:30","30-12-2020 20:45","115.7"
"88",100,"30-12-2020 20:45","30-12-2020 21:00","113"
"89",101,"30-12-2020 21:00","30-12-2020 21:15","106.9"
"90",102,"30-12-2020 21:15","30-12-2020 21:30","100.2"
"91",103,"30-12-2020 21:30","30-12-2020 21:45","101.9"
"92",104,"30-12-2020 21:45","30-12-2020 22:00","98.2"
"93",105,"30-12-2020 22:00","30-12-2020 22:15","86.8"
"94",106,"30-12-2020 22:15","30-12-2020 22:30","93.8"
"95",107,"30-12-2020 22:30","30-12-2020 22:45","84.9"
"96",108,"30-12-2020 22:45","30-12-2020 23:00","72.4"
"97",109,"30-12-2020 23:00","30-12-2020 23:15","68.5"
"98",110,"30-12-2020 23:15","30-12-2020 23:30","65.8"
"99",111,"30-12-2020 23:30","30-12-2020 23:45","None"
"100",112,"30-12-2020 23:45","31-12-2020 00:00","59.7"
"101",113,"31-12-2020 00:00","31-12-2020 00:15","53.8"
"102",114,"31-12-2020 00:15","31-12-2020 00:30","49"
"103",115,"31-12-2020 00:30","31-12-2020 00:45","53.4"
"104",116,"31-12-2020 00:45","31-12-2020 01:00","61.4"
"105",117,"31-12-2020 01:00","31-12-2020 01:15","59.3"
"106",118,"31-12-2020 01:15","31-12-2020 01:30","49.4"
"107",119,"31-12-2020 01:30","31-12-2020 01:45","51.3"
"108",120,"31-12-2020 01:45","31-12-2020 02:00","51.4"
"109",121,"31-12-2020 02:00","31-12-2020 02:15","51.7"
"110",122,"31-12-2020 02:15","31-12-2020 02:30","45"
"111",123,"31-12-2020 02:30","31-12-2020 02:45","44.9"
"112",124,"31-12-2020 02:45","31-12-2020 03:00","43.1"
"113",125,"31-12-2020 03:00","31-12-2020 03:15","42.7"
"114",126,"31-12-2020 03:15","31-12-2020 03:30","43.9"
"115",127,"31-12-2020 03:30","31-12-2020 03:45","45.4"
"116",128,"31-12-2020 03:45","31-12-2020 04:00","49.3"
"117",129,"31-12-2020 04:00","31-12-2020 04:15","49.9"
"118",130,"31-12-2020 04:15","31-12-2020 04:30","50.3"
"119",131,"31-12-2020 04:30","31-12-2020 04:45","42.6"
"120",132,"31-12-2020 04:45","31-12-2020 05:00","39"
"121",133,"31-12-2020 05:00","31-12-2020 05:15","38.2"
"122",134,"31-12-2020 05:15","31-12-2020 05:30","37.5"
"123",135,"31-12-2020 05:30","31-12-2020 05:45","36.6"
"124",136,"31-12-2020 05:45","31-12-2020 06:00","38.1"
"125",137,"31-12-2020 06:00","31-12-2020 06:15","35.8"
"126",138,"31-12-2020 06:15","31-12-2020 06:30","36.9"
"127",139,"31-12-2020 06:30","31-12-2020 06:45","35.4"
"128",140,"31-12-2020 06:45","31-12-2020 07:00","41.1"
"129",141,"31-12-2020 07:00","31-12-2020 07:15","40.6"
"130",142,"31-12-2020 07:15","31-12-2020 07:30","44.2"
"131",143,"31-12-2020 07:30","31-12-2020 07:45","43.1"
"132",144,"31-12-2020 07:45","31-12-2020 08:00","45"
"133",145,"31-12-2020 08:00","31-12-2020 08:15","48.7"
"134",146,"31-12-2020 08:15","31-12-2020 08:30","47"
"135",147,"31-12-2020 08:30","31-12-2020 08:45","42.5"
"136",148,"31-12-2020 08:45","31-12-2020 09:00","39.7"
"137",149,"31-12-2020 09:00","31-12-2020 09:15","33"
"138",150,"31-12-2020 09:15","31-12-2020 09:30","37"
"139",151,"31-12-2020 09:30","31-12-2020 09:45","None"
"140",152,"31-12-2020 09:45","31-12-2020 10:00","None"
"141",153,"31-12-2020 10:00","31-12-2020 10:15","None"
"142",154,"31-12-2020 10:15","31-12-2020 10:30","55"
"143",155,"31-12-2020 10:30","31-12-2020 10:45","48.1"
"144",156,"31-12-2020 10:45","31-12-2020 11:00","58.2"
"145",157,"31-12-2020 11:00","31-12-2020 11:15","53.7"
"146",158,"31-12-2020 11:15","31-12-2020 11:30","56.3"
"147",159,"31-12-2020 11:30","31-12-2020 11:45","None"
"148",160,"31-12-2020 11:45","31-12-2020 12:00","None"
"149",161,"31-12-2020 12:00","31-12-2020 12:15","None"
"150",162,"31-12-2020 12:15","31-12-2020 12:30","12.3"
"151",163,"31-12-2020 12:30","31-12-2020 12:45","11.3"
"152",164,"31-12-2020 12:45","31-12-2020 13:00","5.3"
"153",165,"31-12-2020 13:00","31-12-2020 13:15","58.9"
"154",166,"31-12-2020 13:15","31-12-2020 13:30","57.8"
"155",167,"31-12-2020 13:30","31-12-2020 13:45","57.6"
"156",168,"31-12-2020 13:45","31-12-2020 14:00","51.9"
"157",169,"31-12-2020 14:00","31-12-2020 14:15","51.7"
"158",170,"31-12-2020 14:15","31-12-2020 14:30","53.2"
"159",171,"31-12-2020 14:30","31-12-2020 14:45","53.7"
"160",172,"31-12-2020 14:45","31-12-2020 15:00","55.7"
"161",173,"31-12-2020 15:00","31-12-2020 15:15","55"
"162",174,"31-12-2020 15:15","31-12-2020 15:30","57.8"
"163",175,"31-12-2020 15:30","31-12-2020 15:45","57.5"
"164",176,"31-12-2020 15:45","31-12-2020 16:00","58.7"
"165",177,"31-12-2020 16:00","31-12-2020 16:15","None"
"166",178,"31-12-2020 16:15","31-12-2020 16:30","71.2"
"167",179,"31-12-2020 16:30","31-12-2020 16:45","82.9"
"168",180,"31-12-2020 16:45","31-12-2020 17:00","100.8"
"169",181,"31-12-2020 17:00","31-12-2020 17:15","113.3"
"170",182,"31-12-2020 17:15","31-12-2020 17:30","131.7"
"171",183,"31-12-2020 17:30","31-12-2020 17:45","129.1"
"172",184,"31-12-2020 17:45","31-12-2020 18:00","141.4"
"173",185,"31-12-2020 18:00","31-12-2020 18:15","151.1"
"174",186,"31-12-2020 18:15","31-12-2020 18:30","149.2"
"175",187,"31-12-2020 18:30","31-12-2020 18:45","148.4"
"176",188,"31-12-2020 18:45","31-12-2020 19:00","163.2"
"177",189,"31-12-2020 19:00","31-12-2020 19:15","None"
"178",190,"31-12-2020 19:15","31-12-2020 19:30","163.6"
"179",191,"31-12-2020 19:30","31-12-2020 19:45","154.8"
"180",192,"31-12-2020 19:45","31-12-2020 20:00","None"
"181",193,"31-12-2020 20:00","31-12-2020 20:15","162.3"
"182",194,"31-12-2020 20:15","31-12-2020 20:30","145.8"
"183",195,"31-12-2020 20:30","31-12-2020 20:45","151.7"
"184",196,"31-12-2020 20:45","31-12-2020 21:00","139.8"
"185",197,"31-12-2020 21:00","31-12-2020 21:15","139.4"
"186",198,"31-12-2020 21:15","31-12-2020 21:30","137.2"
"187",199,"31-12-2020 21:30","31-12-2020 21:45","133.3"
"188",200,"31-12-2020 21:45","31-12-2020 22:00","134.6"
"189",201,"31-12-2020 22:00","31-12-2020 22:15","130.3"
"190",202,"31-12-2020 22:15","31-12-2020 22:30","121.7"
"191",203,"31-12-2020 22:30","31-12-2020 22:45","115.7"
"192",204,"31-12-2020 22:45","31-12-2020 23:00","109.2"
"193",205,"31-12-2020 23:00","31-12-2020 23:15","110.9"
"194",206,"31-12-2020 23:15","31-12-2020 23:30","109.2"
"195",207,"31-12-2020 23:30","31-12-2020 23:45","None"
"196",208,"31-12-2020 23:45","01-01-2021 00:00","None"
"197",209,"01-01-2021 00:00","01-01-2021 00:15","90.1"
"198",210,"01-01-2021 00:15","01-01-2021 00:30","94"
"199",211,"01-01-2021 00:30","01-01-2021 00:45","88.1"
"200",212,"01-01-2021 00:45","01-01-2021 01:00","91.8"
"201",213,"01-01-2021 01:00","01-01-2021 01:15","None"
"202",214,"01-01-2021 01:15","01-01-2021 01:30","81.1"
"203",215,"01-01-2021 01:30","01-01-2021 01:45","73.2"
"204",216,"01-01-2021 01:45","01-01-2021 02:00","76.8"
"205",217,"01-01-2021 02:00","01-01-2021 02:15","79"
"206",218,"01-01-2021 02:15","01-01-2021 02:30","68.4"
"207",219,"01-01-2021 02:30","01-01-2021 02:45","66.7"
"208",220,"01-01-2021 02:45","01-01-2021 03:00","60.3"
"209",221,"01-01-2021 03:00","01-01-2021 03:15","None"
"210",222,"01-01-2021 03:15","01-01-2021 03:30","47.8"
"211",223,"01-01-2021 03:30","01-01-2021 03:45","43.9"
"212",224,"01-01-2021 03:45","01-01-2021 04:00","41.6"
"213",225,"01-01-2021 04:00","01-01-2021 04:15","35.9"
"214",226,"01-01-2021 04:15","01-01-2021 04:30","37.7"
"215",227,"01-01-2021 04:30","01-01-2021 04:45","35"
"216",228,"01-01-2021 04:45","01-01-2021 05:00","31.2"
"217",229,"01-01-2021 05:00","01-01-2021 05:15","28"
"218",230,"01-01-2021 05:15","01-01-2021 05:30","28.8"
"219",231,"01-01-2021 05:30","01-01-2021 05:45","29.5"
"220",232,"01-01-2021 05:45","01-01-2021 06:00","30.4"
"221",233,"01-01-2021 06:00","01-01-2021 06:15","39.7"
"222",234,"01-01-2021 06:15","01-01-2021 06:30","42.9"
"223",235,"01-01-2021 06:30","01-01-2021 06:45","55"
"224",236,"01-01-2021 06:45","01-01-2021 07:00","56.6"
"225",237,"01-01-2021 07:00","01-01-2021 07:15","48.5"
"226",238,"01-01-2021 07:15","01-01-2021 07:30","48.7"
"227",239,"01-01-2021 07:30","01-01-2021 07:45","54.8"
"228",240,"01-01-2021 07:45","01-01-2021 08:00","56.3"
"229",241,"01-01-2021 08:00","01-01-2021 08:15","52.1"
"230",242,"01-01-2021 08:15","01-01-2021 08:30","52.8"
"231",243,"01-01-2021 08:30","01-01-2021 08:45","43.3"
"232",244,"01-01-2021 08:45","01-01-2021 09:00","45.3"
"233",245,"01-01-2021 09:00","01-01-2021 09:15","52.5"
"234",246,"01-01-2021 09:15","01-01-2021 09:30","58.1"
"235",247,"01-01-2021 09:30","01-01-2021 09:45","None"
"236",248,"01-01-2021 09:45","01-01-2021 10:00","None"
"237",249,"01-01-2021 10:00","01-01-2021 10:15","None"
"238",250,"01-01-2021 10:15","01-01-2021 10:30","65.3"
"239",251,"01-01-2021 10:30","01-01-2021 10:45","57.9"
"240",252,"01-01-2021 10:45","01-01-2021 11:00","58.7"
"241",253,"01-01-2021 11:00","01-01-2021 11:15","None"
"242",254,"01-01-2021 11:15","01-01-2021 11:30","58.6"
"243",255,"01-01-2021 11:30","01-01-2021 11:45","None"
"244",256,"01-01-2021 11:45","01-01-2021 12:00","None"
"245",257,"01-01-2021 12:00","01-01-2021 12:15","None"
"246",258,"01-01-2021 12:15","01-01-2021 12:30","64.5"
"247",259,"01-01-2021 12:30","01-01-2021 12:45","60"
"248",260,"01-01-2021 12:45","01-01-2021 13:00","58.6"
"249",261,"01-01-2021 13:00","01-01-2021 13:15","75.9"
"250",262,"01-01-2021 13:15","01-01-2021 13:30","60.4"
"251",263,"01-01-2021 13:30","01-01-2021 13:45","65.2"
"252",264,"01-01-2021 13:45","01-01-2021 14:00","65.7"
"253",265,"01-01-2021 14:00","01-01-2021 14:15","None"
"254",266,"01-01-2021 14:15","01-01-2021 14:30","64.7"
"255",267,"01-01-2021 14:30","01-01-2021 14:45","65.9"
"256",268,"01-01-2021 14:45","01-01-2021 15:00","54.2"
"257",269,"01-01-2021 15:00","01-01-2021 15:15","68.5"
"258",270,"01-01-2021 15:15","01-01-2021 15:30","84.2"
"259",271,"01-01-2021 15:30","01-01-2021 15:45","80.5"
"260",272,"01-01-2021 15:45","01-01-2021 16:00","78.4"
"261",273,"01-01-2021 16:00","01-01-2021 16:15","91.5"
"262",274,"01-01-2021 16:15","01-01-2021 16:30","110.3"
"263",275,"01-01-2021 16:30","01-01-2021 16:45","116.3"
"264",276,"01-01-2021 16:45","01-01-2021 17:00","116.1"
"265",277,"01-01-2021 17:00","01-01-2021 17:15","None"
"266",278,"01-01-2021 17:15","01-01-2021 17:30","172.3"
"267",279,"01-01-2021 17:30","01-01-2021 17:45","174.5"
"268",280,"01-01-2021 17:45","01-01-2021 18:00","190.5"
"269",281,"01-01-2021 18:00","01-01-2021 18:15","176.3"
"270",282,"01-01-2021 18:15","01-01-2021 18:30","179.9"
"271",283,"01-01-2021 18:30","01-01-2021 18:45","181"
"272",284,"01-01-2021 18:45","01-01-2021 19:00","208"
"273",285,"01-01-2021 19:00","01-01-2021 19:15","189.7"
"274",286,"01-01-2021 19:15","01-01-2021 19:30","None"
"275",287,"01-01-2021 19:30","01-01-2021 19:45","223.6"
"276",288,"01-01-2021 19:45","01-01-2021 20:00","225"
"277",289,"01-01-2021 20:00","01-01-2021 20:15","217.7"
"278",290,"01-01-2021 20:15","01-01-2021 20:30","196.3"
"279",291,"01-01-2021 20:30","01-01-2021 20:45","210.6"
"280",292,"01-01-2021 20:45","01-01-2021 21:00","208.5"
"281",293,"01-01-2021 21:00","01-01-2021 21:15","185.2"
"282",294,"01-01-2021 21:15","01-01-2021 21:30","199.8"
"283",295,"01-01-2021 21:30","01-01-2021 21:45","201.9"
"284",296,"01-01-2021 21:45","01-01-2021 22:00","201.6"
"285",297,"01-01-2021 22:00","01-01-2021 22:15","192"
"286",298,"01-01-2021 22:15","01-01-2021 22:30","192.4"
"287",299,"01-01-2021 22:30","01-01-2021 22:45","176.6"
"288",300,"01-01-2021 22:45","01-01-2021 23:00","176.8"
"289",301,"01-01-2021 23:00","01-01-2021 23:15","169"
"290",302,"01-01-2021 23:15","01-01-2021 23:30","151.5"
"291",303,"01-01-2021 23:30","01-01-2021 23:45","None"
"292",304,"01-01-2021 23:45","02-01-2021 00:00","131.8"
"293",305,"02-01-2021 00:00","02-01-2021 00:15","128"
"294",306,"02-01-2021 00:15","02-01-2021 00:30","None"
"295",307,"02-01-2021 00:30","02-01-2021 00:45","106.2"
"296",308,"02-01-2021 00:45","02-01-2021 01:00","99.2"
"297",309,"02-01-2021 01:00","02-01-2021 01:15","90.1"
"298",310,"02-01-2021 01:15","02-01-2021 01:30","88.1"
"299",311,"02-01-2021 01:30","02-01-2021 01:45","84.2"
"300",312,"02-01-2021 01:45","02-01-2021 02:00","77"
"301",313,"02-01-2021 02:00","02-01-2021 02:15","77.3"
"302",314,"02-01-2021 02:15","02-01-2021 02:30","70.6"
"303",315,"02-01-2021 02:30","02-01-2021 02:45","67.3"
"304",316,"02-01-2021 02:45","02-01-2021 03:00","62.9"
"305",317,"02-01-2021 03:00","02-01-2021 03:15","51.1"
"306",318,"02-01-2021 03:15","02-01-2021 03:30","49.3"
"307",319,"02-01-2021 03:30","02-01-2021 03:45","48.9"
"308",320,"02-01-2021 03:45","02-01-2021 04:00","45.6"
"309",321,"02-01-2021 04:00","02-01-2021 04:15","46.7"
"310",322,"02-01-2021 04:15","02-01-2021 04:30","41.4"
"311",323,"02-01-2021 04:30","02-01-2021 04:45","40.8"
"312",324,"02-01-2021 04:45","02-01-2021 05:00","None"
"313",325,"02-01-2021 05:00","02-01-2021 05:15","47.3"
"314",326,"02-01-2021 05:15","02-01-2021 05:30","51.6"
"315",327,"02-01-2021 05:30","02-01-2021 05:45","50.9"
"316",328,"02-01-2021 05:45","02-01-2021 06:00","None"
"317",329,"02-01-2021 06:00","02-01-2021 06:15","52.4"
"318",330,"02-01-2021 06:15","02-01-2021 06:30","62"
"319",331,"02-01-2021 06:30","02-01-2021 06:45","63.4"
"320",332,"02-01-2021 06:45","02-01-2021 07:00","None"
"321",333,"02-01-2021 07:00","02-01-2021 07:15","81.8"
"322",334,"02-01-2021 07:15","02-01-2021 07:30","83.2"
"323",335,"02-01-2021 07:30","02-01-2021 07:45","87.3"
"324",336,"02-01-2021 07:45","02-01-2021 08:00","94.4"
"325",337,"02-01-2021 08:00","02-01-2021 08:15","100.7"
"326",338,"02-01-2021 08:15","02-01-2021 08:30","97.1"
"327",339,"02-01-2021 08:30","02-01-2021 08:45","99.1"
"328",340,"02-01-2021 08:45","02-01-2021 09:00","88.4"
"329",341,"02-01-2021 09:00","02-01-2021 09:15","82.3"
"330",342,"02-01-2021 09:15","02-01-2021 09:30","83.4"
"331",343,"02-01-2021 09:30","02-01-2021 09:45","None"
"332",344,"02-01-2021 09:45","02-01-2021 10:00","None"
"333",345,"02-01-2021 10:00","02-01-2021 10:15","None"
"334",346,"02-01-2021 10:15","02-01-2021 10:30","85.4"
"335",347,"02-01-2021 10:30","02-01-2021 10:45","None"
"336",348,"02-01-2021 10:45","02-01-2021 11:00","83.8"
"337",349,"02-01-2021 11:00","02-01-2021 11:15","87.3"
"338",350,"02-01-2021 11:15","02-01-2021 11:30","85.5"
"339",351,"02-01-2021 11:30","02-01-2021 11:45","None"
"340",352,"02-01-2021 11:45","02-01-2021 12:00","None"
"341",353,"02-01-2021 12:00","02-01-2021 12:15","None"
"342",354,"02-01-2021 12:15","02-01-2021 12:30","67.7"
"343",355,"02-01-2021 12:30","02-01-2021 12:45","80.9"
"344",356,"02-01-2021 12:45","02-01-2021 13:00","63.2"
"345",357,"02-01-2021 13:00","02-01-2021 13:15","68.4"
"346",358,"02-01-2021 13:15","02-01-2021 13:30","68.5"
"347",359,"02-01-2021 13:30","02-01-2021 13:45","74.6"
"348",360,"02-01-2021 13:45","02-01-2021 14:00","70.2"
"349",361,"02-01-2021 14:00","02-01-2021 14:15","74.1"
"350",362,"02-01-2021 14:15","02-01-2021 14:30","None"
"351",363,"02-01-2021 14:30","02-01-2021 14:45","80.4"
"352",364,"02-01-2021 14:45","02-01-2021 15:00","83.6"
"353",365,"02-01-2021 15:00","02-01-2021 15:15","82.6"
"354",366,"02-01-2021 15:15","02-01-2021 15:30","93.1"
"355",367,"02-01-2021 15:30","02-01-2021 15:45","114.6"
"356",368,"02-01-2021 15:45","02-01-2021 16:00","118.5"
"357",369,"02-01-2021 16:00","02-01-2021 16:15","130.8"
"358",370,"02-01-2021 16:15","02-01-2021 16:30","160.7"
"359",371,"02-01-2021 16:30","02-01-2021 16:45","145.2"
"360",372,"02-01-2021 16:45","02-01-2021 17:00","155.6"
"361",373,"02-01-2021 17:00","02-01-2021 17:15","176.2"
"362",374,"02-01-2021 17:15","02-01-2021 17:30","190"
"363",375,"02-01-2021 17:30","02-01-2021 17:45","197.9"
"364",376,"02-01-2021 17:45","02-01-2021 18:00","203.4"
"365",377,"02-01-2021 18:00","02-01-2021 18:15","200.6"
"366",378,"02-01-2021 18:15","02-01-2021 18:30","217.5"
"367",379,"02-01-2021 18:30","02-01-2021 18:45","227.8"
"368",380,"02-01-2021 18:45","02-01-2021 19:00","213.4"
"369",381,"02-01-2021 19:00","02-01-2021 19:15","217.3"
"370",382,"02-01-2021 19:15","02-01-2021 19:30","219.2"
"371",383,"02-01-2021 19:30","02-01-2021 19:45","227.8"
"372",384,"02-01-2021 19:45","02-01-2021 20:00","229.7"
"373",385,"02-01-2021 20:00","02-01-2021 20:15","215.2"
"374",386,"02-01-2021 20:15","02-01-2021 20:30","217.6"
"375",387,"02-01-2021 20:30","02-01-2021 20:45","None"
"376",388,"02-01-2021 20:45","02-01-2021 21:00","221.9"
"377",389,"02-01-2021 21:00","02-01-2021 21:15","234"
"378",390,"02-01-2021 21:15","02-01-2021 21:30","211"
"379",391,"02-01-2021 21:30","02-01-2021 21:45","215.2"
"380",392,"02-01-2021 21:45","02-01-2021 22:00","200.4"
"381",393,"02-01-2021 22:00","02-01-2021 22:15","194.3"
"382",394,"02-01-2021 22:15","02-01-2021 22:30","195.1"
"383",395,"02-01-2021 22:30","02-01-2021 22:45","183.2"
"384",396,"02-01-2021 22:45","02-01-2021 23:00","169.6"
"385",397,"02-01-2021 23:00","02-01-2021 23:15","165.1"
"386",398,"02-01-2021 23:15","02-01-2021 23:30","154.5"
"387",399,"02-01-2021 23:30","02-01-2021 23:45","None"
"388",400,"02-01-2021 23:45","03-01-2021 00:00","117.1"
"389",401,"03-01-2021 00:00","03-01-2021 00:15","99.9"
"390",402,"03-01-2021 00:15","03-01-2021 00:30","102"
"391",403,"03-01-2021 00:30","03-01-2021 00:45","110.8"
"392",404,"03-01-2021 00:45","03-01-2021 01:00","None"
"393",405,"03-01-2021 01:00","03-01-2021 01:15","107.2"
"394",406,"03-01-2021 01:15","03-01-2021 01:30","114.6"
"395",407,"03-01-2021 01:30","03-01-2021 01:45","125.2"
"396",408,"03-01-2021 01:45","03-01-2021 02:00","127.5"
"397",409,"03-01-2021 02:00","03-01-2021 02:15","125.1"
"398",410,"03-01-2021 02:15","03-01-2021 02:30","127.3"
"399",411,"03-01-2021 02:30","03-01-2021 02:45","121.6"
"400",412,"03-01-2021 02:45","03-01-2021 03:00","93.9"
"401",413,"03-01-2021 03:00","03-01-2021 03:15","47.5"
"402",414,"03-01-2021 03:15","03-01-2021 03:30","41.4"
"403",415,"03-01-2021 03:30","03-01-2021 03:45","44"
"404",416,"03-01-2021 03:45","03-01-2021 04:00","43.3"
"405",417,"03-01-2021 04:00","03-01-2021 04:15","39.9"
"406",418,"03-01-2021 04:15","03-01-2021 04:30","40.1"
"407",419,"03-01-2021 04:30","03-01-2021 04:45","44.3"
"408",420,"03-01-2021 04:45","03-01-2021 05:00","53.5"
"409",421,"03-01-2021 05:00","03-01-2021 05:15","51.4"
"410",422,"03-01-2021 05:15","03-01-2021 05:30","50.8"
"411",423,"03-01-2021 05:30","03-01-2021 05:45","56.1"
"412",424,"03-01-2021 05:45","03-01-2021 06:00","53.1"
"413",425,"03-01-2021 06:00","03-01-2021 06:15","59.4"
"414",426,"03-01-2021 06:15","03-01-2021 06:30","76.9"
"415",427,"03-01-2021 06:30","03-01-2021 06:45","70.9"
"416",428,"03-01-2021 06:45","03-01-2021 07:00","82.9"
"417",429,"03-01-2021 07:00","03-01-2021 07:15","95.1"
"418",430,"03-01-2021 07:15","03-01-2021 07:30","96.2"
"419",431,"03-01-2021 07:30","03-01-2021 07:45","104.9"
"420",432,"03-01-2021 07:45","03-01-2021 08:00","None"
"421",433,"03-01-2021 08:00","03-01-2021 08:15","113.5"
"422",434,"03-01-2021 08:15","03-01-2021 08:30","120"
"423",435,"03-01-2021 08:30","03-01-2021 08:45","102.5"
"424",436,"03-01-2021 08:45","03-01-2021 09:00","92.5"
"425",437,"03-01-2021 09:00","03-01-2021 09:15","84.7"
"426",438,"03-01-2021 09:15","03-01-2021 09:30","77.7"
"427",439,"03-01-2021 09:30","03-01-2021 09:45","None"
"428",440,"03-01-2021 09:45","03-01-2021 10:00","None"
"429",441,"03-01-2021 10:00","03-01-2021 10:15","None"
"430",442,"03-01-2021 10:15","03-01-2021 10:30","76.9"
"431",443,"03-01-2021 10:30","03-01-2021 10:45","70.1"
"432",444,"03-01-2021 10:45","03-01-2021 11:00","72.7"
"433",445,"03-01-2021 11:00","03-01-2021 11:15","74.2"
"434",446,"03-01-2021 11:15","03-01-2021 11:30","73.6"
"435",447,"03-01-2021 11:30","03-01-2021 11:45","None"
"436",448,"03-01-2021 11:45","03-01-2021 12:00","None"
"437",449,"03-01-2021 12:00","03-01-2021 12:15","None"
"438",450,"03-01-2021 12:15","03-01-2021 12:30","76.5"
"439",451,"03-01-2021 12:30","03-01-2021 12:45","70.7"
"440",452,"03-01-2021 12:45","03-01-2021 13:00","76.9"
"441",453,"03-01-2021 13:00","03-01-2021 13:15","75.7"
"442",454,"03-01-2021 13:15","03-01-2021 13:30","71.3"
"443",455,"03-01-2021 13:30","03-01-2021 13:45","78.4"
"444",456,"03-01-2021 13:45","03-01-2021 14:00","72.3"
"445",457,"03-01-2021 14:00","03-01-2021 14:15","62"
"446",458,"03-01-2021 14:15","03-01-2021 14:30","67"
"447",459,"03-01-2021 14:30","03-01-2021 14:45","67.8"
"448",460,"03-01-2021 14:45","03-01-2021 15:00","75.1"
"449",461,"03-01-2021 15:00","03-01-2021 15:15","85.1"
"450",462,"03-01-2021 15:15","03-01-2021 15:30","81.9"
"451",463,"03-01-2021 15:30","03-01-2021 15:45","118.8"
"452",464,"03-01-2021 15:45","03-01-2021 16:00","116"
"453",465,"03-01-2021 16:00","03-01-2021 16:15","118.9"
"454",466,"03-01-2021 16:15","03-01-2021 16:30","135"
"455",467,"03-01-2021 16:30","03-01-2021 16:45","150.3"
"456",468,"03-01-2021 16:45","03-01-2021 17:00","154.3"
"457",469,"03-01-2021 17:00","03-01-2021 17:15","163.6"
"458",470,"03-01-2021 17:15","03-01-2021 17:30","190.6"
"459",471,"03-01-2021 17:30","03-01-2021 17:45","202"
"460",472,"03-01-2021 17:45","03-01-2021 18:00","207.7"
"461",473,"03-01-2021 18:00","03-01-2021 18:15","211"
"462",474,"03-01-2021 18:15","03-01-2021 18:30","197.9"
"463",475,"03-01-2021 18:30","03-01-2021 18:45","194.6"
"464",476,"03-01-2021 18:45","03-01-2021 19:00","203.3"
"465",477,"03-01-2021 19:00","03-01-2021 19:15","191.2"
"466",478,"03-01-2021 19:15","03-01-2021 19:30","189.5"
"467",479,"03-01-2021 19:30","03-01-2021 19:45","184.6"
"468",480,"03-01-2021 19:45","03-01-2021 20:00","179"
"469",481,"03-01-2021 20:00","03-01-2021 20:15","164.6"
"470",482,"03-01-2021 20:15","03-01-2021 20:30","153.9"
"471",483,"03-01-2021 20:30","03-01-2021 20:45","141.8"
"472",484,"03-01-2021 20:45","03-01-2021 21:00","131.9"
"473",485,"03-01-2021 21:00","03-01-2021 21:15","117.3"
"474",486,"03-01-2021 21:15","03-01-2021 21:30","130.3"
"475",487,"03-01-2021 21:30","03-01-2021 21:45","132.8"
"476",488,"03-01-2021 21:45","03-01-2021 22:00","123.3"
"477",489,"03-01-2021 22:00","03-01-2021 22:15","124.4"
"478",490,"03-01-2021 22:15","03-01-2021 22:30","117.7"
"479",491,"03-01-2021 22:30","03-01-2021 22:45","101.6"
"480",492,"03-01-2021 22:45","03-01-2021 23:00","113.1"
"481",493,"03-01-2021 23:00","03-01-2021 23:15","116.3"
"482",494,"03-01-2021 23:15","03-01-2021 23:30","90.2"
"483",495,"03-01-2021 23:30","03-01-2021 23:45","None"
"484",496,"03-01-2021 23:45","04-01-2021 00:00","None"
"485",497,"04-01-2021 00:00","04-01-2021 00:15","61.6"
"486",498,"04-01-2021 00:15","04-01-2021 00:30","58.9"
"487",499,"04-01-2021 00:30","04-01-2021 00:45","54"
"488",500,"04-01-2021 00:45","04-01-2021 01:00","50.5"
"489",501,"04-01-2021 01:00","04-01-2021 01:15","49.2"
"490",502,"04-01-2021 01:15","04-01-2021 01:30","49.8"
"491",503,"04-01-2021 01:30","04-01-2021 01:45","46.4"
"492",504,"04-01-2021 01:45","04-01-2021 02:00","47.6"
"493",505,"04-01-2021 02:00","04-01-2021 02:15","46.5"
"494",506,"04-01-2021 02:15","04-01-2021 02:30","51.1"
"495",507,"04-01-2021 02:30","04-01-2021 02:45","56"
"496",508,"04-01-2021 02:45","04-01-2021 03:00","61.3"
"497",509,"04-01-2021 03:00","04-01-2021 03:15","60.7"
"498",510,"04-01-2021 03:15","04-01-2021 03:30","68"
"499",511,"04-01-2021 03:30","04-01-2021 03:45","70.3"
"500",512,"04-01-2021 03:45","04-01-2021 04:00","67.3"
"501",513,"04-01-2021 04:00","04-01-2021 04:15","68.4"
"502",514,"04-01-2021 04:15","04-01-2021 04:30","72.9"
"503",515,"04-01-2021 04:30","04-01-2021 04:45","71.4"
"504",516,"04-01-2021 04:45","04-01-2021 05:00","75.5"
"505",517,"04-01-2021 05:00","04-01-2021 05:15","75.3"
"506",518,"04-01-2021 05:15","04-01-2021 05:30","70.6"
"507",519,"04-01-2021 05:30","04-01-2021 05:45","75.9"
"508",520,"04-01-2021 05:45","04-01-2021 06:00","75.4"
"509",521,"04-01-2021 06:00","04-01-2021 06:15","68.9"
"510",522,"04-01-2021 06:15","04-01-2021 06:30","67.4"
"511",523,"04-01-2021 06:30","04-01-2021 06:45","70.8"
"512",524,"04-01-2021 06:45","04-01-2021 07:00","79.1"
"513",525,"04-01-2021 07:00","04-01-2021 07:15","85.7"
"514",526,"04-01-2021 07:15","04-01-2021 07:30","83.8"
"515",527,"04-01-2021 07:30","04-01-2021 07:45","96.1"
"516",528,"04-01-2021 07:45","04-01-2021 08:00","93.3"
"517",529,"04-01-2021 08:00","04-01-2021 08:15","120.6"
"518",530,"04-01-2021 08:15","04-01-2021 08:30","129.1"
"519",531,"04-01-2021 08:30","04-01-2021 08:45","122.8"
"520",532,"04-01-2021 08:45","04-01-2021 09:00","119.4"
"521",533,"04-01-2021 09:00","04-01-2021 09:15","114.4"
"522",534,"04-01-2021 09:15","04-01-2021 09:30","110.1"
"523",535,"04-01-2021 09:30","04-01-2021 09:45","None"
"524",536,"04-01-2021 09:45","04-01-2021 10:00","None"
"525",537,"04-01-2021 10:00","04-01-2021 10:15","None"
"526",538,"04-01-2021 10:15","04-01-2021 10:30","125.2"
"527",539,"04-01-2021 10:30","04-01-2021 10:45","105.5"
"528",540,"04-01-2021 10:45","04-01-2021 11:00","89.2"
"529",541,"04-01-2021 11:00","04-01-2021 11:15","105.8"
"530",542,"04-01-2021 11:15","04-01-2021 11:30","118"
"531",543,"04-01-2021 11:30","04-01-2021 11:45","None"
"532",544,"04-01-2021 11:45","04-01-2021 12:00","None"
"533",545,"04-01-2021 12:00","04-01-2021 12:15","None"
"534",546,"04-01-2021 12:15","04-01-2021 12:30","14.9"
"535",547,"04-01-2021 12:30","04-01-2021 12:45","9.6"
"536",548,"04-01-2021 12:45","04-01-2021 13:00","22.2"
"537",549,"04-01-2021 13:00","04-01-2021 13:15","163.9"
"538",550,"04-01-2021 13:15","04-01-2021 13:30","159.2"
"539",551,"04-01-2021 13:30","04-01-2021 13:45","148.9"
"540",552,"04-01-2021 13:45","04-01-2021 14:00","140.2"
"541",553,"04-01-2021 14:00","04-01-2021 14:15","133.5"
"542",554,"04-01-2021 14:15","04-01-2021 14:30","144.7"
"543",555,"04-01-2021 14:30","04-01-2021 14:45","139.9"
"544",556,"04-01-2021 14:45","04-01-2021 15:00","125.6"
"545",557,"04-01-2021 15:00","04-01-2021 15:15","109.7"
"546",558,"04-01-2021 15:15","04-01-2021 15:30","99.3"
"547",559,"04-01-2021 15:30","04-01-2021 15:45","97.4"
"548",560,"04-01-2021 15:45","04-01-2021 16:00","96"
"549",561,"04-01-2021 16:00","04-01-2021 16:15","116.1"
"550",562,"04-01-2021 16:15","04-01-2021 16:30","129.7"
"551",563,"04-01-2021 16:30","04-01-2021 16:45","149.1"
"552",564,"04-01-2021 16:45","04-01-2021 17:00","153.1"
"553",565,"04-01-2021 17:00","04-01-2021 17:15","148.4"
"554",566,"04-01-2021 17:15","04-01-2021 17:30","144.9"
"555",567,"04-01-2021 17:30","04-01-2021 17:45","153.5"
"556",568,"04-01-2021 17:45","04-01-2021 18:00","153"
"557",569,"04-01-2021 18:00","04-01-2021 18:15","162"
"558",570,"04-01-2021 18:15","04-01-2021 18:30","157.8"
"559",571,"04-01-2021 18:30","04-01-2021 18:45","161.5"
"560",572,"04-01-2021 18:45","04-01-2021 19:00","159.3"
"561",573,"04-01-2021 19:00","04-01-2021 19:15","156.5"
"562",574,"04-01-2021 19:15","04-01-2021 19:30","147.8"
"563",575,"04-01-2021 19:30","04-01-2021 19:45","146.5"
"564",576,"04-01-2021 19:45","04-01-2021 20:00","138.6"
"565",577,"04-01-2021 20:00","04-01-2021 20:15","130"
"566",578,"04-01-2021 20:15","04-01-2021 20:30","111.5"
"567",579,"04-01-2021 20:30","04-01-2021 20:45","101.8"
"568",580,"04-01-2021 20:45","04-01-2021 21:00","118.9"
"569",581,"04-01-2021 21:00","04-01-2021 21:15","114.8"
"570",582,"04-01-2021 21:15","04-01-2021 21:30","104.2"
"571",583,"04-01-2021 21:30","04-01-2021 21:45","100.1"
"572",584,"04-01-2021 21:45","04-01-2021 22:00","91.2"
"573",585,"04-01-2021 22:00","04-01-2021 22:15","92.4"
"574",586,"04-01-2021 22:15","04-01-2021 22:30","89"
"575",587,"04-01-2021 22:30","04-01-2021 22:45","81.7"
"576",588,"04-01-2021 22:45","04-01-2021 23:00","68"
"577",589,"04-01-2021 23:00","04-01-2021 23:15","67"
"578",590,"04-01-2021 23:15","04-01-2021 23:30","68.5"
"579",591,"04-01-2021 23:30","04-01-2021 23:45","None"
"580",592,"04-01-2021 23:45","05-01-2021 00:00","None"
"581",593,"05-01-2021 00:00","05-01-2021 00:15","87"
"582",594,"05-01-2021 00:15","05-01-2021 00:30","86"
"583",595,"05-01-2021 00:30","05-01-2021 00:45","None"
"584",596,"05-01-2021 00:45","05-01-2021 01:00","87.1"
"585",597,"05-01-2021 01:00","05-01-2021 01:15","76.2"
"586",598,"05-01-2021 01:15","05-01-2021 01:30","70.2"
"587",599,"05-01-2021 01:30","05-01-2021 01:45","70.6"
"588",600,"05-01-2021 01:45","05-01-2021 02:00","74.2"
"589",601,"05-01-2021 02:00","05-01-2021 02:15","80.5"
"590",602,"05-01-2021 02:15","05-01-2021 02:30","65.9"
"591",603,"05-01-2021 02:30","05-01-2021 02:45","54.3"
"592",604,"05-01-2021 02:45","05-01-2021 03:00","48.9"
"593",605,"05-01-2021 03:00","05-01-2021 03:15","45.4"
"594",606,"05-01-2021 03:15","05-01-2021 03:30","46.9"
"595",607,"05-01-2021 03:30","05-01-2021 03:45","44.7"
"596",608,"05-01-2021 03:45","05-01-2021 04:00","49.4"
"597",609,"05-01-2021 04:00","05-01-2021 04:15","50.6"
"598",610,"05-01-2021 04:15","05-01-2021 04:30","49.5"
"599",611,"05-01-2021 04:30","05-01-2021 04:45","51.1"
"600",612,"05-01-2021 04:45","05-01-2021 05:00","49.1"
"601",613,"05-01-2021 05:00","05-01-2021 05:15","49.8"
"602",614,"05-01-2021 05:15","05-01-2021 05:30","50.2"
"603",615,"05-01-2021 05:30","05-01-2021 05:45","56.6"
"604",616,"05-01-2021 05:45","05-01-2021 06:00","57.5"
"605",617,"05-01-2021 06:00","05-01-2021 06:15","58.4"
"606",618,"05-01-2021 06:15","05-01-2021 06:30","70.7"
"607",619,"05-01-2021 06:30","05-01-2021 06:45","64.4"
"608",620,"05-01-2021 06:45","05-01-2021 07:00","73.2"
"609",621,"05-01-2021 07:00","05-01-2021 07:15","73.1"
"610",622,"05-01-2021 07:15","05-01-2021 07:30","77.3"
"611",623,"05-01-2021 07:30","05-01-2021 07:45","87.9"
"612",624,"05-01-2021 07:45","05-01-2021 08:00","79.6"
"613",625,"05-01-2021 08:00","05-01-2021 08:15","83.9"
"614",626,"05-01-2021 08:15","05-01-2021 08:30","97.1"
"615",627,"05-01-2021 08:30","05-01-2021 08:45","102.6"
"616",628,"05-01-2021 08:45","05-01-2021 09:00","104.9"
"617",629,"05-01-2021 09:00","05-01-2021 09:15","104.7"
"618",630,"05-01-2021 09:15","05-01-2021 09:30","113.6"
"619",631,"05-01-2021 09:30","05-01-2021 09:45","None"
"620",632,"05-01-2021 09:45","05-01-2021 10:00","None"
"621",633,"05-01-2021 10:00","05-01-2021 10:15","None"
"622",634,"05-01-2021 10:15","05-01-2021 10:30","114"
"623",635,"05-01-2021 10:30","05-01-2021 10:45","124.5"
"624",636,"05-01-2021 10:45","05-01-2021 11:00","111.1"
"625",637,"05-01-2021 11:00","05-01-2021 11:15","89.3"
"626",638,"05-01-2021 11:15","05-01-2021 11:30","94.9"
"627",639,"05-01-2021 11:30","05-01-2021 11:45","None"
"628",640,"05-01-2021 11:45","05-01-2021 12:00","None"
"629",641,"05-01-2021 12:00","05-01-2021 12:15","None"
"630",642,"05-01-2021 12:15","05-01-2021 12:30","75.6"
"631",643,"05-01-2021 12:30","05-01-2021 12:45","82.4"
"632",644,"05-01-2021 12:45","05-01-2021 13:00","99.8"
"633",645,"05-01-2021 13:00","05-01-2021 13:15","105.4"
"634",646,"05-01-2021 13:15","05-01-2021 13:30","103"
"635",647,"05-01-2021 13:30","05-01-2021 13:45","106.3"
"636",648,"05-01-2021 13:45","05-01-2021 14:00","None"
"637",649,"05-01-2021 14:00","05-01-2021 14:15","87.3"
"638",650,"05-01-2021 14:15","05-01-2021 14:30","90.1"
"639",651,"05-01-2021 14:30","05-01-2021 14:45","92.9"
"640",652,"05-01-2021 14:45","05-01-2021 15:00","None"
"641",653,"05-01-2021 15:00","05-01-2021 15:15","106"
"642",654,"05-01-2021 15:15","05-01-2021 15:30","93.2"
"643",655,"05-01-2021 15:30","05-01-2021 15:45","97"
"644",656,"05-01-2021 15:45","05-01-2021 16:00","90"
"645",657,"05-01-2021 16:00","05-01-2021 16:15","111.6"
"646",658,"05-01-2021 16:15","05-01-2021 16:30","132.4"
"647",659,"05-01-2021 16:30","05-01-2021 16:45","85.6"
"648",660,"05-01-2021 16:45","05-01-2021 17:00","90.2"
"649",661,"05-01-2021 17:00","05-01-2021 17:15","111.4"
"650",662,"05-01-2021 17:15","05-01-2021 17:30","132.8"
"651",663,"05-01-2021 17:30","05-01-2021 17:45","164.2"
"652",664,"05-01-2021 17:45","05-01-2021 18:00","137.6"
"653",665,"05-01-2021 18:00","05-01-2021 18:15","154.5"
"654",666,"05-01-2021 18:15","05-01-2021 18:30","162.8"
"655",667,"05-01-2021 18:30","05-01-2021 18:45","160.6"
"656",668,"05-01-2021 18:45","05-01-2021 19:00","160.5"
"657",669,"05-01-2021 19:00","05-01-2021 19:15","165.5"
"658",670,"05-01-2021 19:15","05-01-2021 19:30","177.5"
"659",671,"05-01-2021 19:30","05-01-2021 19:45","174.7"
"660",672,"05-01-2021 19:45","05-01-2021 20:00","176.2"
"661",673,"05-01-2021 20:00","05-01-2021 20:15","172.2"
"662",674,"05-01-2021 20:15","05-01-2021 20:30","180.3"
"663",675,"05-01-2021 20:30","05-01-2021 20:45","178.2"
"664",676,"05-01-2021 20:45","05-01-2021 21:00","173.9"
"665",677,"05-01-2021 21:00","05-01-2021 21:15","177.8"
"666",678,"05-01-2021 21:15","05-01-2021 21:30","181.8"
"667",679,"05-01-2021 21:30","05-01-2021 21:45","None"
"668",680,"05-01-2021 21:45","05-01-2021 22:00","None"
"669",681,"05-01-2021 22:00","05-01-2021 22:15","None"
"670",682,"05-01-2021 22:15","05-01-2021 22:30","None"
"671",683,"05-01-2021 22:30","05-01-2021 22:45","None"
"672",684,"05-01-2021 22:45","05-01-2021 23:00","None"
"673",685,"05-01-2021 23:00","05-01-2021 23:15","None"
"674",686,"05-01-2021 23:15","05-01-2021 23:30","None"
"675",687,"05-01-2021 23:30","05-01-2021 23:45","None"
"676",688,"05-01-2021 23:45","06-01-2021 00:00","None"
"677",689,"06-01-2021 00:00","06-01-2021 00:15","None"
"678",690,"06-01-2021 00:15","06-01-2021 00:30","None"
"679",691,"06-01-2021 00:30","06-01-2021 00:45","None"
"680",692,"06-01-2021 00:45","06-01-2021 01:00","None"
"681",693,"06-01-2021 01:00","06-01-2021 01:15","None"
"682",694,"06-01-2021 01:15","06-01-2021 01:30","None"
"683",695,"06-01-2021 01:30","06-01-2021 01:45","None"
"684",696,"06-01-2021 01:45","06-01-2021 02:00","None"
"685",697,"06-01-2021 02:00","06-01-2021 02:15","None"
"686",698,"06-01-2021 02:15","06-01-2021 02:30","None"
"687",699,"06-01-2021 02:30","06-01-2021 02:45","None"
"688",700,"06-01-2021 02:45","06-01-2021 03:00","None"
"689",701,"06-01-2021 03:00","06-01-2021 03:15","None"
"690",702,"06-01-2021 03:15","06-01-2021 03:30","None"
"691",703,"06-01-2021 03:30","06-01-2021 03:45","None"
"692",704,"06-01-2021 03:45","06-01-2021 04:00","None"
"693",705,"06-01-2021 04:00","06-01-2021 04:15","None"
"694",706,"06-01-2021 04:15","06-01-2021 04:30","None"
"695",707,"06-01-2021 04:30","06-01-2021 04:45","None"
"696",708,"06-01-2021 04:45","06-01-2021 05:00","None"
"697",709,"06-01-2021 05:00","06-01-2021 05:15","None"
"698",710,"06-01-2021 05:15","06-01-2021 05:30","None"
"699",711,"06-01-2021 05:30","06-01-2021 05:45","None"
"700",712,"06-01-2021 05:45","06-01-2021 06:00","None"
"701",713,"06-01-2021 06:00","06-01-2021 06:15","None"
"702",714,"06-01-2021 06:15","06-01-2021 06:30","None"
"703",715,"06-01-2021 06:30","06-01-2021 06:45","None"
"704",716,"06-01-2021 06:45","06-01-2021 07:00","None"
"705",717,"06-01-2021 07:00","06-01-2021 07:15","None"
"706",718,"06-01-2021 07:15","06-01-2021 07:30","None"
"707",719,"06-01-2021 07:30","06-01-2021 07:45","None"
"708",720,"06-01-2021 07:45","06-01-2021 08:00","None"
"709",721,"06-01-2021 08:00","06-01-2021 08:15","None"
"710",722,"06-01-2021 08:15","06-01-2021 08:30","None"
"711",723,"06-01-2021 08:30","06-01-2021 08:45","None"
"712",724,"06-01-2021 08:45","06-01-2021 09:00","None"
"713",725,"06-01-2021 09:00","06-01-2021 09:15","None"
"714",726,"06-01-2021 09:15","06-01-2021 09:30","None"
"715",727,"06-01-2021 09:30","06-01-2021 09:45","None"
"716",728,"06-01-2021 09:45","06-01-2021 10:00","None"
"717",729,"06-01-2021 10:00","06-01-2021 10:15","None"
"718",730,"06-01-2021 10:15","06-01-2021 10:30","None"
"719",731,"06-01-2021 10:30","06-01-2021 10:45","None"
"720",732,"06-01-2021 10:45","06-01-2021 11:00","None"
"721",733,"06-01-2021 11:00","06-01-2021 11:15","None"
"722",734,"06-01-2021 11:15","06-01-2021 11:30","None"
"723",735,"06-01-2021 11:30","06-01-2021 11:45","None"
"724",736,"06-01-2021 11:45","06-01-2021 12:00","None"
"725",737,"06-01-2021 12:00","06-01-2021 12:15","None"
"726",738,"06-01-2021 12:15","06-01-2021 12:30","None"
"727",739,"06-01-2021 12:30","06-01-2021 12:45","None"
"728",740,"06-01-2021 12:45","06-01-2021 13:00","None"
"729",741,"06-01-2021 13:00","06-01-2021 13:15","None"
"730",742,"06-01-2021 13:15","06-01-2021 13:30","None"
"731",743,"06-01-2021 13:30","06-01-2021 13:45","None"
"732",744,"06-01-2021 13:45","06-01-2021 14:00","None"
"733",745,"06-01-2021 14:00","06-01-2021 14:15","None"
"734",746,"06-01-2021 14:15","06-01-2021 14:30","None"
"735",747,"06-01-2021 14:30","06-01-2021 14:45","None"
"736",748,"06-01-2021 14:45","06-01-2021 15:00","95.1"
"737",749,"06-01-2021 15:00","06-01-2021 15:15","None"
"738",750,"06-01-2021 15:15","06-01-2021 15:30","106.3"
"739",751,"06-01-2021 15:30","06-01-2021 15:45","90.2"
"740",752,"06-01-2021 15:45","06-01-2021 16:00","79.6"
"741",753,"06-01-2021 16:00","06-01-2021 16:15","95.2"
"742",754,"06-01-2021 16:15","06-01-2021 16:30","90.6"
"743",755,"06-01-2021 16:30","06-01-2021 16:45","87.6"
"744",756,"06-01-2021 16:45","06-01-2021 17:00","100.1"
"745",757,"06-01-2021 17:00","06-01-2021 17:15","106.9"
"746",758,"06-01-2021 17:15","06-01-2021 17:30","102.2"
"747",759,"06-01-2021 17:30","06-01-2021 17:45","95.8"
"748",760,"06-01-2021 17:45","06-01-2021 18:00","96.5"
"749",761,"06-01-2021 18:00","06-01-2021 18:15","98.9"
"750",762,"06-01-2021 18:15","06-01-2021 18:30","99.1"
"751",763,"06-01-2021 18:30","06-01-2021 18:45","99.9"
"752",764,"06-01-2021 18:45","06-01-2021 19:00","111.4"
"753",765,"06-01-2021 19:00","06-01-2021 19:15","104"
"754",766,"06-01-2021 19:15","06-01-2021 19:30","112.6"
"755",767,"06-01-2021 19:30","06-01-2021 19:45","123.5"
"756",768,"06-01-2021 19:45","06-01-2021 20:00","110.5"
"757",769,"06-01-2021 20:00","06-01-2021 20:15","100.7"
"758",770,"06-01-2021 20:15","06-01-2021 20:30","87.3"
"759",771,"06-01-2021 20:30","06-01-2021 20:45","92.4"
"760",772,"06-01-2021 20:45","06-01-2021 21:00","96.3"
"761",773,"06-01-2021 21:00","06-01-2021 21:15","109.1"
"762",774,"06-01-2021 21:15","06-01-2021 21:30","112"
"763",775,"06-01-2021 21:30","06-01-2021 21:45","118.8"
"764",776,"06-01-2021 21:45","06-01-2021 22:00","105"
"765",777,"06-01-2021 22:00","06-01-2021 22:15","114.5"
"766",778,"06-01-2021 22:15","06-01-2021 22:30","115"
"767",779,"06-01-2021 22:30","06-01-2021 22:45","114"
"768",780,"06-01-2021 22:45","06-01-2021 23:00","105.4"
"769",781,"06-01-2021 23:00","06-01-2021 23:15","109.1"
"770",782,"06-01-2021 23:15","06-01-2021 23:30","99.3"
"771",783,"06-01-2021 23:30","06-01-2021 23:45","None"
"772",784,"06-01-2021 23:45","07-01-2021 00:00","102.2"
"773",785,"07-01-2021 00:00","07-01-2021 00:15","None"
"774",786,"07-01-2021 00:15","07-01-2021 00:30","98.4"
"775",787,"07-01-2021 00:30","07-01-2021 00:45","97.8"
"776",788,"07-01-2021 00:45","07-01-2021 01:00","99.1"
"777",789,"07-01-2021 01:00","07-01-2021 01:15","None"
"778",790,"07-01-2021 01:15","07-01-2021 01:30","90.1"
"779",791,"07-01-2021 01:30","07-01-2021 01:45","90.4"
"780",792,"07-01-2021 01:45","07-01-2021 02:00","89.3"
"781",793,"07-01-2021 02:00","07-01-2021 02:15","84.4"
"782",794,"07-01-2021 02:15","07-01-2021 02:30","72.1"
"783",795,"07-01-2021 02:30","07-01-2021 02:45","58.5"
"784",796,"07-01-2021 02:45","07-01-2021 03:00","51.3"
"785",797,"07-01-2021 03:00","07-01-2021 03:15","47"
"786",798,"07-01-2021 03:15","07-01-2021 03:30","49.7"
"787",799,"07-01-2021 03:30","07-01-2021 03:45","47.1"
"788",800,"07-01-2021 03:45","07-01-2021 04:00","49.6"
"789",801,"07-01-2021 04:00","07-01-2021 04:15","46"
"790",802,"07-01-2021 04:15","07-01-2021 04:30","43.5"
"791",803,"07-01-2021 04:30","07-01-2021 04:45","42.7"
"792",804,"07-01-2021 04:45","07-01-2021 05:00","41.3"
"793",805,"07-01-2021 05:00","07-01-2021 05:15","40.2"
"794",806,"07-01-2021 05:15","07-01-2021 05:30","39"
"795",807,"07-01-2021 05:30","07-01-2021 05:45","38.6"
"796",808,"07-01-2021 05:45","07-01-2021 06:00","43.1"
"797",809,"07-01-2021 06:00","07-01-2021 06:15","41"
"798",810,"07-01-2021 06:15","07-01-2021 06:30","44.9"
"799",811,"07-01-2021 06:30","07-01-2021 06:45","46.8"
"800",812,"07-01-2021 06:45","07-01-2021 07:00","46.4"
"801",813,"07-01-2021 07:00","07-01-2021 07:15","43"
"802",814,"07-01-2021 07:15","07-01-2021 07:30","52.1"
"803",815,"07-01-2021 07:30","07-01-2021 07:45","48.3"
"804",816,"07-01-2021 07:45","07-01-2021 08:00","55.3"
"805",817,"07-01-2021 08:00","07-01-2021 08:15","53.6"
"806",818,"07-01-2021 08:15","07-01-2021 08:30","51.7"
"807",819,"07-01-2021 08:30","07-01-2021 08:45","47.1"
"808",820,"07-01-2021 08:45","07-01-2021 09:00","50.1"
"809",821,"07-01-2021 09:00","07-01-2021 09:15","None"
"810",822,"07-01-2021 09:15","07-01-2021 09:30","47.2"
"811",823,"07-01-2021 09:30","07-01-2021 09:45","None"
"812",824,"07-01-2021 09:45","07-01-2021 10:00","None"
"813",825,"07-01-2021 10:00","07-01-2021 10:15","None"
"814",826,"07-01-2021 10:15","07-01-2021 10:30","41.3"
"815",827,"07-01-2021 10:30","07-01-2021 10:45","45.3"
"816",828,"07-01-2021 10:45","07-01-2021 11:00","47.9"
"817",829,"07-01-2021 11:00","07-01-2021 11:15","46"
"818",830,"07-01-2021 11:15","07-01-2021 11:30","44.5"
"819",831,"07-01-2021 11:30","07-01-2021 11:45","None"
"820",832,"07-01-2021 11:45","07-01-2021 12:00","None"
"821",833,"07-01-2021 12:00","07-01-2021 12:15","None"
"822",834,"07-01-2021 12:15","07-01-2021 12:30","52.8"
"823",835,"07-01-2021 12:30","07-01-2021 12:45","None"
"824",836,"07-01-2021 12:45","07-01-2021 13:00","47.2"
"825",837,"07-01-2021 13:00","07-01-2021 13:15","54.6"
"826",838,"07-01-2021 13:15","07-01-2021 13:30","56.4"
"827",839,"07-01-2021 13:30","07-01-2021 13:45","52.6"
"828",840,"07-01-2021 13:45","07-01-2021 14:00","53.3"
"829",841,"07-01-2021 14:00","07-01-2021 14:15","63"
"830",842,"07-01-2021 14:15","07-01-2021 14:30","60.8"
"831",843,"07-01-2021 14:30","07-01-2021 14:45","64.7"
"832",844,"07-01-2021 14:45","07-01-2021 15:00","65.1"
"833",845,"07-01-2021 15:00","07-01-2021 15:15","81.2"
"834",846,"07-01-2021 15:15","07-01-2021 15:30","65.9"
"835",847,"07-01-2021 15:30","07-01-2021 15:45","None"
"836",848,"07-01-2021 15:45","07-01-2021 16:00","68.7"
"837",849,"07-01-2021 16:00","07-01-2021 16:15","58.1"
"838",850,"07-01-2021 16:15","07-01-2021 16:30","63.8"
"839",851,"07-01-2021 16:30","07-01-2021 16:45","68.2"
"840",852,"07-01-2021 16:45","07-01-2021 17:00","66.6"
"841",853,"07-01-2021 17:00","07-01-2021 17:15","72.3"
"842",854,"07-01-2021 17:15","07-01-2021 17:30","82.9"
"843",855,"07-01-2021 17:30","07-01-2021 17:45","107.5"
"844",856,"07-01-2021 17:45","07-01-2021 18:00","113.9"
"845",857,"07-01-2021 18:00","07-01-2021 18:15","91.8"
"846",858,"07-01-2021 18:15","07-01-2021 18:30","103"
"847",859,"07-01-2021 18:30","07-01-2021 18:45","112.2"
"848",860,"07-01-2021 18:45","07-01-2021 19:00","108.2"
"849",861,"07-01-2021 19:00","07-01-2021 19:15","105.9"
"850",862,"07-01-2021 19:15","07-01-2021 19:30","97.3"
"851",863,"07-01-2021 19:30","07-01-2021 19:45","106.1"
"852",864,"07-01-2021 19:45","07-01-2021 20:00","109.1"
"853",865,"07-01-2021 20:00","07-01-2021 20:15","101.6"
"854",866,"07-01-2021 20:15","07-01-2021 20:30","100.7"
"855",867,"07-01-2021 20:30","07-01-2021 20:45","101.7"
"856",868,"07-01-2021 20:45","07-01-2021 21:00","100.2"
"857",869,"07-01-2021 21:00","07-01-2021 21:15","101.4"
"858",870,"07-01-2021 21:15","07-01-2021 21:30","95"
"859",871,"07-01-2021 21:30","07-01-2021 21:45","80.4"
"860",872,"07-01-2021 21:45","07-01-2021 22:00","66.7"
"861",873,"07-01-2021 22:00","07-01-2021 22:15","67.2"
"862",874,"07-01-2021 22:15","07-01-2021 22:30","63.6"
"863",875,"07-01-2021 22:30","07-01-2021 22:45","56.3"
"864",876,"07-01-2021 22:45","07-01-2021 23:00","56.6"
"865",877,"07-01-2021 23:00","07-01-2021 23:15","50.1"
"866",878,"07-01-2021 23:15","07-01-2021 23:30","49.8"
"867",879,"07-01-2021 23:30","07-01-2021 23:45","None"
"868",880,"07-01-2021 23:45","08-01-2021 00:00","43"
"869",881,"08-01-2021 00:00","08-01-2021 00:15","40.6"
"870",882,"08-01-2021 00:15","08-01-2021 00:30","39.9"
"871",883,"08-01-2021 00:30","08-01-2021 00:45","37.2"
"872",884,"08-01-2021 00:45","08-01-2021 01:00","34.5"
"873",885,"08-01-2021 01:00","08-01-2021 01:15","35.1"
"874",886,"08-01-2021 01:15","08-01-2021 01:30","42.1"
"875",887,"08-01-2021 01:30","08-01-2021 01:45","39.4"
"876",888,"08-01-2021 01:45","08-01-2021 02:00","38.3"
"877",889,"08-01-2021 02:00","08-01-2021 02:15","34.5"
"878",890,"08-01-2021 02:15","08-01-2021 02:30","36.9"
"879",891,"08-01-2021 02:30","08-01-2021 02:45","32.3"
"880",892,"08-01-2021 02:45","08-01-2021 03:00","34.3"
"881",893,"08-01-2021 03:00","08-01-2021 03:15","29.4"
"882",894,"08-01-2021 03:15","08-01-2021 03:30","32.3"
"883",895,"08-01-2021 03:30","08-01-2021 03:45","31.7"
"884",896,"08-01-2021 03:45","08-01-2021 04:00","None"
"885",897,"08-01-2021 04:00","08-01-2021 04:15","31"
"886",898,"08-01-2021 04:15","08-01-2021 04:30","31.5"
"887",899,"08-01-2021 04:30","08-01-2021 04:45","29.6"
"888",900,"08-01-2021 04:45","08-01-2021 05:00","30.2"
"889",901,"08-01-2021 05:00","08-01-2021 05:15","26.8"
"890",902,"08-01-2021 05:15","08-01-2021 05:30","29.2"
"891",903,"08-01-2021 05:30","08-01-2021 05:45","30.3"
"892",904,"08-01-2021 05:45","08-01-2021 06:00","27.4"
"893",905,"08-01-2021 06:00","08-01-2021 06:15","30"
"894",906,"08-01-2021 06:15","08-01-2021 06:30","32"
"895",907,"08-01-2021 06:30","08-01-2021 06:45","35.8"
"896",908,"08-01-2021 06:45","08-01-2021 07:00","46.5"
"897",909,"08-01-2021 07:00","08-01-2021 07:15","48.7"
"898",910,"08-01-2021 07:15","08-01-2021 07:30","52.2"
"899",911,"08-01-2021 07:30","08-01-2021 07:45","53.7"
"900",912,"08-01-2021 07:45","08-01-2021 08:00","57.3"
"901",913,"08-01-2021 08:00","08-01-2021 08:15","58.7"
"902",914,"08-01-2021 08:15","08-01-2021 08:30","65.6"
"903",915,"08-01-2021 08:30","08-01-2021 08:45","63.5"
"904",916,"08-01-2021 08:45","08-01-2021 09:00","63.4"
"905",917,"08-01-2021 09:00","08-01-2021 09:15","52.5"
"906",918,"08-01-2021 09:15","08-01-2021 09:30","63.5"
"907",919,"08-01-2021 09:30","08-01-2021 09:45","None"
"908",920,"08-01-2021 09:45","08-01-2021 10:00","None"
"909",921,"08-01-2021 10:00","08-01-2021 10:15","None"
"910",922,"08-01-2021 10:15","08-01-2021 10:30","65.1"
"911",923,"08-01-2021 10:30","08-01-2021 10:45","60.2"
"912",924,"08-01-2021 10:45","08-01-2021 11:00","66.5"
"913",925,"08-01-2021 11:00","08-01-2021 11:15","65.7"
"914",926,"08-01-2021 11:15","08-01-2021 11:30","69.9"
"915",927,"08-01-2021 11:30","08-01-2021 11:45","None"
"916",928,"08-01-2021 11:45","08-01-2021 12:00","None"
"917",929,"08-01-2021 12:00","08-01-2021 12:15","None"
"918",930,"08-01-2021 12:15","08-01-2021 12:30","91.9"
"919",931,"08-01-2021 12:30","08-01-2021 12:45","76.6"
"920",932,"08-01-2021 12:45","08-01-2021 13:00","69.6"
"921",933,"08-01-2021 13:00","08-01-2021 13:15","74.3"
"922",934,"08-01-2021 13:15","08-01-2021 13:30","63.1"
"923",935,"08-01-2021 13:30","08-01-2021 13:45","59.7"
"924",936,"08-01-2021 13:45","08-01-2021 14:00","52.6"
"925",937,"08-01-2021 14:00","08-01-2021 14:15","53"
"926",938,"08-01-2021 14:15","08-01-2021 14:30","55"
"927",939,"08-01-2021 14:30","08-01-2021 14:45","52"
"928",940,"08-01-2021 14:45","08-01-2021 15:00","51.5"
"929",941,"08-01-2021 15:00","08-01-2021 15:15","55.8"
"930",942,"08-01-2021 15:15","08-01-2021 15:30","54.2"
"931",943,"08-01-2021 15:30","08-01-2021 15:45","48.9"
"932",944,"08-01-2021 15:45","08-01-2021 16:00","53.8"
"933",945,"08-01-2021 16:00","08-01-2021 16:15","54.3"
"934",946,"08-01-2021 16:15","08-01-2021 16:30","62.3"
"935",947,"08-01-2021 16:30","08-01-2021 16:45","62.8"
"936",948,"08-01-2021 16:45","08-01-2021 17:00","57.5"
"937",949,"08-01-2021 17:00","08-01-2021 17:15","64.3"
"938",950,"08-01-2021 17:15","08-01-2021 17:30","66.6"
"939",951,"08-01-2021 17:30","08-01-2021 17:45","69.7"
"940",952,"08-01-2021 17:45","08-01-2021 18:00","79.4"
"941",953,"08-01-2021 18:00","08-01-2021 18:15","82.4"
"942",954,"08-01-2021 18:15","08-01-2021 18:30","75.8"
"943",955,"08-01-2021 18:30","08-01-2021 18:45","76.7"
"944",956,"08-01-2021 18:45","08-01-2021 19:00","75.9"
"945",957,"08-01-2021 19:00","08-01-2021 19:15","76.6"
"946",958,"08-01-2021 19:15","08-01-2021 19:30","85.3"
"947",959,"08-01-2021 19:30","08-01-2021 19:45","79"
"948",960,"08-01-2021 19:45","08-01-2021 20:00","78"
"949",961,"08-01-2021 20:00","08-01-2021 20:15","79.4"
"950",962,"08-01-2021 20:15","08-01-2021 20:30","75.7"
"951",963,"08-01-2021 20:30","08-01-2021 20:45","68.3"
"952",964,"08-01-2021 20:45","08-01-2021 21:00","68.5"
"953",965,"08-01-2021 21:00","08-01-2021 21:15","69.2"
"954",966,"08-01-2021 21:15","08-01-2021 21:30","74.5"
"955",967,"08-01-2021 21:30","08-01-2021 21:45","77"
"956",968,"08-01-2021 21:45","08-01-2021 22:00","83.7"
"957",969,"08-01-2021 22:00","08-01-2021 22:15","88.3"
"958",970,"08-01-2021 22:15","08-01-2021 22:30","82.8"
"959",971,"08-01-2021 22:30","08-01-2021 22:45","88.3"
"960",972,"08-01-2021 22:45","08-01-2021 23:00","84.1"
"961",973,"08-01-2021 23:00","08-01-2021 23:15","75.4"
"962",974,"08-01-2021 23:15","08-01-2021 23:30","62.9"
"963",975,"08-01-2021 23:30","08-01-2021 23:45","None"
"964",976,"08-01-2021 23:45","09-01-2021 00:00","None"
"965",977,"09-01-2021 00:00","09-01-2021 00:15","50.7"
"966",978,"09-01-2021 00:15","09-01-2021 00:30","51.1"
"967",979,"09-01-2021 00:30","09-01-2021 00:45","50.3"
"968",980,"09-01-2021 00:45","09-01-2021 01:00","46.7"
"969",981,"09-01-2021 01:00","09-01-2021 01:15","43"
"970",982,"09-01-2021 01:15","09-01-2021 01:30","40.6"
"971",983,"09-01-2021 01:30","09-01-2021 01:45","41.9"
"972",984,"09-01-2021 01:45","09-01-2021 02:00","41.4"
"973",985,"09-01-2021 02:00","09-01-2021 02:15","44.6"
"974",986,"09-01-2021 02:15","09-01-2021 02:30","39.5"
"975",987,"09-01-2021 02:30","09-01-2021 02:45","45.6"
"976",988,"09-01-2021 02:45","09-01-2021 03:00","42.5"
"977",989,"09-01-2021 03:00","09-01-2021 03:15","41.3"
"978",990,"09-01-2021 03:15","09-01-2021 03:30","39.3"
"979",991,"09-01-2021 03:30","09-01-2021 03:45","38.2"
"980",992,"09-01-2021 03:45","09-01-2021 04:00","37.9"
"981",993,"09-01-2021 04:00","09-01-2021 04:15","41.7"
"982",994,"09-01-2021 04:15","09-01-2021 04:30","40.6"
"983",995,"09-01-2021 04:30","09-01-2021 04:45","35.4"
"984",996,"09-01-2021 04:45","09-01-2021 05:00","36.5"
"985",997,"09-01-2021 05:00","09-01-2021 05:15","38.9"
"986",998,"09-01-2021 05:15","09-01-2021 05:30","38.3"
"987",999,"09-01-2021 05:30","09-01-2021 05:45","38.2"
"988",1000,"09-01-2021 05:45","09-01-2021 06:00","35.9"
"989",1001,"09-01-2021 06:00","09-01-2021 06:15","37.8"
"990",1002,"09-01-2021 06:15","09-01-2021 06:30","36.5"
"991",1003,"09-01-2021 06:30","09-01-2021 06:45","37.6"
"992",1004,"09-01-2021 06:45","09-01-2021 07:00","36.4"
"993",1005,"09-01-2021 07:00","09-01-2021 07:15","39.9"
"994",1006,"09-01-2021 07:15","09-01-2021 07:30","42.2"
"995",1007,"09-01-2021 07:30","09-01-2021 07:45","48.5"
"996",1008,"09-01-2021 07:45","09-01-2021 08:00","53.6"
"997",1009,"09-01-2021 08:00","09-01-2021 08:15","51.9"
"998",1010,"09-01-2021 08:15","09-01-2021 08:30","47.3"
"999",1011,"09-01-2021 08:30","09-01-2021 08:45","54.7"
"1000",1012,"09-01-2021 08:45","09-01-2021 09:00","53.6"
"1001",1013,"09-01-2021 09:00","09-01-2021 09:15","55.6"
"1002",1014,"09-01-2021 09:15","09-01-2021 09:30","61.3"
"1003",1015,"09-01-2021 09:30","09-01-2021 09:45","None"
"1004",1016,"09-01-2021 09:45","09-01-2021 10:00","None"
"1005",1017,"09-01-2021 10:00","09-01-2021 10:15","None"
"1006",1018,"09-01-2021 10:15","09-01-2021 10:30","54.9"
"1007",1019,"09-01-2021 10:30","09-01-2021 10:45","57.8"
"1008",1020,"09-01-2021 10:45","09-01-2021 11:00","64.7"
"1009",1021,"09-01-2021 11:00","09-01-2021 11:15","68.1"
"1010",1022,"09-01-2021 11:15","09-01-2021 11:30","72.5"
"1011",1023,"09-01-2021 11:30","09-01-2021 11:45","None"
"1012",1024,"09-01-2021 11:45","09-01-2021 12:00","None"
"1013",1025,"09-01-2021 12:00","09-01-2021 12:15","None"
"1014",1026,"09-01-2021 12:15","09-01-2021 12:30","87.6"
"1015",1027,"09-01-2021 12:30","09-01-2021 12:45","95.1"
"1016",1028,"09-01-2021 12:45","09-01-2021 13:00","83.3"
"1017",1029,"09-01-2021 13:00","09-01-2021 13:15","85"
"1018",1030,"09-01-2021 13:15","09-01-2021 13:30","84.8"
"1019",1031,"09-01-2021 13:30","09-01-2021 13:45","69.3"
"1020",1032,"09-01-2021 13:45","09-01-2021 14:00","64.6"
"1021",1033,"09-01-2021 14:00","09-01-2021 14:15","64.7"
"1022",1034,"09-01-2021 14:15","09-01-2021 14:30","64.8"
"1023",1035,"09-01-2021 14:30","09-01-2021 14:45","67"
"1024",1036,"09-01-2021 14:45","09-01-2021 15:00","63.6"
"1025",1037,"09-01-2021 15:00","09-01-2021 15:15","63.1"
"1026",1038,"09-01-2021 15:15","09-01-2021 15:30","58.1"
"1027",1039,"09-01-2021 15:30","09-01-2021 15:45","61"
"1028",1040,"09-01-2021 15:45","09-01-2021 16:00","63.4"
"1029",1041,"09-01-2021 16:00","09-01-2021 16:15","69.7"
"1030",1042,"09-01-2021 16:15","09-01-2021 16:30","64.9"
"1031",1043,"09-01-2021 16:30","09-01-2021 16:45","78.5"
"1032",1044,"09-01-2021 16:45","09-01-2021 17:00","74.8"
"1033",1045,"09-01-2021 17:00","09-01-2021 17:15","104"
"1034",1046,"09-01-2021 17:15","09-01-2021 17:30","109.5"
"1035",1047,"09-01-2021 17:30","09-01-2021 17:45","113.3"
"1036",1048,"09-01-2021 17:45","09-01-2021 18:00","116.9"
"1037",1049,"09-01-2021 18:00","09-01-2021 18:15","125.1"
"1038",1050,"09-01-2021 18:15","09-01-2021 18:30","128"
"1039",1051,"09-01-2021 18:30","09-01-2021 18:45","135.6"
"1040",1052,"09-01-2021 18:45","09-01-2021 19:00","146.9"
"1041",1053,"09-01-2021 19:00","09-01-2021 19:15","143.1"
"1042",1054,"09-01-2021 19:15","09-01-2021 19:30","125.1"
"1043",1055,"09-01-2021 19:30","09-01-2021 19:45","118.1"
"1044",1056,"09-01-2021 19:45","09-01-2021 20:00","112.8"
"1045",1057,"09-01-2021 20:00","09-01-2021 20:15","112.6"
"1046",1058,"09-01-2021 20:15","09-01-2021 20:30","119.1"
"1047",1059,"09-01-2021 20:30","09-01-2021 20:45","119.5"
"1048",1060,"09-01-2021 20:45","09-01-2021 21:00","120.4"
"1049",1061,"09-01-2021 21:00","09-01-2021 21:15","118.8"
"1050",1062,"09-01-2021 21:15","09-01-2021 21:30","118"
"1051",1063,"09-01-2021 21:30","09-01-2021 21:45","113.5"
"1052",1064,"09-01-2021 21:45","09-01-2021 22:00","117.3"
"1053",1065,"09-01-2021 22:00","09-01-2021 22:15","119.6"
"1054",1066,"09-01-2021 22:15","09-01-2021 22:30","108.7"
"1055",1067,"09-01-2021 22:30","09-01-2021 22:45","98.5"
"1056",1068,"09-01-2021 22:45","09-01-2021 23:00","93.1"
"1057",1069,"09-01-2021 23:00","09-01-2021 23:15","93.3"
"1058",1070,"09-01-2021 23:15","09-01-2021 23:30","97.8"
"1059",1071,"09-01-2021 23:30","09-01-2021 23:45","None"
"1060",1072,"09-01-2021 23:45","10-01-2021 00:00","77.5"
"1061",1073,"10-01-2021 00:00","10-01-2021 00:15","64.8"
"1062",1074,"10-01-2021 00:15","10-01-2021 00:30","62"
"1063",1075,"10-01-2021 00:30","10-01-2021 00:45","58.3"
"1064",1076,"10-01-2021 00:45","10-01-2021 01:00","51.8"
"1065",1077,"10-01-2021 01:00","10-01-2021 01:15","49.4"
"1066",1078,"10-01-2021 01:15","10-01-2021 01:30","45.4"
"1067",1079,"10-01-2021 01:30","10-01-2021 01:45","None"
"1068",1080,"10-01-2021 01:45","10-01-2021 02:00","42.4"
"1069",1081,"10-01-2021 02:00","10-01-2021 02:15","44.8"
"1070",1082,"10-01-2021 02:15","10-01-2021 02:30","41.5"
"1071",1083,"10-01-2021 02:30","10-01-2021 02:45","40.4"
"1072",1084,"10-01-2021 02:45","10-01-2021 03:00","40.7"
"1073",1085,"10-01-2021 03:00","10-01-2021 03:15","46.6"
"1074",1086,"10-01-2021 03:15","10-01-2021 03:30","54.4"
"1075",1087,"10-01-2021 03:30","10-01-2021 03:45","48"
"1076",1088,"10-01-2021 03:45","10-01-2021 04:00","46.7"
"1077",1089,"10-01-2021 04:00","10-01-2021 04:15","52.7"
"1078",1090,"10-01-2021 04:15","10-01-2021 04:30","43.4"
"1079",1091,"10-01-2021 04:30","10-01-2021 04:45","44.4"
"1080",1092,"10-01-2021 04:45","10-01-2021 05:00","42.7"
"1081",1093,"10-01-2021 05:00","10-01-2021 05:15","42.7"
"1082",1094,"10-01-2021 05:15","10-01-2021 05:30","46.2"
"1083",1095,"10-01-2021 05:30","10-01-2021 05:45","52.8"
"1084",1096,"10-01-2021 05:45","10-01-2021 06:00","43.8"
"1085",1097,"10-01-2021 06:00","10-01-2021 06:15","44.1"
"1086",1098,"10-01-2021 06:15","10-01-2021 06:30","43.6"
"1087",1099,"10-01-2021 06:30","10-01-2021 06:45","49.4"
"1088",1100,"10-01-2021 06:45","10-01-2021 07:00","47.4"
"1089",1101,"10-01-2021 07:00","10-01-2021 07:15","53.8"
"1090",1102,"10-01-2021 07:15","10-01-2021 07:30","48.8"
"1091",1103,"10-01-2021 07:30","10-01-2021 07:45","46.8"
"1092",1104,"10-01-2021 07:45","10-01-2021 08:00","42.6"
"1093",1105,"10-01-2021 08:00","10-01-2021 08:15","42"
"1094",1106,"10-01-2021 08:15","10-01-2021 08:30","44.8"
"1095",1107,"10-01-2021 08:30","10-01-2021 08:45","47.2"
"1096",1108,"10-01-2021 08:45","10-01-2021 09:00","48.6"
"1097",1109,"10-01-2021 09:00","10-01-2021 09:15","47.8"
"1098",1110,"10-01-2021 09:15","10-01-2021 09:30","48"
"1099",1111,"10-01-2021 09:30","10-01-2021 09:45","None"
"1100",1112,"10-01-2021 09:45","10-01-2021 10:00","None"
"1101",1113,"10-01-2021 10:00","10-01-2021 10:15","None"
"1102",1114,"10-01-2021 10:15","10-01-2021 10:30","41.6"
"1103",1115,"10-01-2021 10:30","10-01-2021 10:45","36"
"1104",1116,"10-01-2021 10:45","10-01-2021 11:00","38.1"
"1105",1117,"10-01-2021 11:00","10-01-2021 11:15","39.6"
"1106",1118,"10-01-2021 11:15","10-01-2021 11:30","37.3"
"1107",1119,"10-01-2021 11:30","10-01-2021 11:45","None"
"1108",1120,"10-01-2021 11:45","10-01-2021 12:00","None"
"1109",1121,"10-01-2021 12:00","10-01-2021 12:15","None"
"1110",1122,"10-01-2021 12:15","10-01-2021 12:30","44.5"
"1111",1123,"10-01-2021 12:30","10-01-2021 12:45","45"
"1112",1124,"10-01-2021 12:45","10-01-2021 13:00","42.1"
"1113",1125,"10-01-2021 13:00","10-01-2021 13:15","40.3"
"1114",1126,"10-01-2021 13:15","10-01-2021 13:30","46.6"
"1115",1127,"10-01-2021 13:30","10-01-2021 13:45","42.5"
"1116",1128,"10-01-2021 13:45","10-01-2021 14:00","37.5"
"1117",1129,"10-01-2021 14:00","10-01-2021 14:15","41.4"
"1118",1130,"10-01-2021 14:15","10-01-2021 14:30","42.7"
"1119",1131,"10-01-2021 14:30","10-01-2021 14:45","44.4"
"1120",1132,"10-01-2021 14:45","10-01-2021 15:00","44.2"
"1121",1133,"10-01-2021 15:00","10-01-2021 15:15","42.2"
"1122",1134,"10-01-2021 15:15","10-01-2021 15:30","47.3"
"1123",1135,"10-01-2021 15:30","10-01-2021 15:45","44.6"
"1124",1136,"10-01-2021 15:45","10-01-2021 16:00","43.7"
"1125",1137,"10-01-2021 16:00","10-01-2021 16:15","44.1"
"1126",1138,"10-01-2021 16:15","10-01-2021 16:30","43"
"1127",1139,"10-01-2021 16:30","10-01-2021 16:45","50.2"
"1128",1140,"10-01-2021 16:45","10-01-2021 17:00","47.4"
"1129",1141,"10-01-2021 17:00","10-01-2021 17:15","44.6"
"1130",1142,"10-01-2021 17:15","10-01-2021 17:30","50.1"
"1131",1143,"10-01-2021 17:30","10-01-2021 17:45","52.9"
"1132",1144,"10-01-2021 17:45","10-01-2021 18:00","67.2"
"1133",1145,"10-01-2021 18:00","10-01-2021 18:15","64.2"
"1134",1146,"10-01-2021 18:15","10-01-2021 18:30","68"
"1135",1147,"10-01-2021 18:30","10-01-2021 18:45","75.6"
"1136",1148,"10-01-2021 18:45","10-01-2021 19:00","76.4"
"1137",1149,"10-01-2021 19:00","10-01-2021 19:15","75.7"
"1138",1150,"10-01-2021 19:15","10-01-2021 19:30","74.9"
"1139",1151,"10-01-2021 19:30","10-01-2021 19:45","67.7"
"1140",1152,"10-01-2021 19:45","10-01-2021 20:00","68"
"1141",1153,"10-01-2021 20:00","10-01-2021 20:15","59.2"
"1142",1154,"10-01-2021 20:15","10-01-2021 20:30","55.6"
"1143",1155,"10-01-2021 20:30","10-01-2021 20:45","55.7"
"1144",1156,"10-01-2021 20:45","10-01-2021 21:00","57.1"
"1145",1157,"10-01-2021 21:00","10-01-2021 21:15","57.5"
"1146",1158,"10-01-2021 21:15","10-01-2021 21:30","65.8"
"1147",1159,"10-01-2021 21:30","10-01-2021 21:45","61.7"
"1148",1160,"10-01-2021 21:45","10-01-2021 22:00","56.2"
"1149",1161,"10-01-2021 22:00","10-01-2021 22:15","50.7"
"1150",1162,"10-01-2021 22:15","10-01-2021 22:30","47.4"
"1151",1163,"10-01-2021 22:30","10-01-2021 22:45","41.3"
"1152",1164,"10-01-2021 22:45","10-01-2021 23:00","39.3"
"1153",1165,"10-01-2021 23:00","10-01-2021 23:15","37.8"
"1154",1166,"10-01-2021 23:15","10-01-2021 23:30","37.3"
"1155",1167,"10-01-2021 23:30","10-01-2021 23:45","None"
"1156",1168,"10-01-2021 23:45","11-01-2021 00:00","None"
"1157",1169,"11-01-2021 00:00","11-01-2021 00:15","33.5"
"1158",1170,"11-01-2021 00:15","11-01-2021 00:30","32.1"
"1159",1171,"11-01-2021 00:30","11-01-2021 00:45","33.6"
"1160",1172,"11-01-2021 00:45","11-01-2021 01:00","30.3"
"1161",1173,"11-01-2021 01:00","11-01-2021 01:15","33.8"
"1162",1174,"11-01-2021 01:15","11-01-2021 01:30","33.4"
"1163",1175,"11-01-2021 01:30","11-01-2021 01:45","34.8"
"1164",1176,"11-01-2021 01:45","11-01-2021 02:00","33.8"
"1165",1177,"11-01-2021 02:00","11-01-2021 02:15","34.8"
"1166",1178,"11-01-2021 02:15","11-01-2021 02:30","37.7"
"1167",1179,"11-01-2021 02:30","11-01-2021 02:45","35"
"1168",1180,"11-01-2021 02:45","11-01-2021 03:00","None"
"1169",1181,"11-01-2021 03:00","11-01-2021 03:15","30.5"
"1170",1182,"11-01-2021 03:15","11-01-2021 03:30","30.3"
"1171",1183,"11-01-2021 03:30","11-01-2021 03:45","32.6"
"1172",1184,"11-01-2021 03:45","11-01-2021 04:00","32.3"
"1173",1185,"11-01-2021 04:00","11-01-2021 04:15","33.7"
"1174",1186,"11-01-2021 04:15","11-01-2021 04:30","32.2"
"1175",1187,"11-01-2021 04:30","11-01-2021 04:45","28.3"
"1176",1188,"11-01-2021 04:45","11-01-2021 05:00","30.5"
"1177",1189,"11-01-2021 05:00","11-01-2021 05:15","30.9"
"1178",1190,"11-01-2021 05:15","11-01-2021 05:30","30.6"
"1179",1191,"11-01-2021 05:30","11-01-2021 05:45","29.7"
"1180",1192,"11-01-2021 05:45","11-01-2021 06:00","33.1"
"1181",1193,"11-01-2021 06:00","11-01-2021 06:15","36.4"
"1182",1194,"11-01-2021 06:15","11-01-2021 06:30","29.9"
"1183",1195,"11-01-2021 06:30","11-01-2021 06:45","33.7"
"1184",1196,"11-01-2021 06:45","11-01-2021 07:00","35.6"
"1185",1197,"11-01-2021 07:00","11-01-2021 07:15","34"
"1186",1198,"11-01-2021 07:15","11-01-2021 07:30","39.5"
"1187",1199,"11-01-2021 07:30","11-01-2021 07:45","39.7"
"1188",1200,"11-01-2021 07:45","11-01-2021 08:00","38.4"
"1189",1201,"11-01-2021 08:00","11-01-2021 08:15","42"
"1190",1202,"11-01-2021 08:15","11-01-2021 08:30","45.8"
"1191",1203,"11-01-2021 08:30","11-01-2021 08:45","48"
"1192",1204,"11-01-2021 08:45","11-01-2021 09:00","40.2"
"1193",1205,"11-01-2021 09:00","11-01-2021 09:15","44.2"
"1194",1206,"11-01-2021 09:15","11-01-2021 09:30","44.1"
"1195",1207,"11-01-2021 09:30","11-01-2021 09:45","None"
"1196",1208,"11-01-2021 09:45","11-01-2021 10:00","None"
"1197",1209,"11-01-2021 10:00","11-01-2021 10:15","None"
"1198",1210,"11-01-2021 10:15","11-01-2021 10:30","None"
"1199",1211,"11-01-2021 10:30","11-01-2021 10:45","50.4"
"1200",1212,"11-01-2021 10:45","11-01-2021 11:00","47.8"
"1201",1213,"11-01-2021 11:00","11-01-2021 11:15","50.9"
"1202",1214,"11-01-2021 11:15","11-01-2021 11:30","49.5"
"1203",1215,"11-01-2021 11:30","11-01-2021 11:45","None"
"1204",1216,"11-01-2021 11:45","11-01-2021 12:00","None"
"1205",1217,"11-01-2021 12:00","11-01-2021 12:15","None"
"1206",1218,"11-01-2021 12:15","11-01-2021 12:30","16.2"
"1207",1219,"11-01-2021 12:30","11-01-2021 12:45","12.6"
"1208",1220,"11-01-2021 12:45","11-01-2021 13:00","20.1"
"1209",1221,"11-01-2021 13:00","11-01-2021 13:15","55.9"
"1210",1222,"11-01-2021 13:15","11-01-2021 13:30","57.9"
"1211",1223,"11-01-2021 13:30","11-01-2021 13:45","57.2"
"1212",1224,"11-01-2021 13:45","11-01-2021 14:00","56.6"
"1213",1225,"11-01-2021 14:00","11-01-2021 14:15","61"
"1214",1226,"11-01-2021 14:15","11-01-2021 14:30","52.6"
"1215",1227,"11-01-2021 14:30","11-01-2021 14:45","60.5"
"1216",1228,"11-01-2021 14:45","11-01-2021 15:00","58.3"
"1217",1229,"11-01-2021 15:00","11-01-2021 15:15","55.1"
"1218",1230,"11-01-2021 15:15","11-01-2021 15:30","55.6"
"1219",1231,"11-01-2021 15:30","11-01-2021 15:45","53.1"
"1220",1232,"11-01-2021 15:45","11-01-2021 16:00","53.5"
"1221",1233,"11-01-2021 16:00","11-01-2021 16:15","57"
"1222",1234,"11-01-2021 16:15","11-01-2021 16:30","61"
"1223",1235,"11-01-2021 16:30","11-01-2021 16:45","61.1"
"1224",1236,"11-01-2021 16:45","11-01-2021 17:00","None"
"1225",1237,"11-01-2021 17:00","11-01-2021 17:15","66.4"
"1226",1238,"11-01-2021 17:15","11-01-2021 17:30","81.6"
"1227",1239,"11-01-2021 17:30","11-01-2021 17:45","86.3"
"1228",1240,"11-01-2021 17:45","11-01-2021 18:00","98.4"
"1229",1241,"11-01-2021 18:00","11-01-2021 18:15","117.5"
"1230",1242,"11-01-2021 18:15","11-01-2021 18:30","120.2"
"1231",1243,"11-01-2021 18:30","11-01-2021 18:45","122.7"
"1232",1244,"11-01-2021 18:45","11-01-2021 19:00","111.3"
"1233",1245,"11-01-2021 19:00","11-01-2021 19:15","103.8"
"1234",1246,"11-01-2021 19:15","11-01-2021 19:30","85.2"
"1235",1247,"11-01-2021 19:30","11-01-2021 19:45","78.1"
"1236",1248,"11-01-2021 19:45","11-01-2021 20:00","81.3"
"1237",1249,"11-01-2021 20:00","11-01-2021 20:15","74.8"
"1238",1250,"11-01-2021 20:15","11-01-2021 20:30","76.4"
"1239",1251,"11-01-2021 20:30","11-01-2021 20:45","72.9"
"1240",1252,"11-01-2021 20:45","11-01-2021 21:00","73.7"
"1241",1253,"11-01-2021 21:00","11-01-2021 21:15","77.5"
"1242",1254,"11-01-2021 21:15","11-01-2021 21:30","72.8"
"1243",1255,"11-01-2021 21:30","11-01-2021 21:45","69"
"1244",1256,"11-01-2021 21:45","11-01-2021 22:00","66.7"
"1245",1257,"11-01-2021 22:00","11-01-2021 22:15","62.3"
"1246",1258,"11-01-2021 22:15","11-01-2021 22:30","63.2"
"1247",1259,"11-01-2021 22:30","11-01-2021 22:45","54.4"
"1248",1260,"11-01-2021 22:45","11-01-2021 23:00","57.5"
"1249",1261,"11-01-2021 23:00","11-01-2021 23:15","55.2"
"1250",1262,"11-01-2021 23:15","11-01-2021 23:30","52.4"
"1251",1263,"11-01-2021 23:30","11-01-2021 23:45","None"
"1252",1264,"11-01-2021 23:45","12-01-2021 00:00","None"
"1253",1265,"12-01-2021 00:00","12-01-2021 00:15","40.6"
"1254",1266,"12-01-2021 00:15","12-01-2021 00:30","38.9"
"1255",1267,"12-01-2021 00:30","12-01-2021 00:45","39.2"
"1256",1268,"12-01-2021 00:45","12-01-2021 01:00","35.7"
"1257",1269,"12-01-2021 01:00","12-01-2021 01:15","32.3"
"1258",1270,"12-01-2021 01:15","12-01-2021 01:30","29.1"
"1259",1271,"12-01-2021 01:30","12-01-2021 01:45","31"
"1260",1272,"12-01-2021 01:45","12-01-2021 02:00","29.3"
"1261",1273,"12-01-2021 02:00","12-01-2021 02:15","32.7"
"1262",1274,"12-01-2021 02:15","12-01-2021 02:30","34.7"
"1263",1275,"12-01-2021 02:30","12-01-2021 02:45","31.6"
"1264",1276,"12-01-2021 02:45","12-01-2021 03:00","32.8"
"1265",1277,"12-01-2021 03:00","12-01-2021 03:15","33.3"
"1266",1278,"12-01-2021 03:15","12-01-2021 03:30","36.7"
"1267",1279,"12-01-2021 03:30","12-01-2021 03:45","35"
"1268",1280,"12-01-2021 03:45","12-01-2021 04:00","None"
"1269",1281,"12-01-2021 04:00","12-01-2021 04:15","31.5"
"1270",1282,"12-01-2021 04:15","12-01-2021 04:30","30.6"
"1271",1283,"12-01-2021 04:30","12-01-2021 04:45","31.3"
"1272",1284,"12-01-2021 04:45","12-01-2021 05:00","30.5"
"1273",1285,"12-01-2021 05:00","12-01-2021 05:15","29.5"
"1274",1286,"12-01-2021 05:15","12-01-2021 05:30","34.3"
"1275",1287,"12-01-2021 05:30","12-01-2021 05:45","36.9"
"1276",1288,"12-01-2021 05:45","12-01-2021 06:00","59.6"
"1277",1289,"12-01-2021 06:00","12-01-2021 06:15","58.7"
"1278",1290,"12-01-2021 06:15","12-01-2021 06:30","67.4"
"1279",1291,"12-01-2021 06:30","12-01-2021 06:45","68.7"
"1280",1292,"12-01-2021 06:45","12-01-2021 07:00","67.7"
"1281",1293,"12-01-2021 07:00","12-01-2021 07:15","66.7"
"1282",1294,"12-01-2021 07:15","12-01-2021 07:30","66.2"
"1283",1295,"12-01-2021 07:30","12-01-2021 07:45","69.7"
"1284",1296,"12-01-2021 07:45","12-01-2021 08:00","68"
"1285",1297,"12-01-2021 08:00","12-01-2021 08:15","74.9"
"1286",1298,"12-01-2021 08:15","12-01-2021 08:30","72.5"
"1287",1299,"12-01-2021 08:30","12-01-2021 08:45","79.4"
"1288",1300,"12-01-2021 08:45","12-01-2021 09:00","85.8"
"1289",1301,"12-01-2021 09:00","12-01-2021 09:15","90.6"
"1290",1302,"12-01-2021 09:15","12-01-2021 09:30","89.8"
"1291",1303,"12-01-2021 09:30","12-01-2021 09:45","None"
"1292",1304,"12-01-2021 09:45","12-01-2021 10:00","None"
"1293",1305,"12-01-2021 10:00","12-01-2021 10:15","None"
"1294",1306,"12-01-2021 10:15","12-01-2021 10:30","96.9"
"1295",1307,"12-01-2021 10:30","12-01-2021 10:45","87.7"
"1296",1308,"12-01-2021 10:45","12-01-2021 11:00","92.9"
"1297",1309,"12-01-2021 11:00","12-01-2021 11:15","87.7"
"1298",1310,"12-01-2021 11:15","12-01-2021 11:30","87.8"
"1299",1311,"12-01-2021 11:30","12-01-2021 11:45","None"
"1300",1312,"12-01-2021 11:45","12-01-2021 12:00","None"
"1301",1313,"12-01-2021 12:00","12-01-2021 12:15","None"
"1302",1314,"12-01-2021 12:15","12-01-2021 12:30","77.5"
"1303",1315,"12-01-2021 12:30","12-01-2021 12:45","76.1"
"1304",1316,"12-01-2021 12:45","12-01-2021 13:00","64"
"1305",1317,"12-01-2021 13:00","12-01-2021 13:15","70.5"
"1306",1318,"12-01-2021 13:15","12-01-2021 13:30","60.1"
"1307",1319,"12-01-2021 13:30","12-01-2021 13:45","53.8"
"1308",1320,"12-01-2021 13:45","12-01-2021 14:00","49.3"
"1309",1321,"12-01-2021 14:00","12-01-2021 14:15","46.5"
"1310",1322,"12-01-2021 14:15","12-01-2021 14:30","49"
"1311",1323,"12-01-2021 14:30","12-01-2021 14:45","49.1"
"1312",1324,"12-01-2021 14:45","12-01-2021 15:00","54.7"
"1313",1325,"12-01-2021 15:00","12-01-2021 15:15","58.1"
"1314",1326,"12-01-2021 15:15","12-01-2021 15:30","54.4"
"1315",1327,"12-01-2021 15:30","12-01-2021 15:45","64"
"1316",1328,"12-01-2021 15:45","12-01-2021 16:00","64.2"
"1317",1329,"12-01-2021 16:00","12-01-2021 16:15","61.3"
"1318",1330,"12-01-2021 16:15","12-01-2021 16:30","64.1"
"1319",1331,"12-01-2021 16:30","12-01-2021 16:45","68.5"
"1320",1332,"12-01-2021 16:45","12-01-2021 17:00","70"
"1321",1333,"12-01-2021 17:00","12-01-2021 17:15","67.1"
"1322",1334,"12-01-2021 17:15","12-01-2021 17:30","75.1"
"1323",1335,"12-01-2021 17:30","12-01-2021 17:45","80.9"
"1324",1336,"12-01-2021 17:45","12-01-2021 18:00","74.9"
"1325",1337,"12-01-2021 18:00","12-01-2021 18:15","77.7"
"1326",1338,"12-01-2021 18:15","12-01-2021 18:30","84.4"
"1327",1339,"12-01-2021 18:30","12-01-2021 18:45","96"
"1328",1340,"12-01-2021 18:45","12-01-2021 19:00","104.7"
"1329",1341,"12-01-2021 19:00","12-01-2021 19:15","101.4"
"1330",1342,"12-01-2021 19:15","12-01-2021 19:30","99.3"
"1331",1343,"12-01-2021 19:30","12-01-2021 19:45","105.3"
"1332",1344,"12-01-2021 19:45","12-01-2021 20:00","99.1"
"1333",1345,"12-01-2021 20:00","12-01-2021 20:15","94.4"
"1334",1346,"12-01-2021 20:15","12-01-2021 20:30","96.4"
"1335",1347,"12-01-2021 20:30","12-01-2021 20:45","86.7"
"1336",1348,"12-01-2021 20:45","12-01-2021 21:00","82.1"
"1337",1349,"12-01-2021 21:00","12-01-2021 21:15","81.7"
"1338",1350,"12-01-2021 21:15","12-01-2021 21:30","77.3"
"1339",1351,"12-01-2021 21:30","12-01-2021 21:45","76.8"
"1340",1352,"12-01-2021 21:45","12-01-2021 22:00","75.7"
"1341",1353,"12-01-2021 22:00","12-01-2021 22:15","71.4"
"1342",1354,"12-01-2021 22:15","12-01-2021 22:30","70.6"
"1343",1355,"12-01-2021 22:30","12-01-2021 22:45","63.6"
"1344",1356,"12-01-2021 22:45","12-01-2021 23:00","60.4"
"1345",1357,"12-01-2021 23:00","12-01-2021 23:15","52.7"
"1346",1358,"12-01-2021 23:15","12-01-2021 23:30","50"
"1347",1359,"12-01-2021 23:30","12-01-2021 23:45","None"
"1348",1360,"12-01-2021 23:45","13-01-2021 00:00","None"
"1349",1361,"13-01-2021 00:00","13-01-2021 00:15","42.3"
"1350",1362,"13-01-2021 00:15","13-01-2021 00:30","45.8"
"1351",1363,"13-01-2021 00:30","13-01-2021 00:45","43.1"
"1352",1364,"13-01-2021 00:45","13-01-2021 01:00","41.5"
"1353",1365,"13-01-2021 01:00","13-01-2021 01:15","37.6"
"1354",1366,"13-01-2021 01:15","13-01-2021 01:30","37.4"
"1355",1367,"13-01-2021 01:30","13-01-2021 01:45","38.7"
"1356",1368,"13-01-2021 01:45","13-01-2021 02:00","38.5"
"1357",1369,"13-01-2021 02:00","13-01-2021 02:15","37.9"
"1358",1370,"13-01-2021 02:15","13-01-2021 02:30","34.8"
"1359",1371,"13-01-2021 02:30","13-01-2021 02:45","35.8"
"1360",1372,"13-01-2021 02:45","13-01-2021 03:00","33.5"
"1361",1373,"13-01-2021 03:00","13-01-2021 03:15","32.1"
"1362",1374,"13-01-2021 03:15","13-01-2021 03:30","31.7"
"1363",1375,"13-01-2021 03:30","13-01-2021 03:45","27.8"
"1364",1376,"13-01-2021 03:45","13-01-2021 04:00","30.5"
"1365",1377,"13-01-2021 04:00","13-01-2021 04:15","30.5"
"1366",1378,"13-01-2021 04:15","13-01-2021 04:30","33.1"
"1367",1379,"13-01-2021 04:30","13-01-2021 04:45","43.7"
"1368",1380,"13-01-2021 04:45","13-01-2021 05:00","43.9"
"1369",1381,"13-01-2021 05:00","13-01-2021 05:15","42.7"
"1370",1382,"13-01-2021 05:15","13-01-2021 05:30","44.9"
"1371",1383,"13-01-2021 05:30","13-01-2021 05:45","64.7"
"1372",1384,"13-01-2021 05:45","13-01-2021 06:00","72.1"
"1373",1385,"13-01-2021 06:00","13-01-2021 06:15","74.7"
"1374",1386,"13-01-2021 06:15","13-01-2021 06:30","76.5"
"1375",1387,"13-01-2021 06:30","13-01-2021 06:45","77.8"
"1376",1388,"13-01-2021 06:45","13-01-2021 07:00","75.4"
"1377",1389,"13-01-2021 07:00","13-01-2021 07:15","74"
"1378",1390,"13-01-2021 07:15","13-01-2021 07:30","82.1"
"1379",1391,"13-01-2021 07:30","13-01-2021 07:45","72.4"
"1380",1392,"13-01-2021 07:45","13-01-2021 08:00","77.8"
"1381",1393,"13-01-2021 08:00","13-01-2021 08:15","75.2"
"1382",1394,"13-01-2021 08:15","13-01-2021 08:30","82.3"
"1383",1395,"13-01-2021 08:30","13-01-2021 08:45","85.5"
"1384",1396,"13-01-2021 08:45","13-01-2021 09:00","95.3"
"1385",1397,"13-01-2021 09:00","13-01-2021 09:15","93"
"1386",1398,"13-01-2021 09:15","13-01-2021 09:30","98"
"1387",1399,"13-01-2021 09:30","13-01-2021 09:45","None"
"1388",1400,"13-01-2021 09:45","13-01-2021 10:00","None"
"1389",1401,"13-01-2021 10:00","13-01-2021 10:15","None"
"1390",1402,"13-01-2021 10:15","13-01-2021 10:30","103.2"
"1391",1403,"13-01-2021 10:30","13-01-2021 10:45","104.7"
"1392",1404,"13-01-2021 10:45","13-01-2021 11:00","103.7"
"1393",1405,"13-01-2021 11:00","13-01-2021 11:15","92.1"
"1394",1406,"13-01-2021 11:15","13-01-2021 11:30","101.4"
"1395",1407,"13-01-2021 11:30","13-01-2021 11:45","None"
"1396",1408,"13-01-2021 11:45","13-01-2021 12:00","None"
"1397",1409,"13-01-2021 12:00","13-01-2021 12:15","None"
"1398",1410,"13-01-2021 12:15","13-01-2021 12:30","68.9"
"1399",1411,"13-01-2021 12:30","13-01-2021 12:45","66.6"
"1400",1412,"13-01-2021 12:45","13-01-2021 13:00","61.6"
"1401",1413,"13-01-2021 13:00","13-01-2021 13:15","59.2"
"1402",1414,"13-01-2021 13:15","13-01-2021 13:30","63.8"
"1403",1415,"13-01-2021 13:30","13-01-2021 13:45","51.6"
"1404",1416,"13-01-2021 13:45","13-01-2021 14:00","55.4"
"1405",1417,"13-01-2021 14:00","13-01-2021 14:15","58.3"
"1406",1418,"13-01-2021 14:15","13-01-2021 14:30","60.3"
"1407",1419,"13-01-2021 14:30","13-01-2021 14:45","53.2"
"1408",1420,"13-01-2021 14:45","13-01-2021 15:00","61.1"
"1409",1421,"13-01-2021 15:00","13-01-2021 15:15","56.1"
"1410",1422,"13-01-2021 15:15","13-01-2021 15:30","58.1"
"1411",1423,"13-01-2021 15:30","13-01-2021 15:45","60.4"
"1412",1424,"13-01-2021 15:45","13-01-2021 16:00","62"
"1413",1425,"13-01-2021 16:00","13-01-2021 16:15","75.2"
"1414",1426,"13-01-2021 16:15","13-01-2021 16:30","70"
"1415",1427,"13-01-2021 16:30","13-01-2021 16:45","68.6"
"1416",1428,"13-01-2021 16:45","13-01-2021 17:00","82.1"
"1417",1429,"13-01-2021 17:00","13-01-2021 17:15","76.1"
"1418",1430,"13-01-2021 17:15","13-01-2021 17:30","92.6"
"1419",1431,"13-01-2021 17:30","13-01-2021 17:45","89.6"
"1420",1432,"13-01-2021 17:45","13-01-2021 18:00","90.9"
"1421",1433,"13-01-2021 18:00","13-01-2021 18:15","94.2"
"1422",1434,"13-01-2021 18:15","13-01-2021 18:30","98.3"
"1423",1435,"13-01-2021 18:30","13-01-2021 18:45","96.4"
"1424",1436,"13-01-2021 18:45","13-01-2021 19:00","94.1"
"1425",1437,"13-01-2021 19:00","13-01-2021 19:15","100.7"
"1426",1438,"13-01-2021 19:15","13-01-2021 19:30","96.9"
"1427",1439,"13-01-2021 19:30","13-01-2021 19:45","98.9"
"1428",1440,"13-01-2021 19:45","13-01-2021 20:00","102.6"
"1429",1441,"13-01-2021 20:00","13-01-2021 20:15","102.4"
"1430",1442,"13-01-2021 20:15","13-01-2021 20:30","115.7"
"1431",1443,"13-01-2021 20:30","13-01-2021 20:45","100.4"
"1432",1444,"13-01-2021 20:45","13-01-2021 21:00","103.6"
"1433",1445,"13-01-2021 21:00","13-01-2021 21:15","98.6"
"1434",1446,"13-01-2021 21:15","13-01-2021 21:30","92.4"
"1435",1447,"13-01-2021 21:30","13-01-2021 21:45","92.1"
"1436",1448,"13-01-2021 21:45","13-01-2021 22:00","91.2"
"1437",1449,"13-01-2021 22:00","13-01-2021 22:15","75.2"
"1438",1450,"13-01-2021 22:15","13-01-2021 22:30","74.4"
"1439",1451,"13-01-2021 22:30","13-01-2021 22:45","69"
"1440",1452,"13-01-2021 22:45","13-01-2021 23:00","64"
"1441",1453,"13-01-2021 23:00","13-01-2021 23:15","61.1"
"1442",1454,"13-01-2021 23:15","13-01-2021 23:30","57.8"
"1443",1455,"13-01-2021 23:30","13-01-2021 23:45","None"
"1444",1456,"13-01-2021 23:45","14-01-2021 00:00","None"
"1445",1457,"14-01-2021 00:00","14-01-2021 00:15","53"
"1446",1458,"14-01-2021 00:15","14-01-2021 00:30","49.3"
"1447",1459,"14-01-2021 00:30","14-01-2021 00:45","47.6"
"1448",1460,"14-01-2021 00:45","14-01-2021 01:00","48.4"
"1449",1461,"14-01-2021 01:00","14-01-2021 01:15","37.6"
"1450",1462,"14-01-2021 01:15","14-01-2021 01:30","43.2"
"1451",1463,"14-01-2021 01:30","14-01-2021 01:45","38.5"
"1452",1464,"14-01-2021 01:45","14-01-2021 02:00","38.2"
"1453",1465,"14-01-2021 02:00","14-01-2021 02:15","35.4"
"1454",1466,"14-01-2021 02:15","14-01-2021 02:30","36.2"
"1455",1467,"14-01-2021 02:30","14-01-2021 02:45","38.1"
"1456",1468,"14-01-2021 02:45","14-01-2021 03:00","50.6"
"1457",1469,"14-01-2021 03:00","14-01-2021 03:15","58.1"
"1458",1470,"14-01-2021 03:15","14-01-2021 03:30","58.3"
"1459",1471,"14-01-2021 03:30","14-01-2021 03:45","51.2"
"1460",1472,"14-01-2021 03:45","14-01-2021 04:00","56.1"
"1461",1473,"14-01-2021 04:00","14-01-2021 04:15","58.6"
"1462",1474,"14-01-2021 04:15","14-01-2021 04:30","56.1"
"1463",1475,"14-01-2021 04:30","14-01-2021 04:45","56.8"
"1464",1476,"14-01-2021 04:45","14-01-2021 05:00","49.3"
"1465",1477,"14-01-2021 05:00","14-01-2021 05:15","49.6"
"1466",1478,"14-01-2021 05:15","14-01-2021 05:30","48.6"
"1467",1479,"14-01-2021 05:30","14-01-2021 05:45","54"
"1468",1480,"14-01-2021 05:45","14-01-2021 06:00","48.8"
"1469",1481,"14-01-2021 06:00","14-01-2021 06:15","50"
"1470",1482,"14-01-2021 06:15","14-01-2021 06:30","44.6"
"1471",1483,"14-01-2021 06:30","14-01-2021 06:45","50.5"
"1472",1484,"14-01-2021 06:45","14-01-2021 07:00","49.5"
"1473",1485,"14-01-2021 07:00","14-01-2021 07:15","52.8"
"1474",1486,"14-01-2021 07:15","14-01-2021 07:30","54.1"
"1475",1487,"14-01-2021 07:30","14-01-2021 07:45","57.4"
"1476",1488,"14-01-2021 07:45","14-01-2021 08:00","56"
"1477",1489,"14-01-2021 08:00","14-01-2021 08:15","56"
"1478",1490,"14-01-2021 08:15","14-01-2021 08:30","55.9"
"1479",1491,"14-01-2021 08:30","14-01-2021 08:45","52.9"
"1480",1492,"14-01-2021 08:45","14-01-2021 09:00","58.3"
"1481",1493,"14-01-2021 09:00","14-01-2021 09:15","64.5"
"1482",1494,"14-01-2021 09:15","14-01-2021 09:30","74.8"
"1483",1495,"14-01-2021 09:30","14-01-2021 09:45","None"
"1484",1496,"14-01-2021 09:45","14-01-2021 10:00","None"
"1485",1497,"14-01-2021 10:00","14-01-2021 10:15","None"
"1486",1498,"14-01-2021 10:15","14-01-2021 10:30","66.9"
"1487",1499,"14-01-2021 10:30","14-01-2021 10:45","58.2"
"1488",1500,"14-01-2021 10:45","14-01-2021 11:00","53.7"
"1489",1501,"14-01-2021 11:00","14-01-2021 11:15","59.6"
"1490",1502,"14-01-2021 11:15","14-01-2021 11:30","65.9"
"1491",1503,"14-01-2021 11:30","14-01-2021 11:45","None"
"1492",1504,"14-01-2021 11:45","14-01-2021 12:00","None"
"1493",1505,"14-01-2021 12:00","14-01-2021 12:15","None"
"1494",1506,"14-01-2021 12:15","14-01-2021 12:30","53.2"
"1495",1507,"14-01-2021 12:30","14-01-2021 12:45","50.1"
"1496",1508,"14-01-2021 12:45","14-01-2021 13:00","45.9"
"1497",1509,"14-01-2021 13:00","14-01-2021 13:15","54.7"
"1498",1510,"14-01-2021 13:15","14-01-2021 13:30","53"
"1499",1511,"14-01-2021 13:30","14-01-2021 13:45","45.2"
"1500",1512,"14-01-2021 13:45","14-01-2021 14:00","54.6"
"1501",1513,"14-01-2021 14:00","14-01-2021 14:15","89.1"
"1502",1514,"14-01-2021 14:15","14-01-2021 14:30","79"
"1503",1515,"14-01-2021 14:30","14-01-2021 14:45","77.2"
"1504",1516,"14-01-2021 14:45","14-01-2021 15:00","73.8"
"1505",1517,"14-01-2021 15:00","14-01-2021 15:15","60.5"
"1506",1518,"14-01-2021 15:15","14-01-2021 15:30","53.2"
"1507",1519,"14-01-2021 15:30","14-01-2021 15:45","53.7"
"1508",1520,"14-01-2021 15:45","14-01-2021 16:00","71.3"
"1509",1521,"14-01-2021 16:00","14-01-2021 16:15","67.7"
"1510",1522,"14-01-2021 16:15","14-01-2021 16:30","71.6"
"1511",1523,"14-01-2021 16:30","14-01-2021 16:45","70.3"
"1512",1524,"14-01-2021 16:45","14-01-2021 17:00","83.9"
"1513",1525,"14-01-2021 17:00","14-01-2021 17:15","117.4"
"1514",1526,"14-01-2021 17:15","14-01-2021 17:30","130.3"
"1515",1527,"14-01-2021 17:30","14-01-2021 17:45","140.2"
"1516",1528,"14-01-2021 17:45","14-01-2021 18:00","145.7"
"1517",1529,"14-01-2021 18:00","14-01-2021 18:15","150.8"
"1518",1530,"14-01-2021 18:15","14-01-2021 18:30","140.8"
"1519",1531,"14-01-2021 18:30","14-01-2021 18:45","173.6"
"1520",1532,"14-01-2021 18:45","14-01-2021 19:00","169.5"
"1521",1533,"14-01-2021 19:00","14-01-2021 19:15","166.4"
"1522",1534,"14-01-2021 19:15","14-01-2021 19:30","166"
"1523",1535,"14-01-2021 19:30","14-01-2021 19:45","170.3"
"1524",1536,"14-01-2021 19:45","14-01-2021 20:00","172.1"
"1525",1537,"14-01-2021 20:00","14-01-2021 20:15","170.8"
"1526",1538,"14-01-2021 20:15","14-01-2021 20:30","157.4"
"1527",1539,"14-01-2021 20:30","14-01-2021 20:45","157.2"
"1528",1540,"14-01-2021 20:45","14-01-2021 21:00","155"
"1529",1541,"14-01-2021 21:00","14-01-2021 21:15","153"
"1530",1542,"14-01-2021 21:15","14-01-2021 21:30","157.3"
"1531",1543,"14-01-2021 21:30","14-01-2021 21:45","145.7"
"1532",1544,"14-01-2021 21:45","14-01-2021 22:00","146"
"1533",1545,"14-01-2021 22:00","14-01-2021 22:15","134.9"
"1534",1546,"14-01-2021 22:15","14-01-2021 22:30","130.2"
"1535",1547,"14-01-2021 22:30","14-01-2021 22:45","114.8"
"1536",1548,"14-01-2021 22:45","14-01-2021 23:00","109"
"1537",1549,"14-01-2021 23:00","14-01-2021 23:15","101.6"
"1538",1550,"14-01-2021 23:15","14-01-2021 23:30","100.7"
"1539",1551,"14-01-2021 23:30","14-01-2021 23:45","None"
"1540",1552,"14-01-2021 23:45","15-01-2021 00:00","None"
"1541",1553,"15-01-2021 00:00","15-01-2021 00:15","96.6"
"1542",1554,"15-01-2021 00:15","15-01-2021 00:30","99.2"
"1543",1555,"15-01-2021 00:30","15-01-2021 00:45","105.6"
"1544",1556,"15-01-2021 00:45","15-01-2021 01:00","97.9"
"1545",1557,"15-01-2021 01:00","15-01-2021 01:15","90.2"
"1546",1558,"15-01-2021 01:15","15-01-2021 01:30","90.7"
"1547",1559,"15-01-2021 01:30","15-01-2021 01:45","92.2"
"1548",1560,"15-01-2021 01:45","15-01-2021 02:00","81.2"
"1549",1561,"15-01-2021 02:00","15-01-2021 02:15","82.4"
"1550",1562,"15-01-2021 02:15","15-01-2021 02:30","90.6"
"1551",1563,"15-01-2021 02:30","15-01-2021 02:45","83.6"
"1552",1564,"15-01-2021 02:45","15-01-2021 03:00","79.1"
"1553",1565,"15-01-2021 03:00","15-01-2021 03:15","71.7"
"1554",1566,"15-01-2021 03:15","15-01-2021 03:30","70.2"
"1555",1567,"15-01-2021 03:30","15-01-2021 03:45","62.2"
"1556",1568,"15-01-2021 03:45","15-01-2021 04:00","58.2"
"1557",1569,"15-01-2021 04:00","15-01-2021 04:15","52.2"
"1558",1570,"15-01-2021 04:15","15-01-2021 04:30","57.5"
"1559",1571,"15-01-2021 04:30","15-01-2021 04:45","56.1"
"1560",1572,"15-01-2021 04:45","15-01-2021 05:00","46.9"
"1561",1573,"15-01-2021 05:00","15-01-2021 05:15","52.1"
"1562",1574,"15-01-2021 05:15","15-01-2021 05:30","58.1"
"1563",1575,"15-01-2021 05:30","15-01-2021 05:45","54.2"
"1564",1576,"15-01-2021 05:45","15-01-2021 06:00","52"
"1565",1577,"15-01-2021 06:00","15-01-2021 06:15","50"
"1566",1578,"15-01-2021 06:15","15-01-2021 06:30","49.3"
"1567",1579,"15-01-2021 06:30","15-01-2021 06:45","49.7"
"1568",1580,"15-01-2021 06:45","15-01-2021 07:00","50.7"
"1569",1581,"15-01-2021 07:00","15-01-2021 07:15","47.8"
"1570",1582,"15-01-2021 07:15","15-01-2021 07:30","48.8"
"1571",1583,"15-01-2021 07:30","15-01-2021 07:45","50.3"
"1572",1584,"15-01-2021 07:45","15-01-2021 08:00","50.5"
"1573",1585,"15-01-2021 08:00","15-01-2021 08:15","52.8"
"1574",1586,"15-01-2021 08:15","15-01-2021 08:30","53.8"
"1575",1587,"15-01-2021 08:30","15-01-2021 08:45","72.4"
"1576",1588,"15-01-2021 08:45","15-01-2021 09:00","143.7"
"1577",1589,"15-01-2021 09:00","15-01-2021 09:15","143.4"
"1578",1590,"15-01-2021 09:15","15-01-2021 09:30","141.2"
"1579",1591,"15-01-2021 09:30","15-01-2021 09:45","None"
"1580",1592,"15-01-2021 09:45","15-01-2021 10:00","None"
"1581",1593,"15-01-2021 10:00","15-01-2021 10:15","None"
"1582",1594,"15-01-2021 10:15","15-01-2021 10:30","185.3"
"1583",1595,"15-01-2021 10:30","15-01-2021 10:45","187.8"
"1584",1596,"15-01-2021 10:45","15-01-2021 11:00","189.6"
"1585",1597,"15-01-2021 11:00","15-01-2021 11:15","181"
"1586",1598,"15-01-2021 11:15","15-01-2021 11:30","142.7"
