"","X","X0","X1","X6"
"1",13,"Prescribed Standards"," ","0-80"
"2",14,"Exceeding Standards"," ",NA
"3",15,"Remarks","",""
"4",16,"From Date","To Date","SO2"
"5",17,"30-12-2020 00:00","30-12-2020 00:15","13.5"
"6",18,"30-12-2020 00:15","30-12-2020 00:30","14.9"
"7",19,"30-12-2020 00:30","30-12-2020 00:45","15.3"
"8",20,"30-12-2020 00:45","30-12-2020 01:00","15.7"
"9",21,"30-12-2020 01:00","30-12-2020 01:15","17.6"
"10",22,"30-12-2020 01:15","30-12-2020 01:30","17.5"
"11",23,"30-12-2020 01:30","30-12-2020 01:45","17.5"
"12",24,"30-12-2020 01:45","30-12-2020 02:00","17.3"
"13",25,"30-12-2020 02:00","30-12-2020 02:15","17.9"
"14",26,"30-12-2020 02:15","30-12-2020 02:30","18.4"
"15",27,"30-12-2020 02:30","30-12-2020 02:45","19"
"16",28,"30-12-2020 02:45","30-12-2020 03:00","None"
"17",29,"30-12-2020 03:00","30-12-2020 03:15","15.7"
"18",30,"30-12-2020 03:15","30-12-2020 03:30","15.1"
"19",31,"30-12-2020 03:30","30-12-2020 03:45","14.7"
"20",32,"30-12-2020 03:45","30-12-2020 04:00","14.8"
"21",33,"30-12-2020 04:00","30-12-2020 04:15","14.7"
"22",34,"30-12-2020 04:15","30-12-2020 04:30","13.7"
"23",35,"30-12-2020 04:30","30-12-2020 04:45","13.6"
"24",36,"30-12-2020 04:45","30-12-2020 05:00","13.1"
"25",37,"30-12-2020 05:00","30-12-2020 05:15","13.2"
"26",38,"30-12-2020 05:15","30-12-2020 05:30","13.2"
"27",39,"30-12-2020 05:30","30-12-2020 05:45","13.2"
"28",40,"30-12-2020 05:45","30-12-2020 06:00","12.8"
"29",41,"30-12-2020 06:00","30-12-2020 06:15","12.5"
"30",42,"30-12-2020 06:15","30-12-2020 06:30","12.3"
"31",43,"30-12-2020 06:30","30-12-2020 06:45","12"
"32",44,"30-12-2020 06:45","30-12-2020 07:00","12.1"
"33",45,"30-12-2020 07:00","30-12-2020 07:15","12.7"
"34",46,"30-12-2020 07:15","30-12-2020 07:30","13.3"
"35",47,"30-12-2020 07:30","30-12-2020 07:45","14.5"
"36",48,"30-12-2020 07:45","30-12-2020 08:00","14.3"
"37",49,"30-12-2020 08:00","30-12-2020 08:15","14.3"
"38",50,"30-12-2020 08:15","30-12-2020 08:30","15.6"
"39",51,"30-12-2020 08:30","30-12-2020 08:45","16.8"
"40",52,"30-12-2020 08:45","30-12-2020 09:00","17.8"
"41",53,"30-12-2020 09:00","30-12-2020 09:15","19.4"
"42",54,"30-12-2020 09:15","30-12-2020 09:30","19.9"
"43",55,"30-12-2020 09:30","30-12-2020 09:45","None"
"44",56,"30-12-2020 09:45","30-12-2020 10:00","None"
"45",57,"30-12-2020 10:00","30-12-2020 10:15","None"
"46",58,"30-12-2020 10:15","30-12-2020 10:30","22.1"
"47",59,"30-12-2020 10:30","30-12-2020 10:45","None"
"48",60,"30-12-2020 10:45","30-12-2020 11:00","None"
"49",61,"30-12-2020 11:00","30-12-2020 11:15","None"
"50",62,"30-12-2020 11:15","30-12-2020 11:30","19.9"
"51",63,"30-12-2020 11:30","30-12-2020 11:45","None"
"52",64,"30-12-2020 11:45","30-12-2020 12:00","19.4"
"53",65,"30-12-2020 12:00","30-12-2020 12:15","18.9"
"54",66,"30-12-2020 12:15","30-12-2020 12:30","16.9"
"55",67,"30-12-2020 12:30","30-12-2020 12:45","15.7"
"56",68,"30-12-2020 12:45","30-12-2020 13:00","None"
"57",69,"30-12-2020 13:00","30-12-2020 13:15","15.1"
"58",70,"30-12-2020 13:15","30-12-2020 13:30","13.5"
"59",71,"30-12-2020 13:30","30-12-2020 13:45","13"
"60",72,"30-12-2020 13:45","30-12-2020 14:00","13.1"
"61",73,"30-12-2020 14:00","30-12-2020 14:15","13.2"
"62",74,"30-12-2020 14:15","30-12-2020 14:30","13.1"
"63",75,"30-12-2020 14:30","30-12-2020 14:45","13.4"
"64",76,"30-12-2020 14:45","30-12-2020 15:00","13.6"
"65",77,"30-12-2020 15:00","30-12-2020 15:15","13.8"
"66",78,"30-12-2020 15:15","30-12-2020 15:30","13.5"
"67",79,"30-12-2020 15:30","30-12-2020 15:45","13.4"
"68",80,"30-12-2020 15:45","30-12-2020 16:00","13.5"
"69",81,"30-12-2020 16:00","30-12-2020 16:15","13.5"
"70",82,"30-12-2020 16:15","30-12-2020 16:30","13.2"
"71",83,"30-12-2020 16:30","30-12-2020 16:45","12.2"
"72",84,"30-12-2020 16:45","30-12-2020 17:00","12.5"
"73",85,"30-12-2020 17:00","30-12-2020 17:15","13.1"
"74",86,"30-12-2020 17:15","30-12-2020 17:30","13.9"
"75",87,"30-12-2020 17:30","30-12-2020 17:45","15.3"
"76",88,"30-12-2020 17:45","30-12-2020 18:00","15.6"
"77",89,"30-12-2020 18:00","30-12-2020 18:15","17.9"
"78",90,"30-12-2020 18:15","30-12-2020 18:30","20.5"
"79",91,"30-12-2020 18:30","30-12-2020 18:45","19.7"
"80",92,"30-12-2020 18:45","30-12-2020 19:00","18.5"
"81",93,"30-12-2020 19:00","30-12-2020 19:15","17.4"
"82",94,"30-12-2020 19:15","30-12-2020 19:30","16.5"
"83",95,"30-12-2020 19:30","30-12-2020 19:45","16"
"84",96,"30-12-2020 19:45","30-12-2020 20:00","15.9"
"85",97,"30-12-2020 20:00","30-12-2020 20:15","16"
"86",98,"30-12-2020 20:15","30-12-2020 20:30","15.7"
"87",99,"30-12-2020 20:30","30-12-2020 20:45","16.2"
"88",100,"30-12-2020 20:45","30-12-2020 21:00","15.8"
"89",101,"30-12-2020 21:00","30-12-2020 21:15","15.2"
"90",102,"30-12-2020 21:15","30-12-2020 21:30","15.4"
"91",103,"30-12-2020 21:30","30-12-2020 21:45","15.2"
"92",104,"30-12-2020 21:45","30-12-2020 22:00","14.7"
"93",105,"30-12-2020 22:00","30-12-2020 22:15","14.7"
"94",106,"30-12-2020 22:15","30-12-2020 22:30","14.1"
"95",107,"30-12-2020 22:30","30-12-2020 22:45","13.7"
"96",108,"30-12-2020 22:45","30-12-2020 23:00","13.4"
"97",109,"30-12-2020 23:00","30-12-2020 23:15","13.5"
"98",110,"30-12-2020 23:15","30-12-2020 23:30","13.9"
"99",111,"30-12-2020 23:30","30-12-2020 23:45","None"
"100",112,"30-12-2020 23:45","31-12-2020 00:00","14.8"
"101",113,"31-12-2020 00:00","31-12-2020 00:15","14.8"
"102",114,"31-12-2020 00:15","31-12-2020 00:30","14.2"
"103",115,"31-12-2020 00:30","31-12-2020 00:45","13.2"
"104",116,"31-12-2020 00:45","31-12-2020 01:00","12.8"
"105",117,"31-12-2020 01:00","31-12-2020 01:15","11.9"
"106",118,"31-12-2020 01:15","31-12-2020 01:30","11.5"
"107",119,"31-12-2020 01:30","31-12-2020 01:45","10.9"
"108",120,"31-12-2020 01:45","31-12-2020 02:00","10.7"
"109",121,"31-12-2020 02:00","31-12-2020 02:15","10.5"
"110",122,"31-12-2020 02:15","31-12-2020 02:30","10.7"
"111",123,"31-12-2020 02:30","31-12-2020 02:45","10.8"
"112",124,"31-12-2020 02:45","31-12-2020 03:00","10.5"
"113",125,"31-12-2020 03:00","31-12-2020 03:15","10.6"
"114",126,"31-12-2020 03:15","31-12-2020 03:30","10"
"115",127,"31-12-2020 03:30","31-12-2020 03:45","9.9"
"116",128,"31-12-2020 03:45","31-12-2020 04:00","9.8"
"117",129,"31-12-2020 04:00","31-12-2020 04:15","9.9"
"118",130,"31-12-2020 04:15","31-12-2020 04:30","9.7"
"119",131,"31-12-2020 04:30","31-12-2020 04:45","9.5"
"120",132,"31-12-2020 04:45","31-12-2020 05:00","10"
"121",133,"31-12-2020 05:00","31-12-2020 05:15","9.6"
"122",134,"31-12-2020 05:15","31-12-2020 05:30","9.4"
"123",135,"31-12-2020 05:30","31-12-2020 05:45","9.2"
"124",136,"31-12-2020 05:45","31-12-2020 06:00","9.8"
"125",137,"31-12-2020 06:00","31-12-2020 06:15","10.3"
"126",138,"31-12-2020 06:15","31-12-2020 06:30","10"
"127",139,"31-12-2020 06:30","31-12-2020 06:45","9.8"
"128",140,"31-12-2020 06:45","31-12-2020 07:00","9.5"
"129",141,"31-12-2020 07:00","31-12-2020 07:15","9.9"
"130",142,"31-12-2020 07:15","31-12-2020 07:30","10.4"
"131",143,"31-12-2020 07:30","31-12-2020 07:45","11"
"132",144,"31-12-2020 07:45","31-12-2020 08:00","11.6"
"133",145,"31-12-2020 08:00","31-12-2020 08:15","11.5"
"134",146,"31-12-2020 08:15","31-12-2020 08:30","11.5"
"135",147,"31-12-2020 08:30","31-12-2020 08:45","11.6"
"136",148,"31-12-2020 08:45","31-12-2020 09:00","11.8"
"137",149,"31-12-2020 09:00","31-12-2020 09:15","11.9"
"138",150,"31-12-2020 09:15","31-12-2020 09:30","11.9"
"139",151,"31-12-2020 09:30","31-12-2020 09:45","None"
"140",152,"31-12-2020 09:45","31-12-2020 10:00","None"
"141",153,"31-12-2020 10:00","31-12-2020 10:15","None"
"142",154,"31-12-2020 10:15","31-12-2020 10:30","13.1"
"143",155,"31-12-2020 10:30","31-12-2020 10:45","None"
"144",156,"31-12-2020 10:45","31-12-2020 11:00","None"
"145",157,"31-12-2020 11:00","31-12-2020 11:15","None"
"146",158,"31-12-2020 11:15","31-12-2020 11:30","12.7"
"147",159,"31-12-2020 11:30","31-12-2020 11:45","12.7"
"148",160,"31-12-2020 11:45","31-12-2020 12:00","12.4"
"149",161,"31-12-2020 12:00","31-12-2020 12:15","None"
"150",162,"31-12-2020 12:15","31-12-2020 12:30","None"
"151",163,"31-12-2020 12:30","31-12-2020 12:45","None"
"152",164,"31-12-2020 12:45","31-12-2020 13:00","None"
"153",165,"31-12-2020 13:00","31-12-2020 13:15","11"
"154",166,"31-12-2020 13:15","31-12-2020 13:30","11.6"
"155",167,"31-12-2020 13:30","31-12-2020 13:45","13.5"
"156",168,"31-12-2020 13:45","31-12-2020 14:00","11.8"
"157",169,"31-12-2020 14:00","31-12-2020 14:15","11.3"
"158",170,"31-12-2020 14:15","31-12-2020 14:30","11.5"
"159",171,"31-12-2020 14:30","31-12-2020 14:45","11.7"
"160",172,"31-12-2020 14:45","31-12-2020 15:00","11.4"
"161",173,"31-12-2020 15:00","31-12-2020 15:15","12.2"
"162",174,"31-12-2020 15:15","31-12-2020 15:30","12.4"
"163",175,"31-12-2020 15:30","31-12-2020 15:45","11.9"
"164",176,"31-12-2020 15:45","31-12-2020 16:00","11.2"
"165",177,"31-12-2020 16:00","31-12-2020 16:15","None"
"166",178,"31-12-2020 16:15","31-12-2020 16:30","12.5"
"167",179,"31-12-2020 16:30","31-12-2020 16:45","14.6"
"168",180,"31-12-2020 16:45","31-12-2020 17:00","15.2"
"169",181,"31-12-2020 17:00","31-12-2020 17:15","15.1"
"170",182,"31-12-2020 17:15","31-12-2020 17:30","15.7"
"171",183,"31-12-2020 17:30","31-12-2020 17:45","16.8"
"172",184,"31-12-2020 17:45","31-12-2020 18:00","17.3"
"173",185,"31-12-2020 18:00","31-12-2020 18:15","18.2"
"174",186,"31-12-2020 18:15","31-12-2020 18:30","18.9"
"175",187,"31-12-2020 18:30","31-12-2020 18:45","20.3"
"176",188,"31-12-2020 18:45","31-12-2020 19:00","22.7"
"177",189,"31-12-2020 19:00","31-12-2020 19:15","None"
"178",190,"31-12-2020 19:15","31-12-2020 19:30","29.2"
"179",191,"31-12-2020 19:30","31-12-2020 19:45","30.5"
"180",192,"31-12-2020 19:45","31-12-2020 20:00","None"
"181",193,"31-12-2020 20:00","31-12-2020 20:15","27"
"182",194,"31-12-2020 20:15","31-12-2020 20:30","22.1"
"183",195,"31-12-2020 20:30","31-12-2020 20:45","17.8"
"184",196,"31-12-2020 20:45","31-12-2020 21:00","16.1"
"185",197,"31-12-2020 21:00","31-12-2020 21:15","12.4"
"186",198,"31-12-2020 21:15","31-12-2020 21:30","11.6"
"187",199,"31-12-2020 21:30","31-12-2020 21:45","10.7"
"188",200,"31-12-2020 21:45","31-12-2020 22:00","9.7"
"189",201,"31-12-2020 22:00","31-12-2020 22:15","9"
"190",202,"31-12-2020 22:15","31-12-2020 22:30","9"
"191",203,"31-12-2020 22:30","31-12-2020 22:45","7.2"
"192",204,"31-12-2020 22:45","31-12-2020 23:00","6.2"
"193",205,"31-12-2020 23:00","31-12-2020 23:15","5.4"
"194",206,"31-12-2020 23:15","31-12-2020 23:30","5.7"
"195",207,"31-12-2020 23:30","31-12-2020 23:45","None"
"196",208,"31-12-2020 23:45","01-01-2021 00:00","None"
"197",209,"01-01-2021 00:00","01-01-2021 00:15","6.8"
"198",210,"01-01-2021 00:15","01-01-2021 00:30","12.6"
"199",211,"01-01-2021 00:30","01-01-2021 00:45","13.7"
"200",212,"01-01-2021 00:45","01-01-2021 01:00","13.7"
"201",213,"01-01-2021 01:00","01-01-2021 01:15","None"
"202",214,"01-01-2021 01:15","01-01-2021 01:30","13.9"
"203",215,"01-01-2021 01:30","01-01-2021 01:45","13.7"
"204",216,"01-01-2021 01:45","01-01-2021 02:00","12.9"
"205",217,"01-01-2021 02:00","01-01-2021 02:15","12.4"
"206",218,"01-01-2021 02:15","01-01-2021 02:30","11.9"
"207",219,"01-01-2021 02:30","01-01-2021 02:45","11.6"
"208",220,"01-01-2021 02:45","01-01-2021 03:00","12.2"
"209",221,"01-01-2021 03:00","01-01-2021 03:15","None"
"210",222,"01-01-2021 03:15","01-01-2021 03:30","11.8"
"211",223,"01-01-2021 03:30","01-01-2021 03:45","11.2"
"212",224,"01-01-2021 03:45","01-01-2021 04:00","11.3"
"213",225,"01-01-2021 04:00","01-01-2021 04:15","11.6"
"214",226,"01-01-2021 04:15","01-01-2021 04:30","11.9"
"215",227,"01-01-2021 04:30","01-01-2021 04:45","12"
"216",228,"01-01-2021 04:45","01-01-2021 05:00","11.7"
"217",229,"01-01-2021 05:00","01-01-2021 05:15","11.6"
"218",230,"01-01-2021 05:15","01-01-2021 05:30","11.4"
"219",231,"01-01-2021 05:30","01-01-2021 05:45","11.3"
"220",232,"01-01-2021 05:45","01-01-2021 06:00","11.5"
"221",233,"01-01-2021 06:00","01-01-2021 06:15","12.1"
"222",234,"01-01-2021 06:15","01-01-2021 06:30","12.1"
"223",235,"01-01-2021 06:30","01-01-2021 06:45","12.6"
"224",236,"01-01-2021 06:45","01-01-2021 07:00","13"
"225",237,"01-01-2021 07:00","01-01-2021 07:15","12.9"
"226",238,"01-01-2021 07:15","01-01-2021 07:30","12.3"
"227",239,"01-01-2021 07:30","01-01-2021 07:45","12.6"
"228",240,"01-01-2021 07:45","01-01-2021 08:00","12.4"
"229",241,"01-01-2021 08:00","01-01-2021 08:15","12.3"
"230",242,"01-01-2021 08:15","01-01-2021 08:30","11.3"
"231",243,"01-01-2021 08:30","01-01-2021 08:45","10.9"
"232",244,"01-01-2021 08:45","01-01-2021 09:00","11.4"
"233",245,"01-01-2021 09:00","01-01-2021 09:15","12"
"234",246,"01-01-2021 09:15","01-01-2021 09:30","12.7"
"235",247,"01-01-2021 09:30","01-01-2021 09:45","None"
"236",248,"01-01-2021 09:45","01-01-2021 10:00","None"
"237",249,"01-01-2021 10:00","01-01-2021 10:15","None"
"238",250,"01-01-2021 10:15","01-01-2021 10:30","12.8"
"239",251,"01-01-2021 10:30","01-01-2021 10:45","None"
"240",252,"01-01-2021 10:45","01-01-2021 11:00","None"
"241",253,"01-01-2021 11:00","01-01-2021 11:15","None"
"242",254,"01-01-2021 11:15","01-01-2021 11:30","15"
"243",255,"01-01-2021 11:30","01-01-2021 11:45","None"
"244",256,"01-01-2021 11:45","01-01-2021 12:00","14"
"245",257,"01-01-2021 12:00","01-01-2021 12:15","14"
"246",258,"01-01-2021 12:15","01-01-2021 12:30","14.8"
"247",259,"01-01-2021 12:30","01-01-2021 12:45","14.2"
"248",260,"01-01-2021 12:45","01-01-2021 13:00","14.6"
"249",261,"01-01-2021 13:00","01-01-2021 13:15","16.2"
"250",262,"01-01-2021 13:15","01-01-2021 13:30","17.1"
"251",263,"01-01-2021 13:30","01-01-2021 13:45","16.9"
"252",264,"01-01-2021 13:45","01-01-2021 14:00","17.9"
"253",265,"01-01-2021 14:00","01-01-2021 14:15","None"
"254",266,"01-01-2021 14:15","01-01-2021 14:30","18.2"
"255",267,"01-01-2021 14:30","01-01-2021 14:45","18.8"
"256",268,"01-01-2021 14:45","01-01-2021 15:00","18.2"
"257",269,"01-01-2021 15:00","01-01-2021 15:15","16.9"
"258",270,"01-01-2021 15:15","01-01-2021 15:30","16.7"
"259",271,"01-01-2021 15:30","01-01-2021 15:45","16.4"
"260",272,"01-01-2021 15:45","01-01-2021 16:00","16.1"
"261",273,"01-01-2021 16:00","01-01-2021 16:15","16.1"
"262",274,"01-01-2021 16:15","01-01-2021 16:30","16"
"263",275,"01-01-2021 16:30","01-01-2021 16:45","14.7"
"264",276,"01-01-2021 16:45","01-01-2021 17:00","13.2"
"265",277,"01-01-2021 17:00","01-01-2021 17:15","None"
"266",278,"01-01-2021 17:15","01-01-2021 17:30","17.9"
"267",279,"01-01-2021 17:30","01-01-2021 17:45","25.2"
"268",280,"01-01-2021 17:45","01-01-2021 18:00","32"
"269",281,"01-01-2021 18:00","01-01-2021 18:15","29"
"270",282,"01-01-2021 18:15","01-01-2021 18:30","26.8"
"271",283,"01-01-2021 18:30","01-01-2021 18:45","32.6"
"272",284,"01-01-2021 18:45","01-01-2021 19:00","37.5"
"273",285,"01-01-2021 19:00","01-01-2021 19:15","38.5"
"274",286,"01-01-2021 19:15","01-01-2021 19:30","None"
"275",287,"01-01-2021 19:30","01-01-2021 19:45","49"
"276",288,"01-01-2021 19:45","01-01-2021 20:00","52.2"
"277",289,"01-01-2021 20:00","01-01-2021 20:15","40.5"
"278",290,"01-01-2021 20:15","01-01-2021 20:30","25.4"
"279",291,"01-01-2021 20:30","01-01-2021 20:45","26.7"
"280",292,"01-01-2021 20:45","01-01-2021 21:00","27.6"
"281",293,"01-01-2021 21:00","01-01-2021 21:15","27.5"
"282",294,"01-01-2021 21:15","01-01-2021 21:30","30.2"
"283",295,"01-01-2021 21:30","01-01-2021 21:45","30.5"
"284",296,"01-01-2021 21:45","01-01-2021 22:00","31"
"285",297,"01-01-2021 22:00","01-01-2021 22:15","28.2"
"286",298,"01-01-2021 22:15","01-01-2021 22:30","22.4"
"287",299,"01-01-2021 22:30","01-01-2021 22:45","16.3"
"288",300,"01-01-2021 22:45","01-01-2021 23:00","12.4"
"289",301,"01-01-2021 23:00","01-01-2021 23:15","3.4"
"290",302,"01-01-2021 23:15","01-01-2021 23:30","None"
"291",303,"01-01-2021 23:30","01-01-2021 23:45","None"
"292",304,"01-01-2021 23:45","02-01-2021 00:00","None"
"293",305,"02-01-2021 00:00","02-01-2021 00:15","0.1"
"294",306,"02-01-2021 00:15","02-01-2021 00:30","None"
"295",307,"02-01-2021 00:30","02-01-2021 00:45","11.1"
"296",308,"02-01-2021 00:45","02-01-2021 01:00","10.6"
"297",309,"02-01-2021 01:00","02-01-2021 01:15","10.9"
"298",310,"02-01-2021 01:15","02-01-2021 01:30","10.2"
"299",311,"02-01-2021 01:30","02-01-2021 01:45","10.8"
"300",312,"02-01-2021 01:45","02-01-2021 02:00","10.5"
"301",313,"02-01-2021 02:00","02-01-2021 02:15","10.1"
"302",314,"02-01-2021 02:15","02-01-2021 02:30","9.4"
"303",315,"02-01-2021 02:30","02-01-2021 02:45","9.3"
"304",316,"02-01-2021 02:45","02-01-2021 03:00","9.1"
"305",317,"02-01-2021 03:00","02-01-2021 03:15","9.4"
"306",318,"02-01-2021 03:15","02-01-2021 03:30","9.1"
"307",319,"02-01-2021 03:30","02-01-2021 03:45","8.8"
"308",320,"02-01-2021 03:45","02-01-2021 04:00","9.1"
"309",321,"02-01-2021 04:00","02-01-2021 04:15","9.8"
"310",322,"02-01-2021 04:15","02-01-2021 04:30","10.6"
"311",323,"02-01-2021 04:30","02-01-2021 04:45","10.9"
"312",324,"02-01-2021 04:45","02-01-2021 05:00","None"
"313",325,"02-01-2021 05:00","02-01-2021 05:15","11.3"
"314",326,"02-01-2021 05:15","02-01-2021 05:30","11.7"
"315",327,"02-01-2021 05:30","02-01-2021 05:45","12.1"
"316",328,"02-01-2021 05:45","02-01-2021 06:00","None"
"317",329,"02-01-2021 06:00","02-01-2021 06:15","11.7"
"318",330,"02-01-2021 06:15","02-01-2021 06:30","12"
"319",331,"02-01-2021 06:30","02-01-2021 06:45","11.5"
"320",332,"02-01-2021 06:45","02-01-2021 07:00","None"
"321",333,"02-01-2021 07:00","02-01-2021 07:15","13.6"
"322",334,"02-01-2021 07:15","02-01-2021 07:30","14.2"
"323",335,"02-01-2021 07:30","02-01-2021 07:45","15.1"
"324",336,"02-01-2021 07:45","02-01-2021 08:00","17.4"
"325",337,"02-01-2021 08:00","02-01-2021 08:15","17.4"
"326",338,"02-01-2021 08:15","02-01-2021 08:30","16.8"
"327",339,"02-01-2021 08:30","02-01-2021 08:45","16.3"
"328",340,"02-01-2021 08:45","02-01-2021 09:00","16.2"
"329",341,"02-01-2021 09:00","02-01-2021 09:15","18.3"
"330",342,"02-01-2021 09:15","02-01-2021 09:30","18.9"
"331",343,"02-01-2021 09:30","02-01-2021 09:45","None"
"332",344,"02-01-2021 09:45","02-01-2021 10:00","None"
"333",345,"02-01-2021 10:00","02-01-2021 10:15","None"
"334",346,"02-01-2021 10:15","02-01-2021 10:30","20.4"
"335",347,"02-01-2021 10:30","02-01-2021 10:45","None"
"336",348,"02-01-2021 10:45","02-01-2021 11:00","None"
"337",349,"02-01-2021 11:00","02-01-2021 11:15","None"
"338",350,"02-01-2021 11:15","02-01-2021 11:30","18.2"
"339",351,"02-01-2021 11:30","02-01-2021 11:45","16.5"
"340",352,"02-01-2021 11:45","02-01-2021 12:00","16"
"341",353,"02-01-2021 12:00","02-01-2021 12:15","15.7"
"342",354,"02-01-2021 12:15","02-01-2021 12:30","15.2"
"343",355,"02-01-2021 12:30","02-01-2021 12:45","15.4"
"344",356,"02-01-2021 12:45","02-01-2021 13:00","16.2"
"345",357,"02-01-2021 13:00","02-01-2021 13:15","16.6"
"346",358,"02-01-2021 13:15","02-01-2021 13:30","16.7"
"347",359,"02-01-2021 13:30","02-01-2021 13:45","16.6"
"348",360,"02-01-2021 13:45","02-01-2021 14:00","16.9"
"349",361,"02-01-2021 14:00","02-01-2021 14:15","17.8"
"350",362,"02-01-2021 14:15","02-01-2021 14:30","None"
"351",363,"02-01-2021 14:30","02-01-2021 14:45","17.2"
"352",364,"02-01-2021 14:45","02-01-2021 15:00","18"
"353",365,"02-01-2021 15:00","02-01-2021 15:15","17.1"
"354",366,"02-01-2021 15:15","02-01-2021 15:30","17.1"
"355",367,"02-01-2021 15:30","02-01-2021 15:45","18.4"
"356",368,"02-01-2021 15:45","02-01-2021 16:00","19.1"
"357",369,"02-01-2021 16:00","02-01-2021 16:15","19.5"
"358",370,"02-01-2021 16:15","02-01-2021 16:30","21.3"
"359",371,"02-01-2021 16:30","02-01-2021 16:45","22.1"
"360",372,"02-01-2021 16:45","02-01-2021 17:00","20.6"
"361",373,"02-01-2021 17:00","02-01-2021 17:15","21.9"
"362",374,"02-01-2021 17:15","02-01-2021 17:30","25.9"
"363",375,"02-01-2021 17:30","02-01-2021 17:45","34.6"
"364",376,"02-01-2021 17:45","02-01-2021 18:00","38.3"
"365",377,"02-01-2021 18:00","02-01-2021 18:15","43.9"
"366",378,"02-01-2021 18:15","02-01-2021 18:30","44.2"
"367",379,"02-01-2021 18:30","02-01-2021 18:45","41.6"
"368",380,"02-01-2021 18:45","02-01-2021 19:00","45.2"
"369",381,"02-01-2021 19:00","02-01-2021 19:15","44.6"
"370",382,"02-01-2021 19:15","02-01-2021 19:30","40.5"
"371",383,"02-01-2021 19:30","02-01-2021 19:45","41.8"
"372",384,"02-01-2021 19:45","02-01-2021 20:00","44.9"
"373",385,"02-01-2021 20:00","02-01-2021 20:15","38.6"
"374",386,"02-01-2021 20:15","02-01-2021 20:30","20.6"
"375",387,"02-01-2021 20:30","02-01-2021 20:45","None"
"376",388,"02-01-2021 20:45","02-01-2021 21:00","24.3"
"377",389,"02-01-2021 21:00","02-01-2021 21:15","22.5"
"378",390,"02-01-2021 21:15","02-01-2021 21:30","20.5"
"379",391,"02-01-2021 21:30","02-01-2021 21:45","15.9"
"380",392,"02-01-2021 21:45","02-01-2021 22:00","15.3"
"381",393,"02-01-2021 22:00","02-01-2021 22:15","10"
"382",394,"02-01-2021 22:15","02-01-2021 22:30","7.8"
"383",395,"02-01-2021 22:30","02-01-2021 22:45","8.5"
"384",396,"02-01-2021 22:45","02-01-2021 23:00","5"
"385",397,"02-01-2021 23:00","02-01-2021 23:15","2.1"
"386",398,"02-01-2021 23:15","02-01-2021 23:30","0.8"
"387",399,"02-01-2021 23:30","02-01-2021 23:45","None"
"388",400,"02-01-2021 23:45","03-01-2021 00:00","None"
"389",401,"03-01-2021 00:00","03-01-2021 00:15","0.4"
"390",402,"03-01-2021 00:15","03-01-2021 00:30","13"
"391",403,"03-01-2021 00:30","03-01-2021 00:45","13.8"
"392",404,"03-01-2021 00:45","03-01-2021 01:00","None"
"393",405,"03-01-2021 01:00","03-01-2021 01:15","14.5"
"394",406,"03-01-2021 01:15","03-01-2021 01:30","15.6"
"395",407,"03-01-2021 01:30","03-01-2021 01:45","17.2"
"396",408,"03-01-2021 01:45","03-01-2021 02:00","17.1"
"397",409,"03-01-2021 02:00","03-01-2021 02:15","16.7"
"398",410,"03-01-2021 02:15","03-01-2021 02:30","17.5"
"399",411,"03-01-2021 02:30","03-01-2021 02:45","20.1"
"400",412,"03-01-2021 02:45","03-01-2021 03:00","19.7"
"401",413,"03-01-2021 03:00","03-01-2021 03:15","16.4"
"402",414,"03-01-2021 03:15","03-01-2021 03:30","14"
"403",415,"03-01-2021 03:30","03-01-2021 03:45","12.7"
"404",416,"03-01-2021 03:45","03-01-2021 04:00","12.3"
"405",417,"03-01-2021 04:00","03-01-2021 04:15","12.7"
"406",418,"03-01-2021 04:15","03-01-2021 04:30","12.7"
"407",419,"03-01-2021 04:30","03-01-2021 04:45","12.6"
"408",420,"03-01-2021 04:45","03-01-2021 05:00","13.3"
"409",421,"03-01-2021 05:00","03-01-2021 05:15","14.3"
"410",422,"03-01-2021 05:15","03-01-2021 05:30","13.9"
"411",423,"03-01-2021 05:30","03-01-2021 05:45","14.1"
"412",424,"03-01-2021 05:45","03-01-2021 06:00","13.9"
"413",425,"03-01-2021 06:00","03-01-2021 06:15","13"
"414",426,"03-01-2021 06:15","03-01-2021 06:30","13.2"
"415",427,"03-01-2021 06:30","03-01-2021 06:45","13.5"
"416",428,"03-01-2021 06:45","03-01-2021 07:00","13.7"
"417",429,"03-01-2021 07:00","03-01-2021 07:15","14.2"
"418",430,"03-01-2021 07:15","03-01-2021 07:30","15"
"419",431,"03-01-2021 07:30","03-01-2021 07:45","15.7"
"420",432,"03-01-2021 07:45","03-01-2021 08:00","None"
"421",433,"03-01-2021 08:00","03-01-2021 08:15","16.5"
"422",434,"03-01-2021 08:15","03-01-2021 08:30","18.5"
"423",435,"03-01-2021 08:30","03-01-2021 08:45","20.5"
"424",436,"03-01-2021 08:45","03-01-2021 09:00","20.8"
"425",437,"03-01-2021 09:00","03-01-2021 09:15","19"
"426",438,"03-01-2021 09:15","03-01-2021 09:30","20.8"
"427",439,"03-01-2021 09:30","03-01-2021 09:45","None"
"428",440,"03-01-2021 09:45","03-01-2021 10:00","None"
"429",441,"03-01-2021 10:00","03-01-2021 10:15","None"
"430",442,"03-01-2021 10:15","03-01-2021 10:30","20"
"431",443,"03-01-2021 10:30","03-01-2021 10:45","None"
"432",444,"03-01-2021 10:45","03-01-2021 11:00","None"
"433",445,"03-01-2021 11:00","03-01-2021 11:15","None"
"434",446,"03-01-2021 11:15","03-01-2021 11:30","18.2"
"435",447,"03-01-2021 11:30","03-01-2021 11:45","17.7"
"436",448,"03-01-2021 11:45","03-01-2021 12:00","17.6"
"437",449,"03-01-2021 12:00","03-01-2021 12:15","17.2"
"438",450,"03-01-2021 12:15","03-01-2021 12:30","18.7"
"439",451,"03-01-2021 12:30","03-01-2021 12:45","37.9"
"440",452,"03-01-2021 12:45","03-01-2021 13:00","47.5"
"441",453,"03-01-2021 13:00","03-01-2021 13:15","48.8"
"442",454,"03-01-2021 13:15","03-01-2021 13:30","41"
"443",455,"03-01-2021 13:30","03-01-2021 13:45","35.2"
"444",456,"03-01-2021 13:45","03-01-2021 14:00","31.6"
"445",457,"03-01-2021 14:00","03-01-2021 14:15","29.4"
"446",458,"03-01-2021 14:15","03-01-2021 14:30","26.4"
"447",459,"03-01-2021 14:30","03-01-2021 14:45","24.3"
"448",460,"03-01-2021 14:45","03-01-2021 15:00","23"
"449",461,"03-01-2021 15:00","03-01-2021 15:15","21.9"
"450",462,"03-01-2021 15:15","03-01-2021 15:30","21"
"451",463,"03-01-2021 15:30","03-01-2021 15:45","21.9"
"452",464,"03-01-2021 15:45","03-01-2021 16:00","22.3"
"453",465,"03-01-2021 16:00","03-01-2021 16:15","22.1"
"454",466,"03-01-2021 16:15","03-01-2021 16:30","20.6"
"455",467,"03-01-2021 16:30","03-01-2021 16:45","19.9"
"456",468,"03-01-2021 16:45","03-01-2021 17:00","21.7"
"457",469,"03-01-2021 17:00","03-01-2021 17:15","25.7"
"458",470,"03-01-2021 17:15","03-01-2021 17:30","29.9"
"459",471,"03-01-2021 17:30","03-01-2021 17:45","36.7"
"460",472,"03-01-2021 17:45","03-01-2021 18:00","37.1"
"461",473,"03-01-2021 18:00","03-01-2021 18:15","34.9"
"462",474,"03-01-2021 18:15","03-01-2021 18:30","33.7"
"463",475,"03-01-2021 18:30","03-01-2021 18:45","31.4"
"464",476,"03-01-2021 18:45","03-01-2021 19:00","34.2"
"465",477,"03-01-2021 19:00","03-01-2021 19:15","35.7"
"466",478,"03-01-2021 19:15","03-01-2021 19:30","32.8"
"467",479,"03-01-2021 19:30","03-01-2021 19:45","30.1"
"468",480,"03-01-2021 19:45","03-01-2021 20:00","29"
"469",481,"03-01-2021 20:00","03-01-2021 20:15","25.3"
"470",482,"03-01-2021 20:15","03-01-2021 20:30","12.8"
"471",483,"03-01-2021 20:30","03-01-2021 20:45","11.5"
"472",484,"03-01-2021 20:45","03-01-2021 21:00","10.2"
"473",485,"03-01-2021 21:00","03-01-2021 21:15","9.5"
"474",486,"03-01-2021 21:15","03-01-2021 21:30","9.4"
"475",487,"03-01-2021 21:30","03-01-2021 21:45","10"
"476",488,"03-01-2021 21:45","03-01-2021 22:00","10.6"
"477",489,"03-01-2021 22:00","03-01-2021 22:15","9.3"
"478",490,"03-01-2021 22:15","03-01-2021 22:30","8.3"
"479",491,"03-01-2021 22:30","03-01-2021 22:45","7.7"
"480",492,"03-01-2021 22:45","03-01-2021 23:00","7.3"
"481",493,"03-01-2021 23:00","03-01-2021 23:15","7.5"
"482",494,"03-01-2021 23:15","03-01-2021 23:30","6.7"
"483",495,"03-01-2021 23:30","03-01-2021 23:45","None"
"484",496,"03-01-2021 23:45","04-01-2021 00:00","None"
"485",497,"04-01-2021 00:00","04-01-2021 00:15","7"
"486",498,"04-01-2021 00:15","04-01-2021 00:30","12.7"
"487",499,"04-01-2021 00:30","04-01-2021 00:45","14.5"
"488",500,"04-01-2021 00:45","04-01-2021 01:00","14.1"
"489",501,"04-01-2021 01:00","04-01-2021 01:15","14.4"
"490",502,"04-01-2021 01:15","04-01-2021 01:30","14"
"491",503,"04-01-2021 01:30","04-01-2021 01:45","14"
"492",504,"04-01-2021 01:45","04-01-2021 02:00","13.8"
"493",505,"04-01-2021 02:00","04-01-2021 02:15","14.2"
"494",506,"04-01-2021 02:15","04-01-2021 02:30","13.7"
"495",507,"04-01-2021 02:30","04-01-2021 02:45","14.1"
"496",508,"04-01-2021 02:45","04-01-2021 03:00","14.8"
"497",509,"04-01-2021 03:00","04-01-2021 03:15","15.1"
"498",510,"04-01-2021 03:15","04-01-2021 03:30","14.7"
"499",511,"04-01-2021 03:30","04-01-2021 03:45","15.3"
"500",512,"04-01-2021 03:45","04-01-2021 04:00","14.9"
"501",513,"04-01-2021 04:00","04-01-2021 04:15","14.6"
"502",514,"04-01-2021 04:15","04-01-2021 04:30","14.2"
"503",515,"04-01-2021 04:30","04-01-2021 04:45","14.1"
"504",516,"04-01-2021 04:45","04-01-2021 05:00","14.4"
"505",517,"04-01-2021 05:00","04-01-2021 05:15","14.5"
"506",518,"04-01-2021 05:15","04-01-2021 05:30","14.1"
"507",519,"04-01-2021 05:30","04-01-2021 05:45","13.9"
"508",520,"04-01-2021 05:45","04-01-2021 06:00","14"
"509",521,"04-01-2021 06:00","04-01-2021 06:15","13.3"
"510",522,"04-01-2021 06:15","04-01-2021 06:30","13.8"
"511",523,"04-01-2021 06:30","04-01-2021 06:45","14.9"
"512",524,"04-01-2021 06:45","04-01-2021 07:00","15"
"513",525,"04-01-2021 07:00","04-01-2021 07:15","15.6"
"514",526,"04-01-2021 07:15","04-01-2021 07:30","16.4"
"515",527,"04-01-2021 07:30","04-01-2021 07:45","16.2"
"516",528,"04-01-2021 07:45","04-01-2021 08:00","17.6"
"517",529,"04-01-2021 08:00","04-01-2021 08:15","17.7"
"518",530,"04-01-2021 08:15","04-01-2021 08:30","17.6"
"519",531,"04-01-2021 08:30","04-01-2021 08:45","18.3"
"520",532,"04-01-2021 08:45","04-01-2021 09:00","18.6"
"521",533,"04-01-2021 09:00","04-01-2021 09:15","20.1"
"522",534,"04-01-2021 09:15","04-01-2021 09:30","21.9"
"523",535,"04-01-2021 09:30","04-01-2021 09:45","None"
"524",536,"04-01-2021 09:45","04-01-2021 10:00","None"
"525",537,"04-01-2021 10:00","04-01-2021 10:15","None"
"526",538,"04-01-2021 10:15","04-01-2021 10:30","19.3"
"527",539,"04-01-2021 10:30","04-01-2021 10:45","None"
"528",540,"04-01-2021 10:45","04-01-2021 11:00","None"
"529",541,"04-01-2021 11:00","04-01-2021 11:15","None"
"530",542,"04-01-2021 11:15","04-01-2021 11:30","21.9"
"531",543,"04-01-2021 11:30","04-01-2021 11:45","23.4"
"532",544,"04-01-2021 11:45","04-01-2021 12:00","24.1"
"533",545,"04-01-2021 12:00","04-01-2021 12:15","None"
"534",546,"04-01-2021 12:15","04-01-2021 12:30","None"
"535",547,"04-01-2021 12:30","04-01-2021 12:45","None"
"536",548,"04-01-2021 12:45","04-01-2021 13:00","151.3"
"537",549,"04-01-2021 13:00","04-01-2021 13:15","15.1"
"538",550,"04-01-2021 13:15","04-01-2021 13:30","25.2"
"539",551,"04-01-2021 13:30","04-01-2021 13:45","23.7"
"540",552,"04-01-2021 13:45","04-01-2021 14:00","21.9"
"541",553,"04-01-2021 14:00","04-01-2021 14:15","21.8"
"542",554,"04-01-2021 14:15","04-01-2021 14:30","22.3"
"543",555,"04-01-2021 14:30","04-01-2021 14:45","23.3"
"544",556,"04-01-2021 14:45","04-01-2021 15:00","23.1"
"545",557,"04-01-2021 15:00","04-01-2021 15:15","21.9"
"546",558,"04-01-2021 15:15","04-01-2021 15:30","20"
"547",559,"04-01-2021 15:30","04-01-2021 15:45","18.4"
"548",560,"04-01-2021 15:45","04-01-2021 16:00","18.1"
"549",561,"04-01-2021 16:00","04-01-2021 16:15","18.7"
"550",562,"04-01-2021 16:15","04-01-2021 16:30","20.5"
"551",563,"04-01-2021 16:30","04-01-2021 16:45","22"
"552",564,"04-01-2021 16:45","04-01-2021 17:00","22.6"
"553",565,"04-01-2021 17:00","04-01-2021 17:15","21.5"
"554",566,"04-01-2021 17:15","04-01-2021 17:30","20.4"
"555",567,"04-01-2021 17:30","04-01-2021 17:45","21"
"556",568,"04-01-2021 17:45","04-01-2021 18:00","23.6"
"557",569,"04-01-2021 18:00","04-01-2021 18:15","24.1"
"558",570,"04-01-2021 18:15","04-01-2021 18:30","23.8"
"559",571,"04-01-2021 18:30","04-01-2021 18:45","24.7"
"560",572,"04-01-2021 18:45","04-01-2021 19:00","24.3"
"561",573,"04-01-2021 19:00","04-01-2021 19:15","24.3"
"562",574,"04-01-2021 19:15","04-01-2021 19:30","24.2"
"563",575,"04-01-2021 19:30","04-01-2021 19:45","23.6"
"564",576,"04-01-2021 19:45","04-01-2021 20:00","23.5"
"565",577,"04-01-2021 20:00","04-01-2021 20:15","22.6"
"566",578,"04-01-2021 20:15","04-01-2021 20:30","16.8"
"567",579,"04-01-2021 20:30","04-01-2021 20:45","14.4"
"568",580,"04-01-2021 20:45","04-01-2021 21:00","13.8"
"569",581,"04-01-2021 21:00","04-01-2021 21:15","14.1"
"570",582,"04-01-2021 21:15","04-01-2021 21:30","14.2"
"571",583,"04-01-2021 21:30","04-01-2021 21:45","12.2"
"572",584,"04-01-2021 21:45","04-01-2021 22:00","11"
"573",585,"04-01-2021 22:00","04-01-2021 22:15","10.1"
"574",586,"04-01-2021 22:15","04-01-2021 22:30","9.6"
"575",587,"04-01-2021 22:30","04-01-2021 22:45","9.5"
"576",588,"04-01-2021 22:45","04-01-2021 23:00","8.8"
"577",589,"04-01-2021 23:00","04-01-2021 23:15","8.8"
"578",590,"04-01-2021 23:15","04-01-2021 23:30","8.6"
"579",591,"04-01-2021 23:30","04-01-2021 23:45","None"
"580",592,"04-01-2021 23:45","05-01-2021 00:00","None"
"581",593,"05-01-2021 00:00","05-01-2021 00:15","8.8"
"582",594,"05-01-2021 00:15","05-01-2021 00:30","12.2"
"583",595,"05-01-2021 00:30","05-01-2021 00:45","None"
"584",596,"05-01-2021 00:45","05-01-2021 01:00","13.2"
"585",597,"05-01-2021 01:00","05-01-2021 01:15","13.3"
"586",598,"05-01-2021 01:15","05-01-2021 01:30","12.9"
"587",599,"05-01-2021 01:30","05-01-2021 01:45","13"
"588",600,"05-01-2021 01:45","05-01-2021 02:00","13.3"
"589",601,"05-01-2021 02:00","05-01-2021 02:15","13.7"
"590",602,"05-01-2021 02:15","05-01-2021 02:30","13.7"
"591",603,"05-01-2021 02:30","05-01-2021 02:45","14.1"
"592",604,"05-01-2021 02:45","05-01-2021 03:00","14.1"
"593",605,"05-01-2021 03:00","05-01-2021 03:15","13.9"
"594",606,"05-01-2021 03:15","05-01-2021 03:30","15.2"
"595",607,"05-01-2021 03:30","05-01-2021 03:45","16"
"596",608,"05-01-2021 03:45","05-01-2021 04:00","15.3"
"597",609,"05-01-2021 04:00","05-01-2021 04:15","14.7"
"598",610,"05-01-2021 04:15","05-01-2021 04:30","12.5"
"599",611,"05-01-2021 04:30","05-01-2021 04:45","11.7"
"600",612,"05-01-2021 04:45","05-01-2021 05:00","11.3"
"601",613,"05-01-2021 05:00","05-01-2021 05:15","11.3"
"602",614,"05-01-2021 05:15","05-01-2021 05:30","12.3"
"603",615,"05-01-2021 05:30","05-01-2021 05:45","12.8"
"604",616,"05-01-2021 05:45","05-01-2021 06:00","12.9"
"605",617,"05-01-2021 06:00","05-01-2021 06:15","13.1"
"606",618,"05-01-2021 06:15","05-01-2021 06:30","13.1"
"607",619,"05-01-2021 06:30","05-01-2021 06:45","12.8"
"608",620,"05-01-2021 06:45","05-01-2021 07:00","12.6"
"609",621,"05-01-2021 07:00","05-01-2021 07:15","12.1"
"610",622,"05-01-2021 07:15","05-01-2021 07:30","11.8"
"611",623,"05-01-2021 07:30","05-01-2021 07:45","12.1"
"612",624,"05-01-2021 07:45","05-01-2021 08:00","11.8"
"613",625,"05-01-2021 08:00","05-01-2021 08:15","12.5"
"614",626,"05-01-2021 08:15","05-01-2021 08:30","15.7"
"615",627,"05-01-2021 08:30","05-01-2021 08:45","16.7"
"616",628,"05-01-2021 08:45","05-01-2021 09:00","18.2"
"617",629,"05-01-2021 09:00","05-01-2021 09:15","20.6"
"618",630,"05-01-2021 09:15","05-01-2021 09:30","22.9"
"619",631,"05-01-2021 09:30","05-01-2021 09:45","None"
"620",632,"05-01-2021 09:45","05-01-2021 10:00","None"
"621",633,"05-01-2021 10:00","05-01-2021 10:15","None"
"622",634,"05-01-2021 10:15","05-01-2021 10:30","25.2"
"623",635,"05-01-2021 10:30","05-01-2021 10:45","None"
"624",636,"05-01-2021 10:45","05-01-2021 11:00","None"
"625",637,"05-01-2021 11:00","05-01-2021 11:15","None"
"626",638,"05-01-2021 11:15","05-01-2021 11:30","23.2"
"627",639,"05-01-2021 11:30","05-01-2021 11:45","25.5"
"628",640,"05-01-2021 11:45","05-01-2021 12:00","30.7"
"629",641,"05-01-2021 12:00","05-01-2021 12:15","28.8"
"630",642,"05-01-2021 12:15","05-01-2021 12:30","20.6"
"631",643,"05-01-2021 12:30","05-01-2021 12:45","18.3"
"632",644,"05-01-2021 12:45","05-01-2021 13:00","20.4"
"633",645,"05-01-2021 13:00","05-01-2021 13:15","21.7"
"634",646,"05-01-2021 13:15","05-01-2021 13:30","20.9"
"635",647,"05-01-2021 13:30","05-01-2021 13:45","22.6"
"636",648,"05-01-2021 13:45","05-01-2021 14:00","None"
"637",649,"05-01-2021 14:00","05-01-2021 14:15","18.2"
"638",650,"05-01-2021 14:15","05-01-2021 14:30","17.6"
"639",651,"05-01-2021 14:30","05-01-2021 14:45","17.2"
"640",652,"05-01-2021 14:45","05-01-2021 15:00","None"
"641",653,"05-01-2021 15:00","05-01-2021 15:15","17.4"
"642",654,"05-01-2021 15:15","05-01-2021 15:30","16.4"
"643",655,"05-01-2021 15:30","05-01-2021 15:45","16.1"
"644",656,"05-01-2021 15:45","05-01-2021 16:00","17.1"
"645",657,"05-01-2021 16:00","05-01-2021 16:15","18.4"
"646",658,"05-01-2021 16:15","05-01-2021 16:30","22.9"
"647",659,"05-01-2021 16:30","05-01-2021 16:45","23.8"
"648",660,"05-01-2021 16:45","05-01-2021 17:00","23.8"
"649",661,"05-01-2021 17:00","05-01-2021 17:15","23.2"
"650",662,"05-01-2021 17:15","05-01-2021 17:30","24.5"
"651",663,"05-01-2021 17:30","05-01-2021 17:45","31.6"
"652",664,"05-01-2021 17:45","05-01-2021 18:00","29.3"
"653",665,"05-01-2021 18:00","05-01-2021 18:15","24.7"
"654",666,"05-01-2021 18:15","05-01-2021 18:30","25.2"
"655",667,"05-01-2021 18:30","05-01-2021 18:45","30.2"
"656",668,"05-01-2021 18:45","05-01-2021 19:00","34.7"
"657",669,"05-01-2021 19:00","05-01-2021 19:15","33.7"
"658",670,"05-01-2021 19:15","05-01-2021 19:30","34.9"
"659",671,"05-01-2021 19:30","05-01-2021 19:45","35.8"
"660",672,"05-01-2021 19:45","05-01-2021 20:00","39.5"
"661",673,"05-01-2021 20:00","05-01-2021 20:15","32.1"
"662",674,"05-01-2021 20:15","05-01-2021 20:30","17.9"
"663",675,"05-01-2021 20:30","05-01-2021 20:45","18.2"
"664",676,"05-01-2021 20:45","05-01-2021 21:00","20.6"
"665",677,"05-01-2021 21:00","05-01-2021 21:15","22.9"
"666",678,"05-01-2021 21:15","05-01-2021 21:30","24.5"
"667",679,"05-01-2021 21:30","05-01-2021 21:45","None"
"668",680,"05-01-2021 21:45","05-01-2021 22:00","None"
"669",681,"05-01-2021 22:00","05-01-2021 22:15","None"
"670",682,"05-01-2021 22:15","05-01-2021 22:30","None"
"671",683,"05-01-2021 22:30","05-01-2021 22:45","None"
"672",684,"05-01-2021 22:45","05-01-2021 23:00","None"
"673",685,"05-01-2021 23:00","05-01-2021 23:15","None"
"674",686,"05-01-2021 23:15","05-01-2021 23:30","None"
"675",687,"05-01-2021 23:30","05-01-2021 23:45","None"
"676",688,"05-01-2021 23:45","06-01-2021 00:00","None"
"677",689,"06-01-2021 00:00","06-01-2021 00:15","None"
"678",690,"06-01-2021 00:15","06-01-2021 00:30","None"
"679",691,"06-01-2021 00:30","06-01-2021 00:45","None"
"680",692,"06-01-2021 00:45","06-01-2021 01:00","None"
"681",693,"06-01-2021 01:00","06-01-2021 01:15","None"
"682",694,"06-01-2021 01:15","06-01-2021 01:30","None"
"683",695,"06-01-2021 01:30","06-01-2021 01:45","None"
"684",696,"06-01-2021 01:45","06-01-2021 02:00","None"
"685",697,"06-01-2021 02:00","06-01-2021 02:15","None"
"686",698,"06-01-2021 02:15","06-01-2021 02:30","None"
"687",699,"06-01-2021 02:30","06-01-2021 02:45","None"
"688",700,"06-01-2021 02:45","06-01-2021 03:00","None"
"689",701,"06-01-2021 03:00","06-01-2021 03:15","None"
"690",702,"06-01-2021 03:15","06-01-2021 03:30","None"
"691",703,"06-01-2021 03:30","06-01-2021 03:45","None"
"692",704,"06-01-2021 03:45","06-01-2021 04:00","None"
"693",705,"06-01-2021 04:00","06-01-2021 04:15","None"
"694",706,"06-01-2021 04:15","06-01-2021 04:30","None"
"695",707,"06-01-2021 04:30","06-01-2021 04:45","None"
"696",708,"06-01-2021 04:45","06-01-2021 05:00","None"
"697",709,"06-01-2021 05:00","06-01-2021 05:15","None"
"698",710,"06-01-2021 05:15","06-01-2021 05:30","None"
"699",711,"06-01-2021 05:30","06-01-2021 05:45","None"
"700",712,"06-01-2021 05:45","06-01-2021 06:00","None"
"701",713,"06-01-2021 06:00","06-01-2021 06:15","None"
"702",714,"06-01-2021 06:15","06-01-2021 06:30","None"
"703",715,"06-01-2021 06:30","06-01-2021 06:45","None"
"704",716,"06-01-2021 06:45","06-01-2021 07:00","None"
"705",717,"06-01-2021 07:00","06-01-2021 07:15","None"
"706",718,"06-01-2021 07:15","06-01-2021 07:30","None"
"707",719,"06-01-2021 07:30","06-01-2021 07:45","None"
"708",720,"06-01-2021 07:45","06-01-2021 08:00","None"
"709",721,"06-01-2021 08:00","06-01-2021 08:15","None"
"710",722,"06-01-2021 08:15","06-01-2021 08:30","None"
"711",723,"06-01-2021 08:30","06-01-2021 08:45","None"
"712",724,"06-01-2021 08:45","06-01-2021 09:00","None"
"713",725,"06-01-2021 09:00","06-01-2021 09:15","None"
"714",726,"06-01-2021 09:15","06-01-2021 09:30","None"
"715",727,"06-01-2021 09:30","06-01-2021 09:45","None"
"716",728,"06-01-2021 09:45","06-01-2021 10:00","None"
"717",729,"06-01-2021 10:00","06-01-2021 10:15","None"
"718",730,"06-01-2021 10:15","06-01-2021 10:30","None"
"719",731,"06-01-2021 10:30","06-01-2021 10:45","None"
"720",732,"06-01-2021 10:45","06-01-2021 11:00","None"
"721",733,"06-01-2021 11:00","06-01-2021 11:15","None"
"722",734,"06-01-2021 11:15","06-01-2021 11:30","None"
"723",735,"06-01-2021 11:30","06-01-2021 11:45","None"
"724",736,"06-01-2021 11:45","06-01-2021 12:00","None"
"725",737,"06-01-2021 12:00","06-01-2021 12:15","None"
"726",738,"06-01-2021 12:15","06-01-2021 12:30","None"
"727",739,"06-01-2021 12:30","06-01-2021 12:45","None"
"728",740,"06-01-2021 12:45","06-01-2021 13:00","None"
"729",741,"06-01-2021 13:00","06-01-2021 13:15","None"
"730",742,"06-01-2021 13:15","06-01-2021 13:30","None"
"731",743,"06-01-2021 13:30","06-01-2021 13:45","None"
"732",744,"06-01-2021 13:45","06-01-2021 14:00","None"
"733",745,"06-01-2021 14:00","06-01-2021 14:15","None"
"734",746,"06-01-2021 14:15","06-01-2021 14:30","None"
"735",747,"06-01-2021 14:30","06-01-2021 14:45","None"
"736",748,"06-01-2021 14:45","06-01-2021 15:00","25.3"
"737",749,"06-01-2021 15:00","06-01-2021 15:15","None"
"738",750,"06-01-2021 15:15","06-01-2021 15:30","26.5"
"739",751,"06-01-2021 15:30","06-01-2021 15:45","28.6"
"740",752,"06-01-2021 15:45","06-01-2021 16:00","26.1"
"741",753,"06-01-2021 16:00","06-01-2021 16:15","25.3"
"742",754,"06-01-2021 16:15","06-01-2021 16:30","23.5"
"743",755,"06-01-2021 16:30","06-01-2021 16:45","21.4"
"744",756,"06-01-2021 16:45","06-01-2021 17:00","21.4"
"745",757,"06-01-2021 17:00","06-01-2021 17:15","22.1"
"746",758,"06-01-2021 17:15","06-01-2021 17:30","22.4"
"747",759,"06-01-2021 17:30","06-01-2021 17:45","21.5"
"748",760,"06-01-2021 17:45","06-01-2021 18:00","20.5"
"749",761,"06-01-2021 18:00","06-01-2021 18:15","19.9"
"750",762,"06-01-2021 18:15","06-01-2021 18:30","20"
"751",763,"06-01-2021 18:30","06-01-2021 18:45","19.7"
"752",764,"06-01-2021 18:45","06-01-2021 19:00","19.4"
"753",765,"06-01-2021 19:00","06-01-2021 19:15","19.1"
"754",766,"06-01-2021 19:15","06-01-2021 19:30","19.2"
"755",767,"06-01-2021 19:30","06-01-2021 19:45","19.4"
"756",768,"06-01-2021 19:45","06-01-2021 20:00","19.4"
"757",769,"06-01-2021 20:00","06-01-2021 20:15","18.9"
"758",770,"06-01-2021 20:15","06-01-2021 20:30","16.7"
"759",771,"06-01-2021 20:30","06-01-2021 20:45","15.5"
"760",772,"06-01-2021 20:45","06-01-2021 21:00","14.8"
"761",773,"06-01-2021 21:00","06-01-2021 21:15","14.8"
"762",774,"06-01-2021 21:15","06-01-2021 21:30","15.2"
"763",775,"06-01-2021 21:30","06-01-2021 21:45","16.8"
"764",776,"06-01-2021 21:45","06-01-2021 22:00","16.4"
"765",777,"06-01-2021 22:00","06-01-2021 22:15","14.9"
"766",778,"06-01-2021 22:15","06-01-2021 22:30","14.2"
"767",779,"06-01-2021 22:30","06-01-2021 22:45","14.1"
"768",780,"06-01-2021 22:45","06-01-2021 23:00","13.3"
"769",781,"06-01-2021 23:00","06-01-2021 23:15","13.2"
"770",782,"06-01-2021 23:15","06-01-2021 23:30","13.4"
"771",783,"06-01-2021 23:30","06-01-2021 23:45","None"
"772",784,"06-01-2021 23:45","07-01-2021 00:00","14.3"
"773",785,"07-01-2021 00:00","07-01-2021 00:15","None"
"774",786,"07-01-2021 00:15","07-01-2021 00:30","15"
"775",787,"07-01-2021 00:30","07-01-2021 00:45","16"
"776",788,"07-01-2021 00:45","07-01-2021 01:00","16.7"
"777",789,"07-01-2021 01:00","07-01-2021 01:15","None"
"778",790,"07-01-2021 01:15","07-01-2021 01:30","14.3"
"779",791,"07-01-2021 01:30","07-01-2021 01:45","13.1"
"780",792,"07-01-2021 01:45","07-01-2021 02:00","12.3"
"781",793,"07-01-2021 02:00","07-01-2021 02:15","12.3"
"782",794,"07-01-2021 02:15","07-01-2021 02:30","12.3"
"783",795,"07-01-2021 02:30","07-01-2021 02:45","11.9"
"784",796,"07-01-2021 02:45","07-01-2021 03:00","11.9"
"785",797,"07-01-2021 03:00","07-01-2021 03:15","11.3"
"786",798,"07-01-2021 03:15","07-01-2021 03:30","11.7"
"787",799,"07-01-2021 03:30","07-01-2021 03:45","11.3"
"788",800,"07-01-2021 03:45","07-01-2021 04:00","11.1"
"789",801,"07-01-2021 04:00","07-01-2021 04:15","11.3"
"790",802,"07-01-2021 04:15","07-01-2021 04:30","11.8"
"791",803,"07-01-2021 04:30","07-01-2021 04:45","12"
"792",804,"07-01-2021 04:45","07-01-2021 05:00","12.5"
"793",805,"07-01-2021 05:00","07-01-2021 05:15","12.1"
"794",806,"07-01-2021 05:15","07-01-2021 05:30","12.1"
"795",807,"07-01-2021 05:30","07-01-2021 05:45","11.8"
"796",808,"07-01-2021 05:45","07-01-2021 06:00","11.7"
"797",809,"07-01-2021 06:00","07-01-2021 06:15","11.9"
"798",810,"07-01-2021 06:15","07-01-2021 06:30","11.7"
"799",811,"07-01-2021 06:30","07-01-2021 06:45","11.8"
"800",812,"07-01-2021 06:45","07-01-2021 07:00","10.7"
"801",813,"07-01-2021 07:00","07-01-2021 07:15","11"
"802",814,"07-01-2021 07:15","07-01-2021 07:30","11.4"
"803",815,"07-01-2021 07:30","07-01-2021 07:45","11.7"
"804",816,"07-01-2021 07:45","07-01-2021 08:00","12.2"
"805",817,"07-01-2021 08:00","07-01-2021 08:15","12.2"
"806",818,"07-01-2021 08:15","07-01-2021 08:30","11.5"
"807",819,"07-01-2021 08:30","07-01-2021 08:45","11.5"
"808",820,"07-01-2021 08:45","07-01-2021 09:00","11.9"
"809",821,"07-01-2021 09:00","07-01-2021 09:15","None"
"810",822,"07-01-2021 09:15","07-01-2021 09:30","11.8"
"811",823,"07-01-2021 09:30","07-01-2021 09:45","None"
"812",824,"07-01-2021 09:45","07-01-2021 10:00","None"
"813",825,"07-01-2021 10:00","07-01-2021 10:15","None"
"814",826,"07-01-2021 10:15","07-01-2021 10:30","10.9"
"815",827,"07-01-2021 10:30","07-01-2021 10:45","None"
"816",828,"07-01-2021 10:45","07-01-2021 11:00","None"
"817",829,"07-01-2021 11:00","07-01-2021 11:15","None"
"818",830,"07-01-2021 11:15","07-01-2021 11:30","10.9"
"819",831,"07-01-2021 11:30","07-01-2021 11:45","10.7"
"820",832,"07-01-2021 11:45","07-01-2021 12:00","11.2"
"821",833,"07-01-2021 12:00","07-01-2021 12:15","None"
"822",834,"07-01-2021 12:15","07-01-2021 12:30","12.2"
"823",835,"07-01-2021 12:30","07-01-2021 12:45","None"
"824",836,"07-01-2021 12:45","07-01-2021 13:00","13.3"
"825",837,"07-01-2021 13:00","07-01-2021 13:15","13.4"
"826",838,"07-01-2021 13:15","07-01-2021 13:30","13.9"
"827",839,"07-01-2021 13:30","07-01-2021 13:45","14.3"
"828",840,"07-01-2021 13:45","07-01-2021 14:00","14"
"829",841,"07-01-2021 14:00","07-01-2021 14:15","13.8"
"830",842,"07-01-2021 14:15","07-01-2021 14:30","13.2"
"831",843,"07-01-2021 14:30","07-01-2021 14:45","13.5"
"832",844,"07-01-2021 14:45","07-01-2021 15:00","12.9"
"833",845,"07-01-2021 15:00","07-01-2021 15:15","13"
"834",846,"07-01-2021 15:15","07-01-2021 15:30","13.7"
"835",847,"07-01-2021 15:30","07-01-2021 15:45","None"
"836",848,"07-01-2021 15:45","07-01-2021 16:00","13.6"
"837",849,"07-01-2021 16:00","07-01-2021 16:15","13.8"
"838",850,"07-01-2021 16:15","07-01-2021 16:30","15.2"
"839",851,"07-01-2021 16:30","07-01-2021 16:45","15.5"
"840",852,"07-01-2021 16:45","07-01-2021 17:00","15.5"
"841",853,"07-01-2021 17:00","07-01-2021 17:15","15.5"
"842",854,"07-01-2021 17:15","07-01-2021 17:30","15.8"
"843",855,"07-01-2021 17:30","07-01-2021 17:45","16.4"
"844",856,"07-01-2021 17:45","07-01-2021 18:00","17.1"
"845",857,"07-01-2021 18:00","07-01-2021 18:15","16.7"
"846",858,"07-01-2021 18:15","07-01-2021 18:30","16.2"
"847",859,"07-01-2021 18:30","07-01-2021 18:45","15.9"
"848",860,"07-01-2021 18:45","07-01-2021 19:00","15.4"
"849",861,"07-01-2021 19:00","07-01-2021 19:15","16.1"
"850",862,"07-01-2021 19:15","07-01-2021 19:30","16.1"
"851",863,"07-01-2021 19:30","07-01-2021 19:45","16.1"
"852",864,"07-01-2021 19:45","07-01-2021 20:00","15.7"
"853",865,"07-01-2021 20:00","07-01-2021 20:15","15.4"
"854",866,"07-01-2021 20:15","07-01-2021 20:30","15.1"
"855",867,"07-01-2021 20:30","07-01-2021 20:45","14.8"
"856",868,"07-01-2021 20:45","07-01-2021 21:00","15"
"857",869,"07-01-2021 21:00","07-01-2021 21:15","15"
"858",870,"07-01-2021 21:15","07-01-2021 21:30","14.4"
"859",871,"07-01-2021 21:30","07-01-2021 21:45","13.7"
"860",872,"07-01-2021 21:45","07-01-2021 22:00","13.3"
"861",873,"07-01-2021 22:00","07-01-2021 22:15","13.2"
"862",874,"07-01-2021 22:15","07-01-2021 22:30","13.4"
"863",875,"07-01-2021 22:30","07-01-2021 22:45","12.8"
"864",876,"07-01-2021 22:45","07-01-2021 23:00","12.9"
"865",877,"07-01-2021 23:00","07-01-2021 23:15","13"
"866",878,"07-01-2021 23:15","07-01-2021 23:30","13.1"
"867",879,"07-01-2021 23:30","07-01-2021 23:45","None"
"868",880,"07-01-2021 23:45","08-01-2021 00:00","12.7"
"869",881,"08-01-2021 00:00","08-01-2021 00:15","12.7"
"870",882,"08-01-2021 00:15","08-01-2021 00:30","12.4"
"871",883,"08-01-2021 00:30","08-01-2021 00:45","12.3"
"872",884,"08-01-2021 00:45","08-01-2021 01:00","12.5"
"873",885,"08-01-2021 01:00","08-01-2021 01:15","12.5"
"874",886,"08-01-2021 01:15","08-01-2021 01:30","12.3"
"875",887,"08-01-2021 01:30","08-01-2021 01:45","12.2"
"876",888,"08-01-2021 01:45","08-01-2021 02:00","11.8"
"877",889,"08-01-2021 02:00","08-01-2021 02:15","12.3"
"878",890,"08-01-2021 02:15","08-01-2021 02:30","12.2"
"879",891,"08-01-2021 02:30","08-01-2021 02:45","11.8"
"880",892,"08-01-2021 02:45","08-01-2021 03:00","11.9"
"881",893,"08-01-2021 03:00","08-01-2021 03:15","11.8"
"882",894,"08-01-2021 03:15","08-01-2021 03:30","11.9"
"883",895,"08-01-2021 03:30","08-01-2021 03:45","11.6"
"884",896,"08-01-2021 03:45","08-01-2021 04:00","None"
"885",897,"08-01-2021 04:00","08-01-2021 04:15","11.3"
"886",898,"08-01-2021 04:15","08-01-2021 04:30","11.8"
"887",899,"08-01-2021 04:30","08-01-2021 04:45","12.2"
"888",900,"08-01-2021 04:45","08-01-2021 05:00","12.2"
"889",901,"08-01-2021 05:00","08-01-2021 05:15","12.2"
"890",902,"08-01-2021 05:15","08-01-2021 05:30","12.1"
"891",903,"08-01-2021 05:30","08-01-2021 05:45","11.9"
"892",904,"08-01-2021 05:45","08-01-2021 06:00","12.3"
"893",905,"08-01-2021 06:00","08-01-2021 06:15","12.8"
"894",906,"08-01-2021 06:15","08-01-2021 06:30","12.9"
"895",907,"08-01-2021 06:30","08-01-2021 06:45","12.5"
"896",908,"08-01-2021 06:45","08-01-2021 07:00","13"
"897",909,"08-01-2021 07:00","08-01-2021 07:15","14.5"
"898",910,"08-01-2021 07:15","08-01-2021 07:30","16.2"
"899",911,"08-01-2021 07:30","08-01-2021 07:45","17.7"
"900",912,"08-01-2021 07:45","08-01-2021 08:00","19.5"
"901",913,"08-01-2021 08:00","08-01-2021 08:15","20.2"
"902",914,"08-01-2021 08:15","08-01-2021 08:30","36.4"
"903",915,"08-01-2021 08:30","08-01-2021 08:45","31.2"
"904",916,"08-01-2021 08:45","08-01-2021 09:00","24.9"
"905",917,"08-01-2021 09:00","08-01-2021 09:15","19.5"
"906",918,"08-01-2021 09:15","08-01-2021 09:30","16.8"
"907",919,"08-01-2021 09:30","08-01-2021 09:45","None"
"908",920,"08-01-2021 09:45","08-01-2021 10:00","None"
"909",921,"08-01-2021 10:00","08-01-2021 10:15","None"
"910",922,"08-01-2021 10:15","08-01-2021 10:30","16.2"
"911",923,"08-01-2021 10:30","08-01-2021 10:45","None"
"912",924,"08-01-2021 10:45","08-01-2021 11:00","None"
"913",925,"08-01-2021 11:00","08-01-2021 11:15","None"
"914",926,"08-01-2021 11:15","08-01-2021 11:30","17.8"
"915",927,"08-01-2021 11:30","08-01-2021 11:45","19.7"
"916",928,"08-01-2021 11:45","08-01-2021 12:00","21.1"
"917",929,"08-01-2021 12:00","08-01-2021 12:15","21"
"918",930,"08-01-2021 12:15","08-01-2021 12:30","19.6"
"919",931,"08-01-2021 12:30","08-01-2021 12:45","17.1"
"920",932,"08-01-2021 12:45","08-01-2021 13:00","15.9"
"921",933,"08-01-2021 13:00","08-01-2021 13:15","15.7"
"922",934,"08-01-2021 13:15","08-01-2021 13:30","15.1"
"923",935,"08-01-2021 13:30","08-01-2021 13:45","13.5"
"924",936,"08-01-2021 13:45","08-01-2021 14:00","14"
"925",937,"08-01-2021 14:00","08-01-2021 14:15","13.4"
"926",938,"08-01-2021 14:15","08-01-2021 14:30","13.1"
"927",939,"08-01-2021 14:30","08-01-2021 14:45","13.2"
"928",940,"08-01-2021 14:45","08-01-2021 15:00","13"
"929",941,"08-01-2021 15:00","08-01-2021 15:15","13.3"
"930",942,"08-01-2021 15:15","08-01-2021 15:30","13.4"
"931",943,"08-01-2021 15:30","08-01-2021 15:45","13.5"
"932",944,"08-01-2021 15:45","08-01-2021 16:00","13.8"
"933",945,"08-01-2021 16:00","08-01-2021 16:15","13.8"
"934",946,"08-01-2021 16:15","08-01-2021 16:30","14"
"935",947,"08-01-2021 16:30","08-01-2021 16:45","14"
"936",948,"08-01-2021 16:45","08-01-2021 17:00","13.8"
"937",949,"08-01-2021 17:00","08-01-2021 17:15","14"
"938",950,"08-01-2021 17:15","08-01-2021 17:30","14"
"939",951,"08-01-2021 17:30","08-01-2021 17:45","13.5"
"940",952,"08-01-2021 17:45","08-01-2021 18:00","14"
"941",953,"08-01-2021 18:00","08-01-2021 18:15","14.2"
"942",954,"08-01-2021 18:15","08-01-2021 18:30","13.7"
"943",955,"08-01-2021 18:30","08-01-2021 18:45","13.4"
"944",956,"08-01-2021 18:45","08-01-2021 19:00","13.4"
"945",957,"08-01-2021 19:00","08-01-2021 19:15","13.3"
"946",958,"08-01-2021 19:15","08-01-2021 19:30","13.7"
"947",959,"08-01-2021 19:30","08-01-2021 19:45","13.5"
"948",960,"08-01-2021 19:45","08-01-2021 20:00","12.8"
"949",961,"08-01-2021 20:00","08-01-2021 20:15","12.7"
"950",962,"08-01-2021 20:15","08-01-2021 20:30","12.5"
"951",963,"08-01-2021 20:30","08-01-2021 20:45","12.1"
"952",964,"08-01-2021 20:45","08-01-2021 21:00","12.3"
"953",965,"08-01-2021 21:00","08-01-2021 21:15","12.5"
"954",966,"08-01-2021 21:15","08-01-2021 21:30","11.6"
"955",967,"08-01-2021 21:30","08-01-2021 21:45","11.8"
"956",968,"08-01-2021 21:45","08-01-2021 22:00","11.9"
"957",969,"08-01-2021 22:00","08-01-2021 22:15","12.4"
"958",970,"08-01-2021 22:15","08-01-2021 22:30","12.7"
"959",971,"08-01-2021 22:30","08-01-2021 22:45","12.3"
"960",972,"08-01-2021 22:45","08-01-2021 23:00","12.2"
"961",973,"08-01-2021 23:00","08-01-2021 23:15","11.8"
"962",974,"08-01-2021 23:15","08-01-2021 23:30","11.4"
"963",975,"08-01-2021 23:30","08-01-2021 23:45","None"
"964",976,"08-01-2021 23:45","09-01-2021 00:00","None"
"965",977,"09-01-2021 00:00","09-01-2021 00:15","10.8"
"966",978,"09-01-2021 00:15","09-01-2021 00:30","11.1"
"967",979,"09-01-2021 00:30","09-01-2021 00:45","11.5"
"968",980,"09-01-2021 00:45","09-01-2021 01:00","11.7"
"969",981,"09-01-2021 01:00","09-01-2021 01:15","11.6"
"970",982,"09-01-2021 01:15","09-01-2021 01:30","11.7"
"971",983,"09-01-2021 01:30","09-01-2021 01:45","11.2"
"972",984,"09-01-2021 01:45","09-01-2021 02:00","11"
"973",985,"09-01-2021 02:00","09-01-2021 02:15","10.7"
"974",986,"09-01-2021 02:15","09-01-2021 02:30","11"
"975",987,"09-01-2021 02:30","09-01-2021 02:45","10.7"
"976",988,"09-01-2021 02:45","09-01-2021 03:00","11.1"
"977",989,"09-01-2021 03:00","09-01-2021 03:15","11.3"
"978",990,"09-01-2021 03:15","09-01-2021 03:30","11"
"979",991,"09-01-2021 03:30","09-01-2021 03:45","11.1"
"980",992,"09-01-2021 03:45","09-01-2021 04:00","11"
"981",993,"09-01-2021 04:00","09-01-2021 04:15","11.2"
"982",994,"09-01-2021 04:15","09-01-2021 04:30","11.9"
"983",995,"09-01-2021 04:30","09-01-2021 04:45","12.2"
"984",996,"09-01-2021 04:45","09-01-2021 05:00","12.7"
"985",997,"09-01-2021 05:00","09-01-2021 05:15","12.9"
"986",998,"09-01-2021 05:15","09-01-2021 05:30","12.4"
"987",999,"09-01-2021 05:30","09-01-2021 05:45","12.4"
"988",1000,"09-01-2021 05:45","09-01-2021 06:00","12.5"
"989",1001,"09-01-2021 06:00","09-01-2021 06:15","12.4"
"990",1002,"09-01-2021 06:15","09-01-2021 06:30","12.4"
"991",1003,"09-01-2021 06:30","09-01-2021 06:45","12.7"
"992",1004,"09-01-2021 06:45","09-01-2021 07:00","12.5"
"993",1005,"09-01-2021 07:00","09-01-2021 07:15","12.3"
"994",1006,"09-01-2021 07:15","09-01-2021 07:30","12.7"
"995",1007,"09-01-2021 07:30","09-01-2021 07:45","13.3"
"996",1008,"09-01-2021 07:45","09-01-2021 08:00","13.5"
"997",1009,"09-01-2021 08:00","09-01-2021 08:15","13.7"
"998",1010,"09-01-2021 08:15","09-01-2021 08:30","12.9"
"999",1011,"09-01-2021 08:30","09-01-2021 08:45","12.8"
"1000",1012,"09-01-2021 08:45","09-01-2021 09:00","13.2"
"1001",1013,"09-01-2021 09:00","09-01-2021 09:15","13.3"
"1002",1014,"09-01-2021 09:15","09-01-2021 09:30","13.3"
"1003",1015,"09-01-2021 09:30","09-01-2021 09:45","None"
"1004",1016,"09-01-2021 09:45","09-01-2021 10:00","None"
"1005",1017,"09-01-2021 10:00","09-01-2021 10:15","None"
"1006",1018,"09-01-2021 10:15","09-01-2021 10:30","15"
"1007",1019,"09-01-2021 10:30","09-01-2021 10:45","None"
"1008",1020,"09-01-2021 10:45","09-01-2021 11:00","None"
"1009",1021,"09-01-2021 11:00","09-01-2021 11:15","None"
"1010",1022,"09-01-2021 11:15","09-01-2021 11:30","15.2"
"1011",1023,"09-01-2021 11:30","09-01-2021 11:45","15"
"1012",1024,"09-01-2021 11:45","09-01-2021 12:00","15.3"
"1013",1025,"09-01-2021 12:00","09-01-2021 12:15","17"
"1014",1026,"09-01-2021 12:15","09-01-2021 12:30","34.5"
"1015",1027,"09-01-2021 12:30","09-01-2021 12:45","38.7"
"1016",1028,"09-01-2021 12:45","09-01-2021 13:00","49.3"
"1017",1029,"09-01-2021 13:00","09-01-2021 13:15","27.2"
"1018",1030,"09-01-2021 13:15","09-01-2021 13:30","22.8"
"1019",1031,"09-01-2021 13:30","09-01-2021 13:45","20.7"
"1020",1032,"09-01-2021 13:45","09-01-2021 14:00","19.8"
"1021",1033,"09-01-2021 14:00","09-01-2021 14:15","19.7"
"1022",1034,"09-01-2021 14:15","09-01-2021 14:30","18.7"
"1023",1035,"09-01-2021 14:30","09-01-2021 14:45","18.2"
"1024",1036,"09-01-2021 14:45","09-01-2021 15:00","18.2"
"1025",1037,"09-01-2021 15:00","09-01-2021 15:15","16.6"
"1026",1038,"09-01-2021 15:15","09-01-2021 15:30","16"
"1027",1039,"09-01-2021 15:30","09-01-2021 15:45","16.3"
"1028",1040,"09-01-2021 15:45","09-01-2021 16:00","16.7"
"1029",1041,"09-01-2021 16:00","09-01-2021 16:15","16.5"
"1030",1042,"09-01-2021 16:15","09-01-2021 16:30","15.6"
"1031",1043,"09-01-2021 16:30","09-01-2021 16:45","15.1"
"1032",1044,"09-01-2021 16:45","09-01-2021 17:00","15.5"
"1033",1045,"09-01-2021 17:00","09-01-2021 17:15","15.7"
"1034",1046,"09-01-2021 17:15","09-01-2021 17:30","16.1"
"1035",1047,"09-01-2021 17:30","09-01-2021 17:45","16.2"
"1036",1048,"09-01-2021 17:45","09-01-2021 18:00","17.2"
"1037",1049,"09-01-2021 18:00","09-01-2021 18:15","46.2"
"1038",1050,"09-01-2021 18:15","09-01-2021 18:30","90.1"
"1039",1051,"09-01-2021 18:30","09-01-2021 18:45","167"
"1040",1052,"09-01-2021 18:45","09-01-2021 19:00","None"
"1041",1053,"09-01-2021 19:00","09-01-2021 19:15","None"
"1042",1054,"09-01-2021 19:15","09-01-2021 19:30","133.7"
"1043",1055,"09-01-2021 19:30","09-01-2021 19:45","76.1"
"1044",1056,"09-01-2021 19:45","09-01-2021 20:00","60.1"
"1045",1057,"09-01-2021 20:00","09-01-2021 20:15","56.5"
"1046",1058,"09-01-2021 20:15","09-01-2021 20:30","74.4"
"1047",1059,"09-01-2021 20:30","09-01-2021 20:45","161.5"
"1048",1060,"09-01-2021 20:45","09-01-2021 21:00","None"
"1049",1061,"09-01-2021 21:00","09-01-2021 21:15","180.1"
"1050",1062,"09-01-2021 21:15","09-01-2021 21:30","94.8"
"1051",1063,"09-01-2021 21:30","09-01-2021 21:45","69.3"
"1052",1064,"09-01-2021 21:45","09-01-2021 22:00","61.2"
"1053",1065,"09-01-2021 22:00","09-01-2021 22:15","65.8"
"1054",1066,"09-01-2021 22:15","09-01-2021 22:30","58.6"
"1055",1067,"09-01-2021 22:30","09-01-2021 22:45","46.7"
"1056",1068,"09-01-2021 22:45","09-01-2021 23:00","38.6"
"1057",1069,"09-01-2021 23:00","09-01-2021 23:15","39.6"
"1058",1070,"09-01-2021 23:15","09-01-2021 23:30","63.8"
"1059",1071,"09-01-2021 23:30","09-01-2021 23:45","None"
"1060",1072,"09-01-2021 23:45","10-01-2021 00:00","77.2"
"1061",1073,"10-01-2021 00:00","10-01-2021 00:15","61.9"
"1062",1074,"10-01-2021 00:15","10-01-2021 00:30","34.4"
"1063",1075,"10-01-2021 00:30","10-01-2021 00:45","29.3"
"1064",1076,"10-01-2021 00:45","10-01-2021 01:00","24.9"
"1065",1077,"10-01-2021 01:00","10-01-2021 01:15","21"
"1066",1078,"10-01-2021 01:15","10-01-2021 01:30","17.7"
"1067",1079,"10-01-2021 01:30","10-01-2021 01:45","None"
"1068",1080,"10-01-2021 01:45","10-01-2021 02:00","14.5"
"1069",1081,"10-01-2021 02:00","10-01-2021 02:15","11.5"
"1070",1082,"10-01-2021 02:15","10-01-2021 02:30","9.9"
"1071",1083,"10-01-2021 02:30","10-01-2021 02:45","8.3"
"1072",1084,"10-01-2021 02:45","10-01-2021 03:00","7.2"
"1073",1085,"10-01-2021 03:00","10-01-2021 03:15","5.9"
"1074",1086,"10-01-2021 03:15","10-01-2021 03:30","4.9"
"1075",1087,"10-01-2021 03:30","10-01-2021 03:45","4.2"
"1076",1088,"10-01-2021 03:45","10-01-2021 04:00","3.8"
"1077",1089,"10-01-2021 04:00","10-01-2021 04:15","6.9"
"1078",1090,"10-01-2021 04:15","10-01-2021 04:30","17.4"
"1079",1091,"10-01-2021 04:30","10-01-2021 04:45","18.2"
"1080",1092,"10-01-2021 04:45","10-01-2021 05:00","17.8"
"1081",1093,"10-01-2021 05:00","10-01-2021 05:15","17.1"
"1082",1094,"10-01-2021 05:15","10-01-2021 05:30","17.8"
"1083",1095,"10-01-2021 05:30","10-01-2021 05:45","17"
"1084",1096,"10-01-2021 05:45","10-01-2021 06:00","17.2"
"1085",1097,"10-01-2021 06:00","10-01-2021 06:15","16.5"
"1086",1098,"10-01-2021 06:15","10-01-2021 06:30","15.9"
"1087",1099,"10-01-2021 06:30","10-01-2021 06:45","15"
"1088",1100,"10-01-2021 06:45","10-01-2021 07:00","14.5"
"1089",1101,"10-01-2021 07:00","10-01-2021 07:15","13.9"
"1090",1102,"10-01-2021 07:15","10-01-2021 07:30","14.5"
"1091",1103,"10-01-2021 07:30","10-01-2021 07:45","15"
"1092",1104,"10-01-2021 07:45","10-01-2021 08:00","15.1"
"1093",1105,"10-01-2021 08:00","10-01-2021 08:15","15.4"
"1094",1106,"10-01-2021 08:15","10-01-2021 08:30","16.6"
"1095",1107,"10-01-2021 08:30","10-01-2021 08:45","17.9"
"1096",1108,"10-01-2021 08:45","10-01-2021 09:00","19.4"
"1097",1109,"10-01-2021 09:00","10-01-2021 09:15","20.8"
"1098",1110,"10-01-2021 09:15","10-01-2021 09:30","21.5"
"1099",1111,"10-01-2021 09:30","10-01-2021 09:45","None"
"1100",1112,"10-01-2021 09:45","10-01-2021 10:00","None"
"1101",1113,"10-01-2021 10:00","10-01-2021 10:15","None"
"1102",1114,"10-01-2021 10:15","10-01-2021 10:30","20.7"
"1103",1115,"10-01-2021 10:30","10-01-2021 10:45","None"
"1104",1116,"10-01-2021 10:45","10-01-2021 11:00","None"
"1105",1117,"10-01-2021 11:00","10-01-2021 11:15","None"
"1106",1118,"10-01-2021 11:15","10-01-2021 11:30","17.8"
"1107",1119,"10-01-2021 11:30","10-01-2021 11:45","17.9"
"1108",1120,"10-01-2021 11:45","10-01-2021 12:00","18.2"
"1109",1121,"10-01-2021 12:00","10-01-2021 12:15","18.3"
"1110",1122,"10-01-2021 12:15","10-01-2021 12:30","18.9"
"1111",1123,"10-01-2021 12:30","10-01-2021 12:45","18.8"
"1112",1124,"10-01-2021 12:45","10-01-2021 13:00","18.8"
"1113",1125,"10-01-2021 13:00","10-01-2021 13:15","18.9"
"1114",1126,"10-01-2021 13:15","10-01-2021 13:30","18.2"
"1115",1127,"10-01-2021 13:30","10-01-2021 13:45","18.2"
"1116",1128,"10-01-2021 13:45","10-01-2021 14:00","18.3"
"1117",1129,"10-01-2021 14:00","10-01-2021 14:15","17.8"
"1118",1130,"10-01-2021 14:15","10-01-2021 14:30","17.9"
"1119",1131,"10-01-2021 14:30","10-01-2021 14:45","17.6"
"1120",1132,"10-01-2021 14:45","10-01-2021 15:00","17.2"
"1121",1133,"10-01-2021 15:00","10-01-2021 15:15","17.8"
"1122",1134,"10-01-2021 15:15","10-01-2021 15:30","17.7"
"1123",1135,"10-01-2021 15:30","10-01-2021 15:45","17"
"1124",1136,"10-01-2021 15:45","10-01-2021 16:00","17.1"
"1125",1137,"10-01-2021 16:00","10-01-2021 16:15","17"
"1126",1138,"10-01-2021 16:15","10-01-2021 16:30","16.5"
"1127",1139,"10-01-2021 16:30","10-01-2021 16:45","16.9"
"1128",1140,"10-01-2021 16:45","10-01-2021 17:00","16.4"
"1129",1141,"10-01-2021 17:00","10-01-2021 17:15","16.5"
"1130",1142,"10-01-2021 17:15","10-01-2021 17:30","17"
"1131",1143,"10-01-2021 17:30","10-01-2021 17:45","17.1"
"1132",1144,"10-01-2021 17:45","10-01-2021 18:00","17.5"
"1133",1145,"10-01-2021 18:00","10-01-2021 18:15","17.6"
"1134",1146,"10-01-2021 18:15","10-01-2021 18:30","17.9"
"1135",1147,"10-01-2021 18:30","10-01-2021 18:45","17.6"
"1136",1148,"10-01-2021 18:45","10-01-2021 19:00","18.3"
"1137",1149,"10-01-2021 19:00","10-01-2021 19:15","17.6"
"1138",1150,"10-01-2021 19:15","10-01-2021 19:30","17.1"
"1139",1151,"10-01-2021 19:30","10-01-2021 19:45","17.2"
"1140",1152,"10-01-2021 19:45","10-01-2021 20:00","16.9"
"1141",1153,"10-01-2021 20:00","10-01-2021 20:15","16.6"
"1142",1154,"10-01-2021 20:15","10-01-2021 20:30","15.6"
"1143",1155,"10-01-2021 20:30","10-01-2021 20:45","14.5"
"1144",1156,"10-01-2021 20:45","10-01-2021 21:00","14.5"
"1145",1157,"10-01-2021 21:00","10-01-2021 21:15","14"
"1146",1158,"10-01-2021 21:15","10-01-2021 21:30","13.7"
"1147",1159,"10-01-2021 21:30","10-01-2021 21:45","13.9"
"1148",1160,"10-01-2021 21:45","10-01-2021 22:00","14"
"1149",1161,"10-01-2021 22:00","10-01-2021 22:15","14.3"
"1150",1162,"10-01-2021 22:15","10-01-2021 22:30","13.9"
"1151",1163,"10-01-2021 22:30","10-01-2021 22:45","12.3"
"1152",1164,"10-01-2021 22:45","10-01-2021 23:00","12.1"
"1153",1165,"10-01-2021 23:00","10-01-2021 23:15","12.6"
"1154",1166,"10-01-2021 23:15","10-01-2021 23:30","12.3"
"1155",1167,"10-01-2021 23:30","10-01-2021 23:45","None"
"1156",1168,"10-01-2021 23:45","11-01-2021 00:00","None"
"1157",1169,"11-01-2021 00:00","11-01-2021 00:15","12.1"
"1158",1170,"11-01-2021 00:15","11-01-2021 00:30","13.4"
"1159",1171,"11-01-2021 00:30","11-01-2021 00:45","13.9"
"1160",1172,"11-01-2021 00:45","11-01-2021 01:00","13.9"
"1161",1173,"11-01-2021 01:00","11-01-2021 01:15","13.8"
"1162",1174,"11-01-2021 01:15","11-01-2021 01:30","13.8"
"1163",1175,"11-01-2021 01:30","11-01-2021 01:45","14.3"
"1164",1176,"11-01-2021 01:45","11-01-2021 02:00","14.1"
"1165",1177,"11-01-2021 02:00","11-01-2021 02:15","14.5"
"1166",1178,"11-01-2021 02:15","11-01-2021 02:30","14.9"
"1167",1179,"11-01-2021 02:30","11-01-2021 02:45","14.3"
"1168",1180,"11-01-2021 02:45","11-01-2021 03:00","None"
"1169",1181,"11-01-2021 03:00","11-01-2021 03:15","13.7"
"1170",1182,"11-01-2021 03:15","11-01-2021 03:30","13.6"
"1171",1183,"11-01-2021 03:30","11-01-2021 03:45","13.8"
"1172",1184,"11-01-2021 03:45","11-01-2021 04:00","13.7"
"1173",1185,"11-01-2021 04:00","11-01-2021 04:15","13.7"
"1174",1186,"11-01-2021 04:15","11-01-2021 04:30","13.2"
"1175",1187,"11-01-2021 04:30","11-01-2021 04:45","13"
"1176",1188,"11-01-2021 04:45","11-01-2021 05:00","13"
"1177",1189,"11-01-2021 05:00","11-01-2021 05:15","13.1"
"1178",1190,"11-01-2021 05:15","11-01-2021 05:30","13"
"1179",1191,"11-01-2021 05:30","11-01-2021 05:45","12.8"
"1180",1192,"11-01-2021 05:45","11-01-2021 06:00","12.3"
"1181",1193,"11-01-2021 06:00","11-01-2021 06:15","13.1"
"1182",1194,"11-01-2021 06:15","11-01-2021 06:30","13.6"
"1183",1195,"11-01-2021 06:30","11-01-2021 06:45","13.5"
"1184",1196,"11-01-2021 06:45","11-01-2021 07:00","14"
"1185",1197,"11-01-2021 07:00","11-01-2021 07:15","14"
"1186",1198,"11-01-2021 07:15","11-01-2021 07:30","13.8"
"1187",1199,"11-01-2021 07:30","11-01-2021 07:45","13.9"
"1188",1200,"11-01-2021 07:45","11-01-2021 08:00","13.4"
"1189",1201,"11-01-2021 08:00","11-01-2021 08:15","13.3"
"1190",1202,"11-01-2021 08:15","11-01-2021 08:30","13.3"
"1191",1203,"11-01-2021 08:30","11-01-2021 08:45","13.5"
"1192",1204,"11-01-2021 08:45","11-01-2021 09:00","14.8"
"1193",1205,"11-01-2021 09:00","11-01-2021 09:15","16"
"1194",1206,"11-01-2021 09:15","11-01-2021 09:30","16.3"
"1195",1207,"11-01-2021 09:30","11-01-2021 09:45","None"
"1196",1208,"11-01-2021 09:45","11-01-2021 10:00","None"
"1197",1209,"11-01-2021 10:00","11-01-2021 10:15","None"
"1198",1210,"11-01-2021 10:15","11-01-2021 10:30","None"
"1199",1211,"11-01-2021 10:30","11-01-2021 10:45","None"
"1200",1212,"11-01-2021 10:45","11-01-2021 11:00","None"
"1201",1213,"11-01-2021 11:00","11-01-2021 11:15","None"
"1202",1214,"11-01-2021 11:15","11-01-2021 11:30","13.6"
"1203",1215,"11-01-2021 11:30","11-01-2021 11:45","13.8"
"1204",1216,"11-01-2021 11:45","11-01-2021 12:00","None"
"1205",1217,"11-01-2021 12:00","11-01-2021 12:15","None"
"1206",1218,"11-01-2021 12:15","11-01-2021 12:30","None"
"1207",1219,"11-01-2021 12:30","11-01-2021 12:45","None"
"1208",1220,"11-01-2021 12:45","11-01-2021 13:00","11.9"
"1209",1221,"11-01-2021 13:00","11-01-2021 13:15","12.1"
"1210",1222,"11-01-2021 13:15","11-01-2021 13:30","12.2"
"1211",1223,"11-01-2021 13:30","11-01-2021 13:45","12.8"
"1212",1224,"11-01-2021 13:45","11-01-2021 14:00","11.7"
"1213",1225,"11-01-2021 14:00","11-01-2021 14:15","11.9"
"1214",1226,"11-01-2021 14:15","11-01-2021 14:30","12.8"
"1215",1227,"11-01-2021 14:30","11-01-2021 14:45","13.3"
"1216",1228,"11-01-2021 14:45","11-01-2021 15:00","13.3"
"1217",1229,"11-01-2021 15:00","11-01-2021 15:15","13.1"
"1218",1230,"11-01-2021 15:15","11-01-2021 15:30","13"
"1219",1231,"11-01-2021 15:30","11-01-2021 15:45","13.6"
"1220",1232,"11-01-2021 15:45","11-01-2021 16:00","13.2"
"1221",1233,"11-01-2021 16:00","11-01-2021 16:15","13.5"
"1222",1234,"11-01-2021 16:15","11-01-2021 16:30","14"
"1223",1235,"11-01-2021 16:30","11-01-2021 16:45","14.5"
"1224",1236,"11-01-2021 16:45","11-01-2021 17:00","None"
"1225",1237,"11-01-2021 17:00","11-01-2021 17:15","14.6"
"1226",1238,"11-01-2021 17:15","11-01-2021 17:30","14.9"
"1227",1239,"11-01-2021 17:30","11-01-2021 17:45","15.3"
"1228",1240,"11-01-2021 17:45","11-01-2021 18:00","15.2"
"1229",1241,"11-01-2021 18:00","11-01-2021 18:15","15.8"
"1230",1242,"11-01-2021 18:15","11-01-2021 18:30","15.5"
"1231",1243,"11-01-2021 18:30","11-01-2021 18:45","16.5"
"1232",1244,"11-01-2021 18:45","11-01-2021 19:00","16.5"
"1233",1245,"11-01-2021 19:00","11-01-2021 19:15","16"
"1234",1246,"11-01-2021 19:15","11-01-2021 19:30","16"
"1235",1247,"11-01-2021 19:30","11-01-2021 19:45","15.4"
"1236",1248,"11-01-2021 19:45","11-01-2021 20:00","15"
"1237",1249,"11-01-2021 20:00","11-01-2021 20:15","15.1"
"1238",1250,"11-01-2021 20:15","11-01-2021 20:30","15.9"
"1239",1251,"11-01-2021 20:30","11-01-2021 20:45","15.8"
"1240",1252,"11-01-2021 20:45","11-01-2021 21:00","15.5"
"1241",1253,"11-01-2021 21:00","11-01-2021 21:15","14.9"
"1242",1254,"11-01-2021 21:15","11-01-2021 21:30","14.6"
"1243",1255,"11-01-2021 21:30","11-01-2021 21:45","14.9"
"1244",1256,"11-01-2021 21:45","11-01-2021 22:00","14.9"
"1245",1257,"11-01-2021 22:00","11-01-2021 22:15","15.1"
"1246",1258,"11-01-2021 22:15","11-01-2021 22:30","14.1"
"1247",1259,"11-01-2021 22:30","11-01-2021 22:45","13.9"
"1248",1260,"11-01-2021 22:45","11-01-2021 23:00","13.9"
"1249",1261,"11-01-2021 23:00","11-01-2021 23:15","14.4"
"1250",1262,"11-01-2021 23:15","11-01-2021 23:30","14.1"
"1251",1263,"11-01-2021 23:30","11-01-2021 23:45","None"
"1252",1264,"11-01-2021 23:45","12-01-2021 00:00","None"
"1253",1265,"12-01-2021 00:00","12-01-2021 00:15","13.7"
"1254",1266,"12-01-2021 00:15","12-01-2021 00:30","12.4"
"1255",1267,"12-01-2021 00:30","12-01-2021 00:45","12.2"
"1256",1268,"12-01-2021 00:45","12-01-2021 01:00","12.3"
"1257",1269,"12-01-2021 01:00","12-01-2021 01:15","12.4"
"1258",1270,"12-01-2021 01:15","12-01-2021 01:30","12.3"
"1259",1271,"12-01-2021 01:30","12-01-2021 01:45","12.3"
"1260",1272,"12-01-2021 01:45","12-01-2021 02:00","12.3"
"1261",1273,"12-01-2021 02:00","12-01-2021 02:15","12"
"1262",1274,"12-01-2021 02:15","12-01-2021 02:30","11.5"
"1263",1275,"12-01-2021 02:30","12-01-2021 02:45","11.4"
"1264",1276,"12-01-2021 02:45","12-01-2021 03:00","11.9"
"1265",1277,"12-01-2021 03:00","12-01-2021 03:15","12.2"
"1266",1278,"12-01-2021 03:15","12-01-2021 03:30","12.3"
"1267",1279,"12-01-2021 03:30","12-01-2021 03:45","12.5"
"1268",1280,"12-01-2021 03:45","12-01-2021 04:00","None"
"1269",1281,"12-01-2021 04:00","12-01-2021 04:15","12.1"
"1270",1282,"12-01-2021 04:15","12-01-2021 04:30","12.5"
"1271",1283,"12-01-2021 04:30","12-01-2021 04:45","12.9"
"1272",1284,"12-01-2021 04:45","12-01-2021 05:00","13"
"1273",1285,"12-01-2021 05:00","12-01-2021 05:15","13.5"
"1274",1286,"12-01-2021 05:15","12-01-2021 05:30","13.9"
"1275",1287,"12-01-2021 05:30","12-01-2021 05:45","14.1"
"1276",1288,"12-01-2021 05:45","12-01-2021 06:00","15"
"1277",1289,"12-01-2021 06:00","12-01-2021 06:15","19.1"
"1278",1290,"12-01-2021 06:15","12-01-2021 06:30","25.8"
"1279",1291,"12-01-2021 06:30","12-01-2021 06:45","28.1"
"1280",1292,"12-01-2021 06:45","12-01-2021 07:00","30.6"
"1281",1293,"12-01-2021 07:00","12-01-2021 07:15","29.8"
"1282",1294,"12-01-2021 07:15","12-01-2021 07:30","33.2"
"1283",1295,"12-01-2021 07:30","12-01-2021 07:45","37.2"
"1284",1296,"12-01-2021 07:45","12-01-2021 08:00","36.4"
"1285",1297,"12-01-2021 08:00","12-01-2021 08:15","41.6"
"1286",1298,"12-01-2021 08:15","12-01-2021 08:30","62.7"
"1287",1299,"12-01-2021 08:30","12-01-2021 08:45","53.7"
"1288",1300,"12-01-2021 08:45","12-01-2021 09:00","47.4"
"1289",1301,"12-01-2021 09:00","12-01-2021 09:15","41.4"
"1290",1302,"12-01-2021 09:15","12-01-2021 09:30","35.4"
"1291",1303,"12-01-2021 09:30","12-01-2021 09:45","None"
"1292",1304,"12-01-2021 09:45","12-01-2021 10:00","None"
"1293",1305,"12-01-2021 10:00","12-01-2021 10:15","None"
"1294",1306,"12-01-2021 10:15","12-01-2021 10:30","25.2"
"1295",1307,"12-01-2021 10:30","12-01-2021 10:45","None"
"1296",1308,"12-01-2021 10:45","12-01-2021 11:00","None"
"1297",1309,"12-01-2021 11:00","12-01-2021 11:15","None"
"1298",1310,"12-01-2021 11:15","12-01-2021 11:30","20.5"
"1299",1311,"12-01-2021 11:30","12-01-2021 11:45","20.2"
"1300",1312,"12-01-2021 11:45","12-01-2021 12:00","22.2"
"1301",1313,"12-01-2021 12:00","12-01-2021 12:15","28.8"
"1302",1314,"12-01-2021 12:15","12-01-2021 12:30","44.3"
"1303",1315,"12-01-2021 12:30","12-01-2021 12:45","51"
"1304",1316,"12-01-2021 12:45","12-01-2021 13:00","34.2"
"1305",1317,"12-01-2021 13:00","12-01-2021 13:15","22.8"
"1306",1318,"12-01-2021 13:15","12-01-2021 13:30","20.4"
"1307",1319,"12-01-2021 13:30","12-01-2021 13:45","19"
"1308",1320,"12-01-2021 13:45","12-01-2021 14:00","18.2"
"1309",1321,"12-01-2021 14:00","12-01-2021 14:15","17.3"
"1310",1322,"12-01-2021 14:15","12-01-2021 14:30","16.3"
"1311",1323,"12-01-2021 14:30","12-01-2021 14:45","15.7"
"1312",1324,"12-01-2021 14:45","12-01-2021 15:00","14.8"
"1313",1325,"12-01-2021 15:00","12-01-2021 15:15","14.1"
"1314",1326,"12-01-2021 15:15","12-01-2021 15:30","13.8"
"1315",1327,"12-01-2021 15:30","12-01-2021 15:45","13.3"
"1316",1328,"12-01-2021 15:45","12-01-2021 16:00","12.8"
"1317",1329,"12-01-2021 16:00","12-01-2021 16:15","13.6"
"1318",1330,"12-01-2021 16:15","12-01-2021 16:30","16.6"
"1319",1331,"12-01-2021 16:30","12-01-2021 16:45","18.7"
"1320",1332,"12-01-2021 16:45","12-01-2021 17:00","19.2"
"1321",1333,"12-01-2021 17:00","12-01-2021 17:15","18.7"
"1322",1334,"12-01-2021 17:15","12-01-2021 17:30","17.4"
"1323",1335,"12-01-2021 17:30","12-01-2021 17:45","16.8"
"1324",1336,"12-01-2021 17:45","12-01-2021 18:00","16.5"
"1325",1337,"12-01-2021 18:00","12-01-2021 18:15","16"
"1326",1338,"12-01-2021 18:15","12-01-2021 18:30","15.5"
"1327",1339,"12-01-2021 18:30","12-01-2021 18:45","15.5"
"1328",1340,"12-01-2021 18:45","12-01-2021 19:00","16"
"1329",1341,"12-01-2021 19:00","12-01-2021 19:15","16"
"1330",1342,"12-01-2021 19:15","12-01-2021 19:30","15.3"
"1331",1343,"12-01-2021 19:30","12-01-2021 19:45","15.2"
"1332",1344,"12-01-2021 19:45","12-01-2021 20:00","13.7"
"1333",1345,"12-01-2021 20:00","12-01-2021 20:15","14.3"
"1334",1346,"12-01-2021 20:15","12-01-2021 20:30","16.1"
"1335",1347,"12-01-2021 20:30","12-01-2021 20:45","15.8"
"1336",1348,"12-01-2021 20:45","12-01-2021 21:00","15.7"
"1337",1349,"12-01-2021 21:00","12-01-2021 21:15","15.7"
"1338",1350,"12-01-2021 21:15","12-01-2021 21:30","15.4"
"1339",1351,"12-01-2021 21:30","12-01-2021 21:45","16.1"
"1340",1352,"12-01-2021 21:45","12-01-2021 22:00","15.4"
"1341",1353,"12-01-2021 22:00","12-01-2021 22:15","15.5"
"1342",1354,"12-01-2021 22:15","12-01-2021 22:30","14.6"
"1343",1355,"12-01-2021 22:30","12-01-2021 22:45","14.2"
"1344",1356,"12-01-2021 22:45","12-01-2021 23:00","14.5"
"1345",1357,"12-01-2021 23:00","12-01-2021 23:15","14.6"
"1346",1358,"12-01-2021 23:15","12-01-2021 23:30","14.3"
"1347",1359,"12-01-2021 23:30","12-01-2021 23:45","None"
"1348",1360,"12-01-2021 23:45","13-01-2021 00:00","None"
"1349",1361,"13-01-2021 00:00","13-01-2021 00:15","13.9"
"1350",1362,"13-01-2021 00:15","13-01-2021 00:30","13.3"
"1351",1363,"13-01-2021 00:30","13-01-2021 00:45","12.5"
"1352",1364,"13-01-2021 00:45","13-01-2021 01:00","12.6"
"1353",1365,"13-01-2021 01:00","13-01-2021 01:15","12"
"1354",1366,"13-01-2021 01:15","13-01-2021 01:30","10.8"
"1355",1367,"13-01-2021 01:30","13-01-2021 01:45","10.4"
"1356",1368,"13-01-2021 01:45","13-01-2021 02:00","10.6"
"1357",1369,"13-01-2021 02:00","13-01-2021 02:15","10.4"
"1358",1370,"13-01-2021 02:15","13-01-2021 02:30","10.7"
"1359",1371,"13-01-2021 02:30","13-01-2021 02:45","10.8"
"1360",1372,"13-01-2021 02:45","13-01-2021 03:00","10.8"
"1361",1373,"13-01-2021 03:00","13-01-2021 03:15","10.3"
"1362",1374,"13-01-2021 03:15","13-01-2021 03:30","10.3"
"1363",1375,"13-01-2021 03:30","13-01-2021 03:45","10.7"
"1364",1376,"13-01-2021 03:45","13-01-2021 04:00","10.7"
"1365",1377,"13-01-2021 04:00","13-01-2021 04:15","10.7"
"1366",1378,"13-01-2021 04:15","13-01-2021 04:30","11"
"1367",1379,"13-01-2021 04:30","13-01-2021 04:45","11.2"
"1368",1380,"13-01-2021 04:45","13-01-2021 05:00","11.3"
"1369",1381,"13-01-2021 05:00","13-01-2021 05:15","11.7"
"1370",1382,"13-01-2021 05:15","13-01-2021 05:30","12.8"
"1371",1383,"13-01-2021 05:30","13-01-2021 05:45","25.6"
"1372",1384,"13-01-2021 05:45","13-01-2021 06:00","47.9"
"1373",1385,"13-01-2021 06:00","13-01-2021 06:15","64.3"
"1374",1386,"13-01-2021 06:15","13-01-2021 06:30","146.7"
"1375",1387,"13-01-2021 06:30","13-01-2021 06:45","191.6"
"1376",1388,"13-01-2021 06:45","13-01-2021 07:00","151.3"
"1377",1389,"13-01-2021 07:00","13-01-2021 07:15","131.6"
"1378",1390,"13-01-2021 07:15","13-01-2021 07:30","102.7"
"1379",1391,"13-01-2021 07:30","13-01-2021 07:45","72.3"
"1380",1392,"13-01-2021 07:45","13-01-2021 08:00","44.2"
"1381",1393,"13-01-2021 08:00","13-01-2021 08:15","37.8"
"1382",1394,"13-01-2021 08:15","13-01-2021 08:30","24.3"
"1383",1395,"13-01-2021 08:30","13-01-2021 08:45","22.4"
"1384",1396,"13-01-2021 08:45","13-01-2021 09:00","21.6"
"1385",1397,"13-01-2021 09:00","13-01-2021 09:15","22.3"
"1386",1398,"13-01-2021 09:15","13-01-2021 09:30","24.1"
"1387",1399,"13-01-2021 09:30","13-01-2021 09:45","None"
"1388",1400,"13-01-2021 09:45","13-01-2021 10:00","None"
"1389",1401,"13-01-2021 10:00","13-01-2021 10:15","None"
"1390",1402,"13-01-2021 10:15","13-01-2021 10:30","22.8"
"1391",1403,"13-01-2021 10:30","13-01-2021 10:45","None"
"1392",1404,"13-01-2021 10:45","13-01-2021 11:00","None"
"1393",1405,"13-01-2021 11:00","13-01-2021 11:15","None"
"1394",1406,"13-01-2021 11:15","13-01-2021 11:30","19.8"
"1395",1407,"13-01-2021 11:30","13-01-2021 11:45","21.4"
"1396",1408,"13-01-2021 11:45","13-01-2021 12:00","21.7"
"1397",1409,"13-01-2021 12:00","13-01-2021 12:15","22.3"
"1398",1410,"13-01-2021 12:15","13-01-2021 12:30","24.8"
"1399",1411,"13-01-2021 12:30","13-01-2021 12:45","25"
"1400",1412,"13-01-2021 12:45","13-01-2021 13:00","24.3"
"1401",1413,"13-01-2021 13:00","13-01-2021 13:15","22.8"
"1402",1414,"13-01-2021 13:15","13-01-2021 13:30","21.5"
"1403",1415,"13-01-2021 13:30","13-01-2021 13:45","20.1"
"1404",1416,"13-01-2021 13:45","13-01-2021 14:00","20.4"
"1405",1417,"13-01-2021 14:00","13-01-2021 14:15","20.6"
"1406",1418,"13-01-2021 14:15","13-01-2021 14:30","21.2"
"1407",1419,"13-01-2021 14:30","13-01-2021 14:45","21.5"
"1408",1420,"13-01-2021 14:45","13-01-2021 15:00","20.9"
"1409",1421,"13-01-2021 15:00","13-01-2021 15:15","20.5"
"1410",1422,"13-01-2021 15:15","13-01-2021 15:30","20.7"
"1411",1423,"13-01-2021 15:30","13-01-2021 15:45","20.3"
"1412",1424,"13-01-2021 15:45","13-01-2021 16:00","20.9"
"1413",1425,"13-01-2021 16:00","13-01-2021 16:15","20.6"
"1414",1426,"13-01-2021 16:15","13-01-2021 16:30","18.4"
"1415",1427,"13-01-2021 16:30","13-01-2021 16:45","17.9"
"1416",1428,"13-01-2021 16:45","13-01-2021 17:00","18.3"
"1417",1429,"13-01-2021 17:00","13-01-2021 17:15","18.3"
"1418",1430,"13-01-2021 17:15","13-01-2021 17:30","18.7"
"1419",1431,"13-01-2021 17:30","13-01-2021 17:45","18.4"
"1420",1432,"13-01-2021 17:45","13-01-2021 18:00","16.7"
"1421",1433,"13-01-2021 18:00","13-01-2021 18:15","16.3"
"1422",1434,"13-01-2021 18:15","13-01-2021 18:30","15.4"
"1423",1435,"13-01-2021 18:30","13-01-2021 18:45","15.1"
"1424",1436,"13-01-2021 18:45","13-01-2021 19:00","14.8"
"1425",1437,"13-01-2021 19:00","13-01-2021 19:15","15.2"
"1426",1438,"13-01-2021 19:15","13-01-2021 19:30","14.4"
"1427",1439,"13-01-2021 19:30","13-01-2021 19:45","14.3"
"1428",1440,"13-01-2021 19:45","13-01-2021 20:00","14"
"1429",1441,"13-01-2021 20:00","13-01-2021 20:15","14.4"
"1430",1442,"13-01-2021 20:15","13-01-2021 20:30","16.5"
"1431",1443,"13-01-2021 20:30","13-01-2021 20:45","17.4"
"1432",1444,"13-01-2021 20:45","13-01-2021 21:00","17"
"1433",1445,"13-01-2021 21:00","13-01-2021 21:15","17.1"
"1434",1446,"13-01-2021 21:15","13-01-2021 21:30","17.2"
"1435",1447,"13-01-2021 21:30","13-01-2021 21:45","17.4"
"1436",1448,"13-01-2021 21:45","13-01-2021 22:00","17.4"
"1437",1449,"13-01-2021 22:00","13-01-2021 22:15","17.6"
"1438",1450,"13-01-2021 22:15","13-01-2021 22:30","17.3"
"1439",1451,"13-01-2021 22:30","13-01-2021 22:45","17.3"
"1440",1452,"13-01-2021 22:45","13-01-2021 23:00","16.7"
"1441",1453,"13-01-2021 23:00","13-01-2021 23:15","17.4"
"1442",1454,"13-01-2021 23:15","13-01-2021 23:30","16.6"
"1443",1455,"13-01-2021 23:30","13-01-2021 23:45","None"
"1444",1456,"13-01-2021 23:45","14-01-2021 00:00","None"
"1445",1457,"14-01-2021 00:00","14-01-2021 00:15","16.3"
"1446",1458,"14-01-2021 00:15","14-01-2021 00:30","14.2"
"1447",1459,"14-01-2021 00:30","14-01-2021 00:45","13.4"
"1448",1460,"14-01-2021 00:45","14-01-2021 01:00","13.8"
"1449",1461,"14-01-2021 01:00","14-01-2021 01:15","13.7"
"1450",1462,"14-01-2021 01:15","14-01-2021 01:30","14"
"1451",1463,"14-01-2021 01:30","14-01-2021 01:45","13.4"
"1452",1464,"14-01-2021 01:45","14-01-2021 02:00","13.3"
"1453",1465,"14-01-2021 02:00","14-01-2021 02:15","12.7"
"1454",1466,"14-01-2021 02:15","14-01-2021 02:30","13"
"1455",1467,"14-01-2021 02:30","14-01-2021 02:45","12.3"
"1456",1468,"14-01-2021 02:45","14-01-2021 03:00","11.9"
"1457",1469,"14-01-2021 03:00","14-01-2021 03:15","11.8"
"1458",1470,"14-01-2021 03:15","14-01-2021 03:30","12.2"
"1459",1471,"14-01-2021 03:30","14-01-2021 03:45","12"
"1460",1472,"14-01-2021 03:45","14-01-2021 04:00","11.8"
"1461",1473,"14-01-2021 04:00","14-01-2021 04:15","12.1"
"1462",1474,"14-01-2021 04:15","14-01-2021 04:30","12.8"
"1463",1475,"14-01-2021 04:30","14-01-2021 04:45","13.4"
"1464",1476,"14-01-2021 04:45","14-01-2021 05:00","14.7"
"1465",1477,"14-01-2021 05:00","14-01-2021 05:15","17.6"
"1466",1478,"14-01-2021 05:15","14-01-2021 05:30","18.7"
"1467",1479,"14-01-2021 05:30","14-01-2021 05:45","17.3"
"1468",1480,"14-01-2021 05:45","14-01-2021 06:00","16.8"
"1469",1481,"14-01-2021 06:00","14-01-2021 06:15","17.4"
"1470",1482,"14-01-2021 06:15","14-01-2021 06:30","18.1"
"1471",1483,"14-01-2021 06:30","14-01-2021 06:45","19.1"
"1472",1484,"14-01-2021 06:45","14-01-2021 07:00","18.5"
"1473",1485,"14-01-2021 07:00","14-01-2021 07:15","17.2"
"1474",1486,"14-01-2021 07:15","14-01-2021 07:30","15.5"
"1475",1487,"14-01-2021 07:30","14-01-2021 07:45","15.7"
"1476",1488,"14-01-2021 07:45","14-01-2021 08:00","15.4"
"1477",1489,"14-01-2021 08:00","14-01-2021 08:15","14.8"
"1478",1490,"14-01-2021 08:15","14-01-2021 08:30","13.8"
"1479",1491,"14-01-2021 08:30","14-01-2021 08:45","13.1"
"1480",1492,"14-01-2021 08:45","14-01-2021 09:00","13"
"1481",1493,"14-01-2021 09:00","14-01-2021 09:15","13.7"
"1482",1494,"14-01-2021 09:15","14-01-2021 09:30","13.9"
"1483",1495,"14-01-2021 09:30","14-01-2021 09:45","None"
"1484",1496,"14-01-2021 09:45","14-01-2021 10:00","None"
"1485",1497,"14-01-2021 10:00","14-01-2021 10:15","None"
"1486",1498,"14-01-2021 10:15","14-01-2021 10:30","15.5"
"1487",1499,"14-01-2021 10:30","14-01-2021 10:45","None"
"1488",1500,"14-01-2021 10:45","14-01-2021 11:00","None"
"1489",1501,"14-01-2021 11:00","14-01-2021 11:15","None"
"1490",1502,"14-01-2021 11:15","14-01-2021 11:30","15.6"
"1491",1503,"14-01-2021 11:30","14-01-2021 11:45","15.5"
"1492",1504,"14-01-2021 11:45","14-01-2021 12:00","15.2"
"1493",1505,"14-01-2021 12:00","14-01-2021 12:15","15.2"
"1494",1506,"14-01-2021 12:15","14-01-2021 12:30","16"
"1495",1507,"14-01-2021 12:30","14-01-2021 12:45","16.6"
"1496",1508,"14-01-2021 12:45","14-01-2021 13:00","16.2"
"1497",1509,"14-01-2021 13:00","14-01-2021 13:15","16.7"
"1498",1510,"14-01-2021 13:15","14-01-2021 13:30","17.5"
"1499",1511,"14-01-2021 13:30","14-01-2021 13:45","16.9"
"1500",1512,"14-01-2021 13:45","14-01-2021 14:00","17.2"
"1501",1513,"14-01-2021 14:00","14-01-2021 14:15","20.3"
"1502",1514,"14-01-2021 14:15","14-01-2021 14:30","22.3"
"1503",1515,"14-01-2021 14:30","14-01-2021 14:45","22.5"
"1504",1516,"14-01-2021 14:45","14-01-2021 15:00","21.4"
"1505",1517,"14-01-2021 15:00","14-01-2021 15:15","17.9"
"1506",1518,"14-01-2021 15:15","14-01-2021 15:30","15.5"
"1507",1519,"14-01-2021 15:30","14-01-2021 15:45","15"
"1508",1520,"14-01-2021 15:45","14-01-2021 16:00","14.4"
"1509",1521,"14-01-2021 16:00","14-01-2021 16:15","14.1"
"1510",1522,"14-01-2021 16:15","14-01-2021 16:30","14.7"
"1511",1523,"14-01-2021 16:30","14-01-2021 16:45","15.3"
"1512",1524,"14-01-2021 16:45","14-01-2021 17:00","16.3"
"1513",1525,"14-01-2021 17:00","14-01-2021 17:15","17.6"
"1514",1526,"14-01-2021 17:15","14-01-2021 17:30","19"
"1515",1527,"14-01-2021 17:30","14-01-2021 17:45","19.7"
"1516",1528,"14-01-2021 17:45","14-01-2021 18:00","20.6"
"1517",1529,"14-01-2021 18:00","14-01-2021 18:15","20"
"1518",1530,"14-01-2021 18:15","14-01-2021 18:30","18.6"
"1519",1531,"14-01-2021 18:30","14-01-2021 18:45","19.9"
"1520",1532,"14-01-2021 18:45","14-01-2021 19:00","23.8"
"1521",1533,"14-01-2021 19:00","14-01-2021 19:15","24.8"
"1522",1534,"14-01-2021 19:15","14-01-2021 19:30","120.2"
"1523",1535,"14-01-2021 19:30","14-01-2021 19:45","131"
"1524",1536,"14-01-2021 19:45","14-01-2021 20:00","None"
"1525",1537,"14-01-2021 20:00","14-01-2021 20:15","None"
"1526",1538,"14-01-2021 20:15","14-01-2021 20:30","110.6"
"1527",1539,"14-01-2021 20:30","14-01-2021 20:45","None"
"1528",1540,"14-01-2021 20:45","14-01-2021 21:00","None"
"1529",1541,"14-01-2021 21:00","14-01-2021 21:15","None"
"1530",1542,"14-01-2021 21:15","14-01-2021 21:30","None"
"1531",1543,"14-01-2021 21:30","14-01-2021 21:45","None"
"1532",1544,"14-01-2021 21:45","14-01-2021 22:00","None"
"1533",1545,"14-01-2021 22:00","14-01-2021 22:15","None"
"1534",1546,"14-01-2021 22:15","14-01-2021 22:30","None"
"1535",1547,"14-01-2021 22:30","14-01-2021 22:45","None"
"1536",1548,"14-01-2021 22:45","14-01-2021 23:00","None"
"1537",1549,"14-01-2021 23:00","14-01-2021 23:15","None"
"1538",1550,"14-01-2021 23:15","14-01-2021 23:30","None"
"1539",1551,"14-01-2021 23:30","14-01-2021 23:45","None"
"1540",1552,"14-01-2021 23:45","15-01-2021 00:00","None"
"1541",1553,"15-01-2021 00:00","15-01-2021 00:15","None"
"1542",1554,"15-01-2021 00:15","15-01-2021 00:30","19.9"
"1543",1555,"15-01-2021 00:30","15-01-2021 00:45","21.1"
"1544",1556,"15-01-2021 00:45","15-01-2021 01:00","21.4"
"1545",1557,"15-01-2021 01:00","15-01-2021 01:15","20.5"
"1546",1558,"15-01-2021 01:15","15-01-2021 01:30","19"
"1547",1559,"15-01-2021 01:30","15-01-2021 01:45","18.1"
"1548",1560,"15-01-2021 01:45","15-01-2021 02:00","18.1"
"1549",1561,"15-01-2021 02:00","15-01-2021 02:15","17.3"
"1550",1562,"15-01-2021 02:15","15-01-2021 02:30","16.9"
"1551",1563,"15-01-2021 02:30","15-01-2021 02:45","15.8"
"1552",1564,"15-01-2021 02:45","15-01-2021 03:00","15.2"
"1553",1565,"15-01-2021 03:00","15-01-2021 03:15","14.8"
"1554",1566,"15-01-2021 03:15","15-01-2021 03:30","13.8"
"1555",1567,"15-01-2021 03:30","15-01-2021 03:45","12.8"
"1556",1568,"15-01-2021 03:45","15-01-2021 04:00","12.1"
"1557",1569,"15-01-2021 04:00","15-01-2021 04:15","12.5"
"1558",1570,"15-01-2021 04:15","15-01-2021 04:30","14.3"
"1559",1571,"15-01-2021 04:30","15-01-2021 04:45","14"
"1560",1572,"15-01-2021 04:45","15-01-2021 05:00","14.5"
"1561",1573,"15-01-2021 05:00","15-01-2021 05:15","14.4"
"1562",1574,"15-01-2021 05:15","15-01-2021 05:30","13.8"
"1563",1575,"15-01-2021 05:30","15-01-2021 05:45","14.3"
"1564",1576,"15-01-2021 05:45","15-01-2021 06:00","14.3"
"1565",1577,"15-01-2021 06:00","15-01-2021 06:15","14.7"
"1566",1578,"15-01-2021 06:15","15-01-2021 06:30","14.8"
"1567",1579,"15-01-2021 06:30","15-01-2021 06:45","15.2"
"1568",1580,"15-01-2021 06:45","15-01-2021 07:00","14.5"
"1569",1581,"15-01-2021 07:00","15-01-2021 07:15","14.4"
"1570",1582,"15-01-2021 07:15","15-01-2021 07:30","14.1"
"1571",1583,"15-01-2021 07:30","15-01-2021 07:45","14"
"1572",1584,"15-01-2021 07:45","15-01-2021 08:00","15.5"
"1573",1585,"15-01-2021 08:00","15-01-2021 08:15","15.1"
"1574",1586,"15-01-2021 08:15","15-01-2021 08:30","14"
"1575",1587,"15-01-2021 08:30","15-01-2021 08:45","13.8"
"1576",1588,"15-01-2021 08:45","15-01-2021 09:00","17.7"
"1577",1589,"15-01-2021 09:00","15-01-2021 09:15","19.7"
"1578",1590,"15-01-2021 09:15","15-01-2021 09:30","20.7"
"1579",1591,"15-01-2021 09:30","15-01-2021 09:45","None"
"1580",1592,"15-01-2021 09:45","15-01-2021 10:00","None"
"1581",1593,"15-01-2021 10:00","15-01-2021 10:15","None"
"1582",1594,"15-01-2021 10:15","15-01-2021 10:30","26.7"
"1583",1595,"15-01-2021 10:30","15-01-2021 10:45","None"
"1584",1596,"15-01-2021 10:45","15-01-2021 11:00","None"
"1585",1597,"15-01-2021 11:00","15-01-2021 11:15","None"
"1586",1598,"15-01-2021 11:15","15-01-2021 11:30","24.8"
