"","X","X0","X1","X2","X3","X4","X5","X6"
"1",2392,"23-01-2021 17:45","23-01-2021 18:00","184","25.9","115.8","82.7","18.5"
"2",2393,"23-01-2021 18:00","23-01-2021 18:15","184","28.9","127.1","91.1","18.4"
"3",2394,"23-01-2021 18:15","23-01-2021 18:30","184","26.7","113.4","82","17.8"
"4",2395,"23-01-2021 18:30","23-01-2021 18:45","184","25.9","107.6","78.3","17.2"
"5",2396,"23-01-2021 18:45","23-01-2021 19:00","227","29.1","113.3","83.9","15.8"
"6",2397,"23-01-2021 19:00","23-01-2021 19:15","227","44","117.8","98.4","15.8"
"7",2398,"23-01-2021 19:15","23-01-2021 19:30","227","38.6","113.3","91.6","16.4"
"8",2399,"23-01-2021 19:30","23-01-2021 19:45","227","34.7","113.3","88.5","16.3"
"9",2400,"23-01-2021 19:45","23-01-2021 20:00","241","32.3","109.6","84.5","17.4"
"10",2401,"23-01-2021 20:00","23-01-2021 20:15","241","28.9","106.2","80","16.5"
"11",2402,"23-01-2021 20:15","23-01-2021 20:30","241","32.3","107","83.2","15"
"12",2403,"23-01-2021 20:30","23-01-2021 20:45","241","27.8","100.2","75.9","14"
"13",2404,"23-01-2021 20:45","23-01-2021 21:00","227","26.8","93.7","71.6","13.6"
"14",2405,"23-01-2021 21:00","23-01-2021 21:15","227","27.2","92.8","71.5","14.5"
"15",2406,"23-01-2021 21:15","23-01-2021 21:30","None","None","None","None","None"
"16",2407,"23-01-2021 21:30","23-01-2021 21:45","None","None","None","None","None"
"17",2408,"23-01-2021 21:45","23-01-2021 22:00","None","None","None","None","None"
"18",2409,"23-01-2021 22:00","23-01-2021 22:15","None","None","None","None","None"
"19",2410,"23-01-2021 22:15","23-01-2021 22:30","None","None","None","None","None"
"20",2411,"23-01-2021 22:30","23-01-2021 22:45","None","None","None","None","None"
"21",2412,"23-01-2021 22:45","23-01-2021 23:00","None","None","None","None","None"
"22",2413,"23-01-2021 23:00","23-01-2021 23:15","None","None","None","None","None"
"23",2414,"23-01-2021 23:15","23-01-2021 23:30","None","None","None","None","None"
"24",2415,"23-01-2021 23:30","23-01-2021 23:45","None","None","None","None","None"
"25",2416,"23-01-2021 23:45","24-01-2021 00:00","None","None","None","None","None"
"26",2417,"24-01-2021 00:00","24-01-2021 00:15","None","None","None","None","None"
"27",2418,"24-01-2021 00:15","24-01-2021 00:30","192","5.4","55.3","33.8","10.3"
"28",2419,"24-01-2021 00:30","24-01-2021 00:45","None","None","None","None","None"
"29",2420,"24-01-2021 00:45","24-01-2021 01:00","197","5.1","50","30.7","10.3"
"30",2421,"24-01-2021 01:00","24-01-2021 01:15","None","None","None","None","None"
"31",2422,"24-01-2021 01:15","24-01-2021 01:30","None","None","None","None","None"
"32",2423,"24-01-2021 01:30","24-01-2021 01:45","197","4.2","48.1","29","10.2"
"33",2424,"24-01-2021 01:45","24-01-2021 02:00","None","None","None","None","None"
"34",2425,"24-01-2021 02:00","24-01-2021 02:15","None","None","None","None","None"
"35",2426,"24-01-2021 02:15","24-01-2021 02:30","183","3.5","49.9","29.4","9.5"
"36",2427,"24-01-2021 02:30","24-01-2021 02:45","None","None","None","None","None"
"37",2428,"24-01-2021 02:45","24-01-2021 03:00","None","None","None","None","None"
"38",2429,"24-01-2021 03:00","24-01-2021 03:15","170","None","48.2","24","9.1"
"39",2430,"24-01-2021 03:15","24-01-2021 03:30","None","None","None","None","None"
"40",2431,"24-01-2021 03:30","24-01-2021 03:45","None","None","None","None","None"
"41",2432,"24-01-2021 03:45","24-01-2021 04:00","140","3.1","45.6","26.8","9.9"
"42",2433,"24-01-2021 04:00","24-01-2021 04:15","None","None","None","None","None"
"43",2434,"24-01-2021 04:15","24-01-2021 04:30","None","None","None","None","None"
"44",2435,"24-01-2021 04:30","24-01-2021 04:45","None","None","None","None","None"
"45",2436,"24-01-2021 04:45","24-01-2021 05:00","111","2.4","48","27.5","13"
"46",2437,"24-01-2021 05:00","24-01-2021 05:15","None","None","None","None","None"
"47",2438,"24-01-2021 05:15","24-01-2021 05:30","None","None","None","None","None"
"48",2439,"24-01-2021 05:30","24-01-2021 05:45","None","None","None","None","None"
"49",2440,"24-01-2021 05:45","24-01-2021 06:00","None","None","None","None","None"
"50",2441,"24-01-2021 06:00","24-01-2021 06:15","None","None","None","None","None"
"51",2442,"24-01-2021 06:15","24-01-2021 06:30","None","None","None","None","None"
"52",2443,"24-01-2021 06:30","24-01-2021 06:45","None","None","None","None","None"
"53",2444,"24-01-2021 06:45","24-01-2021 07:00","None","None","None","None","None"
"54",2445,"24-01-2021 07:00","24-01-2021 07:15","None","None","None","None","None"
"55",2446,"24-01-2021 07:15","24-01-2021 07:30","None","None","None","None","None"
"56",2447,"24-01-2021 07:30","24-01-2021 07:45","None","None","None","None","None"
"57",2448,"24-01-2021 07:45","24-01-2021 08:00","None","None","None","None","None"
"58",2449,"24-01-2021 08:00","24-01-2021 08:15","None","None","None","None","None"
"59",2450,"24-01-2021 08:15","24-01-2021 08:30","None","None","None","None","None"
"60",2451,"24-01-2021 08:30","24-01-2021 08:45","None","None","None","None","None"
"61",2452,"24-01-2021 08:45","24-01-2021 09:00","None","None","None","None","None"
"62",2453,"24-01-2021 09:00","24-01-2021 09:15","None","None","None","None","None"
"63",2454,"24-01-2021 09:15","24-01-2021 09:30","None","None","None","None","None"
"64",2455,"24-01-2021 09:30","24-01-2021 09:45","None","None","None","None","None"
"65",2456,"24-01-2021 09:45","24-01-2021 10:00","None","None","None","None","None"
"66",2457,"24-01-2021 10:00","24-01-2021 10:15","None","None","None","None","None"
"67",2458,"24-01-2021 10:15","24-01-2021 10:30","135","9.6","48.8","33.8","9.8"
"68",2459,"24-01-2021 10:30","24-01-2021 10:45","135","13.6","54.6","40.1","None"
"69",2460,"24-01-2021 10:45","24-01-2021 11:00","184","10.4","50.8","35.4","None"
"70",2461,"24-01-2021 11:00","24-01-2021 11:15","184","10.2","53.2","36.6","None"
"71",2462,"24-01-2021 11:15","24-01-2021 11:30","184","12.8","56.2","40.3","9.5"
"72",2463,"24-01-2021 11:30","24-01-2021 11:45","184","None","None","None","9.6"
"73",2464,"24-01-2021 11:45","24-01-2021 12:00","179","None","None","None","9.7"
"74",2465,"24-01-2021 12:00","24-01-2021 12:15","179","None","None","None","10.2"
"75",2466,"24-01-2021 12:15","24-01-2021 12:30","179","8.3","43.4","29.8","12.1"
"76",2467,"24-01-2021 12:30","24-01-2021 12:45","179","7.1","44.4","29.4","12.5"
"77",2468,"24-01-2021 12:45","24-01-2021 13:00","152","5.2","44.9","28.1","13.7"
"78",2469,"24-01-2021 13:00","24-01-2021 13:15","152","6.5","47.9","30.8","14.3"
"79",2470,"24-01-2021 13:15","24-01-2021 13:30","152","10.7","49.3","34.9","14.5"
"80",2471,"24-01-2021 13:30","24-01-2021 13:45","152","7.1","45","29.7","13.9"
"81",2472,"24-01-2021 13:45","24-01-2021 14:00","None","None","None","None","None"
"82",2473,"24-01-2021 14:00","24-01-2021 14:15","138","7.7","48.9","32.2","14.8"
"83",2474,"24-01-2021 14:15","24-01-2021 14:30","138","11.5","56.6","39.4","15.4"
"84",2475,"24-01-2021 14:30","24-01-2021 14:45","138","2.5","52.5","29.9","15.2"
"85",2476,"24-01-2021 14:45","24-01-2021 15:00","142","5.6","46.1","29.1","15.7"
"86",2477,"24-01-2021 15:00","24-01-2021 15:15","142","9","52.2","35","15.5"
"87",2478,"24-01-2021 15:15","24-01-2021 15:30","142","6.3","56.2","35","15.3"
"88",2479,"24-01-2021 15:30","24-01-2021 15:45","142","6.4","43.9","28.6","15.7"
"89",2480,"24-01-2021 15:45","24-01-2021 16:00","125","6.8","53.5","34","15.6"
"90",2481,"24-01-2021 16:00","24-01-2021 16:15","125","7.1","52.4","33.7","14.9"
"91",2482,"24-01-2021 16:15","24-01-2021 16:30","125","4.3","55.2","32.9","12.5"
"92",2483,"24-01-2021 16:30","24-01-2021 16:45","125","4.3","59.1","35","11.1"
"93",2484,"24-01-2021 16:45","24-01-2021 17:00","154","5.3","61","36.7","10.7"
"94",2485,"24-01-2021 17:00","24-01-2021 17:15","154","9.8","71.2","45.8","10.7"
"95",2486,"24-01-2021 17:15","24-01-2021 17:30","154","11.8","74.1","49","11.7"
"96",2487,"24-01-2021 17:30","24-01-2021 17:45","154","10.3","71.2","46.2","11.8"
"97",2488,"24-01-2021 17:45","24-01-2021 18:00","192","12.9","72.1","48.9","11.8"
"98",2489,"24-01-2021 18:00","24-01-2021 18:15","192","15.4","69.8","49.7","11.1"
"99",2490,"24-01-2021 18:15","24-01-2021 18:30","192","17.3","77.6","55.3","11.3"
"100",2491,"24-01-2021 18:30","24-01-2021 18:45","192","11","69.1","45.7","11.2"
"101",2492,"24-01-2021 18:45","24-01-2021 19:00","205","14.3","68.9","48.3","11.2"
"102",2493,"24-01-2021 19:00","24-01-2021 19:15","205","11.5","68.1","45.6","11.2"
"103",2494,"24-01-2021 19:15","24-01-2021 19:30","205","15.9","67","48.6","10.9"
"104",2495,"24-01-2021 19:30","24-01-2021 19:45","205","16.4","68.2","49.6","10.4"
"105",2496,"24-01-2021 19:45","24-01-2021 20:00","193","14.5","64.1","45.9","10.7"
"106",2497,"24-01-2021 20:00","24-01-2021 20:15","193","11.1","65","43.6","11.3"
"107",2498,"24-01-2021 20:15","24-01-2021 20:30","193","16.1","58","44","13.4"
"108",2499,"24-01-2021 20:30","24-01-2021 20:45","193","12.8","61","42.9","13.3"
"109",2500,"24-01-2021 20:45","24-01-2021 21:00","187","12.6","60.4","42.4","12.8"
"110",2501,"24-01-2021 21:00","24-01-2021 21:15","187","12.5","56.9","40.5","13.2"
"111",2502,"24-01-2021 21:15","24-01-2021 21:30","187","13.3","56.7","41","13.5"
"112",2503,"24-01-2021 21:30","24-01-2021 21:45","187","7.4","46.5","30.8","12.4"
"113",2504,"24-01-2021 21:45","24-01-2021 22:00","182","8.1","50.1","33.2","12.8"
"114",2505,"24-01-2021 22:00","24-01-2021 22:15","182","9.2","53","35.7","13.3"
"115",2506,"24-01-2021 22:15","24-01-2021 22:30","182","9","47.2","32.5","13.6"
"116",2507,"24-01-2021 22:30","24-01-2021 22:45","182","4.7","44.4","27.4","12.5"
"117",2508,"24-01-2021 22:45","24-01-2021 23:00","165","7.2","46.1","30.4","12.7"
"118",2509,"24-01-2021 23:00","24-01-2021 23:15","165","3.5","42.9","25.7","12.5"
"119",2510,"24-01-2021 23:15","24-01-2021 23:30","165","4.1","37.6","23.3","12.6"
"120",2511,"24-01-2021 23:30","24-01-2021 23:45","None","None","None","None","None"
"121",2512,"24-01-2021 23:45","25-01-2021 00:00","155","6","41.8","27.1","12.5"
"122",2513,"25-01-2021 00:00","25-01-2021 00:15","155","3.2","39.7","23.8","12"
"123",2514,"25-01-2021 00:15","25-01-2021 00:30","155","3.1","39.5","23.5","11.6"
"124",2515,"25-01-2021 00:30","25-01-2021 00:45","155","2.2","38.7","22.4","11.4"
"125",2516,"25-01-2021 00:45","25-01-2021 01:00","160","None","35.5","18.2","11.2"
"126",2517,"25-01-2021 01:00","25-01-2021 01:15","160","3.9","33.7","21.1","11.2"
"127",2518,"25-01-2021 01:15","25-01-2021 01:30","160","4","37.5","23.2","10.7"
"128",2519,"25-01-2021 01:30","25-01-2021 01:45","160","5.2","36.5","23.6","10.6"
"129",2520,"25-01-2021 01:45","25-01-2021 02:00","153","3.9","30.8","19.6","10.9"
"130",2521,"25-01-2021 02:00","25-01-2021 02:15","153","2","31.3","18.3","11.6"
"131",2522,"25-01-2021 02:15","25-01-2021 02:30","153","3.9","32.9","20.7","11.2"
"132",2523,"25-01-2021 02:30","25-01-2021 02:45","153","0.1","33.4","17.8","10.8"
"133",2524,"25-01-2021 02:45","25-01-2021 03:00","141","5.2","34.2","22.4","10.9"
"134",2525,"25-01-2021 03:00","25-01-2021 03:15","141","None","30.2","15.1","11.4"
"135",2526,"25-01-2021 03:15","25-01-2021 03:30","141","2.8","34.2","20.5","11.2"
"136",2527,"25-01-2021 03:30","25-01-2021 03:45","None","None","None","None","None"
"137",2528,"25-01-2021 03:45","25-01-2021 04:00","145","4.5","30.5","19.9","11.4"
"138",2529,"25-01-2021 04:00","25-01-2021 04:15","145","None","34.3","17.8","11.5"
"139",2530,"25-01-2021 04:15","25-01-2021 04:30","145","2.8","31.2","18.9","12.2"
"140",2531,"25-01-2021 04:30","25-01-2021 04:45","145","2.5","29.1","17.5","12.5"
"141",2532,"25-01-2021 04:45","25-01-2021 05:00","118","2.1","31.9","18.6","13.3"
"142",2533,"25-01-2021 05:00","25-01-2021 05:15","118","4.7","29.9","19.7","13.8"
"143",2534,"25-01-2021 05:15","25-01-2021 05:30","None","None","None","None","None"
"144",2535,"25-01-2021 05:30","25-01-2021 05:45","118","3.4","29.3","18.4","13.4"
"145",2536,"25-01-2021 05:45","25-01-2021 06:00","107","3.9","31.5","19.9","13.7"
"146",2537,"25-01-2021 06:00","25-01-2021 06:15","107","4.2","32.3","20.6","14.2"
"147",2538,"25-01-2021 06:15","25-01-2021 06:30","107","2.7","31.2","18.8","14"
"148",2539,"25-01-2021 06:30","25-01-2021 06:45","107","5.9","32","21.8","14.4"
"149",2540,"25-01-2021 06:45","25-01-2021 07:00","109","3","31.9","19.4","14"
"150",2541,"25-01-2021 07:00","25-01-2021 07:15","109","5","31.9","21","14"
"151",2542,"25-01-2021 07:15","25-01-2021 07:30","109","7.3","32.3","23.1","14.1"
"152",2543,"25-01-2021 07:30","25-01-2021 07:45","109","6.3","34.6","23.5","14"
"153",2544,"25-01-2021 07:45","25-01-2021 08:00","None","None","None","None","None"
"154",2545,"25-01-2021 08:00","25-01-2021 08:15","116","7.1","40.3","27.2","13.8"
"155",2546,"25-01-2021 08:15","25-01-2021 08:30","116","6.1","37.8","25","12.4"
"156",2547,"25-01-2021 08:30","25-01-2021 08:45","116","6.5","42.6","28","11.8"
"157",2548,"25-01-2021 08:45","25-01-2021 09:00","134","8.1","47.6","31.9","11.5"
"158",2549,"25-01-2021 09:00","25-01-2021 09:15","134","9.5","52.8","35.8","11.8"
"159",2550,"25-01-2021 09:15","25-01-2021 09:30","134","12","50.9","36.8","11.9"
"160",2551,"25-01-2021 09:30","25-01-2021 09:45","None","None","None","None","None"
"161",2552,"25-01-2021 09:45","25-01-2021 10:00","None","None","None","None","None"
"162",2553,"25-01-2021 10:00","25-01-2021 10:15","None","None","None","None","None"
"163",2554,"25-01-2021 10:15","25-01-2021 10:30","225","8","58.2","37.5","11.6"
"164",2555,"25-01-2021 10:30","25-01-2021 10:45","225","11.4","63.8","43.2","None"
"165",2556,"25-01-2021 10:45","25-01-2021 11:00","206","10.5","62.2","41.6","None"
"166",2557,"25-01-2021 11:00","25-01-2021 11:15","206","9.8","58.2","39","None"
"167",2558,"25-01-2021 11:15","25-01-2021 11:30","206","11.1","59.9","40.9","11.1"
"168",2559,"25-01-2021 11:30","25-01-2021 11:45","206","None","None","None","10.7"
"169",2560,"25-01-2021 11:45","25-01-2021 12:00","208","None","None","None","10.8"
"170",2561,"25-01-2021 12:00","25-01-2021 12:15","208","None","None","None","None"
"171",2562,"25-01-2021 12:15","25-01-2021 12:30","208","411.8","6.9","338.5","None"
"172",2563,"25-01-2021 12:30","25-01-2021 12:45","208","385.4","8.7","318","None"
"173",2564,"25-01-2021 12:45","25-01-2021 13:00","221","5.3","17.1","13.4","14.2"
"174",2565,"25-01-2021 13:00","25-01-2021 13:15","221","12","62.7","43","11.8"
"175",2566,"25-01-2021 13:15","25-01-2021 13:30","221","16.8","73.4","52.7","12.6"
"176",2567,"25-01-2021 13:30","25-01-2021 13:45","221","14.2","70.9","49.3","13.4"
"177",2568,"25-01-2021 13:45","25-01-2021 14:00","212","15","70.7","49.8","13.1"
"178",2569,"25-01-2021 14:00","25-01-2021 14:15","212","13.1","64.6","45","12.4"
"179",2570,"25-01-2021 14:15","25-01-2021 14:30","212","7.2","66.5","41.2","12.4"
"180",2571,"25-01-2021 14:30","25-01-2021 14:45","212","13.1","60.4","42.7","12.7"
"181",2572,"25-01-2021 14:45","25-01-2021 15:00","194","8","62.8","39.9","12.5"
"182",2573,"25-01-2021 15:00","25-01-2021 15:15","194","14.7","63","45.4","12.6"
"183",2574,"25-01-2021 15:15","25-01-2021 15:30","194","14.4","67.7","47.7","13"
"184",2575,"25-01-2021 15:30","25-01-2021 15:45","194","12.2","68.1","46.1","13"
"185",2576,"25-01-2021 15:45","25-01-2021 16:00","182","10.8","66.1","43.9","12.5"
"186",2577,"25-01-2021 16:00","25-01-2021 16:15","182","17.6","71.9","52.6","12.8"
"187",2578,"25-01-2021 16:15","25-01-2021 16:30","182","11.8","70","46.8","14.6"
"188",2579,"25-01-2021 16:30","25-01-2021 16:45","182","23.9","78","60.9","15.4"
"189",2580,"25-01-2021 16:45","25-01-2021 17:00","182","11.2","72.7","47.8","14.9"
"190",2581,"25-01-2021 17:00","25-01-2021 17:15","182","22.3","79.7","60.6","15.6"
"191",2582,"25-01-2021 17:15","25-01-2021 17:30","182","28.3","91.1","71.4","15.3"
"192",2583,"25-01-2021 17:30","25-01-2021 17:45","None","None","None","None","None"
"193",2584,"25-01-2021 17:45","25-01-2021 18:00","185","30.2","93.4","74.2","15.7"
"194",2585,"25-01-2021 18:00","25-01-2021 18:15","185","43.3","99.3","88","16.7"
"195",2586,"25-01-2021 18:15","25-01-2021 18:30","None","None","None","None","None"
"196",2587,"25-01-2021 18:30","25-01-2021 18:45","185","34.7","97.3","80","17"
"197",2588,"25-01-2021 18:45","25-01-2021 19:00","207","37.3","102.9","85.1","17"
"198",2589,"25-01-2021 19:00","25-01-2021 19:15","207","42.7","104.7","90.4","17.2"
"199",2590,"25-01-2021 19:15","25-01-2021 19:30","207","59.2","108.6","105.9","18"
"200",2591,"25-01-2021 19:30","25-01-2021 19:45","207","60.9","110.9","108.5","18.3"
"201",2592,"25-01-2021 19:45","25-01-2021 20:00","None","None","None","None","None"
"202",2593,"25-01-2021 20:00","25-01-2021 20:15","242","74.5","107.8","117.9","18"
"203",2594,"25-01-2021 20:15","25-01-2021 20:30","242","50.3","110.3","99.6","16.6"
"204",2595,"25-01-2021 20:30","25-01-2021 20:45","242","47","111","97.3","14.9"
"205",2596,"25-01-2021 20:45","25-01-2021 21:00","236","28.6","103.2","78.1","14.3"
"206",2597,"25-01-2021 21:00","25-01-2021 21:15","236","18.6","96.9","66.7","13.5"
"207",2598,"25-01-2021 21:15","25-01-2021 21:30","236","25.3","97","72.2","13.5"
"208",2599,"25-01-2021 21:30","25-01-2021 21:45","236","39","102.1","86","13.7"
"209",2600,"25-01-2021 21:45","25-01-2021 22:00","198","20.3","95.9","67.5","14"
"210",2601,"25-01-2021 22:00","25-01-2021 22:15","198","26","99.1","73.8","13.3"
"211",2602,"25-01-2021 22:15","25-01-2021 22:30","198","29.4","95.3","74.6","14"
"212",2603,"25-01-2021 22:30","25-01-2021 22:45","198","27.2","87.2","68.5","14.1"
"213",2604,"25-01-2021 22:45","25-01-2021 23:00","174","21.2","86.5","63.2","13.4"
"214",2605,"25-01-2021 23:00","25-01-2021 23:15","None","None","None","None","None"
"215",2606,"25-01-2021 23:15","25-01-2021 23:30","174","5.7","67","40.2","13.3"
"216",2607,"25-01-2021 23:30","25-01-2021 23:45","None","None","None","None","None"
"217",2608,"25-01-2021 23:45","26-01-2021 00:00","None","None","None","None","None"
"218",2609,"26-01-2021 00:00","26-01-2021 00:15","155","4.5","58.4","34.7","12.6"
"219",2610,"26-01-2021 00:15","26-01-2021 00:30","155","7.6","54.7","35.2","11.5"
"220",2611,"26-01-2021 00:30","26-01-2021 00:45","155","9.5","55.7","37.4","11.1"
"221",2612,"26-01-2021 00:45","26-01-2021 01:00","138","7.4","54.9","35.2","10.6"
"222",2613,"26-01-2021 01:00","26-01-2021 01:15","138","2.4","51.2","29.2","10.5"
"223",2614,"26-01-2021 01:15","26-01-2021 01:30","138","3.9","49.9","29.7","10.2"
"224",2615,"26-01-2021 01:30","26-01-2021 01:45","138","2.6","54.2","31","10.6"
"225",2616,"26-01-2021 01:45","26-01-2021 02:00","132","0.8","51.7","28.2","11.1"
"226",2617,"26-01-2021 02:00","26-01-2021 02:15","132","2.7","46.7","27.1","11.5"
"227",2618,"26-01-2021 02:15","26-01-2021 02:30","132","3.5","46.8","27.7","11"
"228",2619,"26-01-2021 02:30","26-01-2021 02:45","132","2.2","45.4","25.9","10.7"
"229",2620,"26-01-2021 02:45","26-01-2021 03:00","130","3.7","41.7","25.2","10.2"
"230",2621,"26-01-2021 03:00","26-01-2021 03:15","130","3.4","43.6","26","10.4"
"231",2622,"26-01-2021 03:15","26-01-2021 03:30","130","5.5","45","28.4","10.8"
"232",2623,"26-01-2021 03:30","26-01-2021 03:45","None","None","None","None","None"
"233",2624,"26-01-2021 03:45","26-01-2021 04:00","114","4.9","49.4","30.2","10.1"
"234",2625,"26-01-2021 04:00","26-01-2021 04:15","114","2.8","45.4","26.4","11.1"
"235",2626,"26-01-2021 04:15","26-01-2021 04:30","114","2.9","42.8","25.1","13.9"
"236",2627,"26-01-2021 04:30","26-01-2021 04:45","114","6.9","46.2","30.2","14.5"
"237",2628,"26-01-2021 04:45","26-01-2021 05:00","123","5.5","42.6","27.1","15"
"238",2629,"26-01-2021 05:00","26-01-2021 05:15","123","1.1","37.2","20.7","14.3"
"239",2630,"26-01-2021 05:15","26-01-2021 05:30","123","2.8","37.9","22.4","14.1"
"240",2631,"26-01-2021 05:30","26-01-2021 05:45","123","3.8","34.1","21.2","13.9"
"241",2632,"26-01-2021 05:45","26-01-2021 06:00","128","1","38.9","21.6","13.9"
"242",2633,"26-01-2021 06:00","26-01-2021 06:15","128","1.9","33.6","19.4","14.3"
"243",2634,"26-01-2021 06:15","26-01-2021 06:30","128","4.9","34.3","22.2","14"
"244",2635,"26-01-2021 06:30","26-01-2021 06:45","128","3","35.6","21.4","14.9"
"245",2636,"26-01-2021 06:45","26-01-2021 07:00","123","5.5","32.6","21.8","14.9"
"246",2637,"26-01-2021 07:00","26-01-2021 07:15","None","None","None","None","None"
"247",2638,"26-01-2021 07:15","26-01-2021 07:30","123","1.9","35.5","20.4","14.6"
"248",2639,"26-01-2021 07:30","26-01-2021 07:45","123","4.8","36.2","23.2","14.9"
"249",2640,"26-01-2021 07:45","26-01-2021 08:00","132","1.9","40.9","23.3","14.8"
"250",2641,"26-01-2021 08:00","26-01-2021 08:15","132","6.3","41.5","27.2","14"
"251",2642,"26-01-2021 08:15","26-01-2021 08:30","132","3.7","45.6","27.3","11.5"
"252",2643,"26-01-2021 08:30","26-01-2021 08:45","132","6.2","43.5","28.2","11.6"
"253",2644,"26-01-2021 08:45","26-01-2021 09:00","130","6.8","40.9","27.3","12.2"
"254",2645,"26-01-2021 09:00","26-01-2021 09:15","130","9.8","40.9","29.7","11.7"
"255",2646,"26-01-2021 09:15","26-01-2021 09:30","130","4.8","37.8","24","11.2"
"256",2647,"26-01-2021 09:30","26-01-2021 09:45","None","None","None","None","None"
"257",2648,"26-01-2021 09:45","26-01-2021 10:00","None","None","None","None","None"
"258",2649,"26-01-2021 10:00","26-01-2021 10:15","None","None","None","None","None"
"259",2650,"26-01-2021 10:15","26-01-2021 10:30","121","6.5","40.1","26.6","12.3"
"260",2651,"26-01-2021 10:30","26-01-2021 10:45","121","3.7","41.2","24.9","None"
"261",2652,"26-01-2021 10:45","26-01-2021 11:00","121","7.8","43.7","29.6","None"
"262",2653,"26-01-2021 11:00","26-01-2021 11:15","121","10.3","47.4","33.6","None"
"263",2654,"26-01-2021 11:15","26-01-2021 11:30","121","5","40.9","25.8","10.4"
"264",2655,"26-01-2021 11:30","26-01-2021 11:45","121","None","None","None","10.5"
"265",2656,"26-01-2021 11:45","26-01-2021 12:00","124","None","None","None","10.5"
"266",2657,"26-01-2021 12:00","26-01-2021 12:15","124","None","None","None","11.6"
"267",2658,"26-01-2021 12:15","26-01-2021 12:30","124","7.9","43.5","29.5","14.1"
"268",2659,"26-01-2021 12:30","26-01-2021 12:45","124","7.5","46.9","31.1","14.2"
"269",2660,"26-01-2021 12:45","26-01-2021 13:00","129","6.3","41.6","27.3","13.4"
"270",2661,"26-01-2021 13:00","26-01-2021 13:15","129","11","42","31.3","14.1"
"271",2662,"26-01-2021 13:15","26-01-2021 13:30","129","8.7","39.9","28.3","14.3"
"272",2663,"26-01-2021 13:30","26-01-2021 13:45","129","7.3","37.8","26","13.9"
"273",2664,"26-01-2021 13:45","26-01-2021 14:00","119","8.5","40.9","28.6","14.8"
"274",2665,"26-01-2021 14:00","26-01-2021 14:15","119","8.7","37.8","27.2","14.7"
"275",2666,"26-01-2021 14:15","26-01-2021 14:30","119","5.8","38.7","25.3","14.6"
"276",2667,"26-01-2021 14:30","26-01-2021 14:45","119","5.5","35","23.1","14.7"
"277",2668,"26-01-2021 14:45","26-01-2021 15:00","119","7.9","42.6","29.1","14.6"
"278",2669,"26-01-2021 15:00","26-01-2021 15:15","119","7","37.8","25.8","14.1"
"279",2670,"26-01-2021 15:15","26-01-2021 15:30","119","5.1","34.2","22.4","15"
"280",2671,"26-01-2021 15:30","26-01-2021 15:45","119","6.8","41.6","27.6","14.6"
"281",2672,"26-01-2021 15:45","26-01-2021 16:00","106","4.8","43.2","26.8","14"
"282",2673,"26-01-2021 16:00","26-01-2021 16:15","106","3.5","47.8","28.3","13"
"283",2674,"26-01-2021 16:15","26-01-2021 16:30","106","2.3","41.1","23.7","11.3"
"284",2675,"26-01-2021 16:30","26-01-2021 16:45","106","4.5","48.8","29.6","10.9"
"285",2676,"26-01-2021 16:45","26-01-2021 17:00","107","6.6","47.4","30.6","9.9"
"286",2677,"26-01-2021 17:00","26-01-2021 17:15","107","4.4","59.9","35.4","10.9"
"287",2678,"26-01-2021 17:15","26-01-2021 17:30","107","10.3","72.3","46.9","11.6"
"288",2679,"26-01-2021 17:30","26-01-2021 17:45","107","17.5","82.8","58.3","13.6"
"289",2680,"26-01-2021 17:45","26-01-2021 18:00","146","10.5","71.8","46.7","13.1"
"290",2681,"26-01-2021 18:00","26-01-2021 18:15","146","16.9","73.4","52.7","12.8"
"291",2682,"26-01-2021 18:15","26-01-2021 18:30","146","13.1","76.4","51.4","12.5"
"292",2683,"26-01-2021 18:30","26-01-2021 18:45","146","17","82.8","57.8","12.7"
"293",2684,"26-01-2021 18:45","26-01-2021 19:00","168","22.9","93.6","68.4","12.8"
"294",2685,"26-01-2021 19:00","26-01-2021 19:15","168","27","98.5","74.3","13.2"
"295",2686,"26-01-2021 19:15","26-01-2021 19:30","168","20.1","91.7","65.1","13.1"
"296",2687,"26-01-2021 19:30","26-01-2021 19:45","168","21.3","93.8","67.2","12.7"
"297",2688,"26-01-2021 19:45","26-01-2021 20:00","207","18.3","95.7","65.8","12.6"
"298",2689,"26-01-2021 20:00","26-01-2021 20:15","207","19.3","93.4","65.4","12.8"
"299",2690,"26-01-2021 20:15","26-01-2021 20:30","207","21.7","99","70.3","13.8"
"300",2691,"26-01-2021 20:30","26-01-2021 20:45","207","20.7","99.8","69.9","12.9"
"301",2692,"26-01-2021 20:45","26-01-2021 21:00","204","20.5","102.3","71.1","12.8"
"302",2693,"26-01-2021 21:00","26-01-2021 21:15","204","35.3","101.9","82.9","12.9"
"303",2694,"26-01-2021 21:15","26-01-2021 21:30","204","50.8","104.5","96.9","13.2"
"304",2695,"26-01-2021 21:30","26-01-2021 21:45","204","42.8","100.4","88.2","14.4"
"305",2696,"26-01-2021 21:45","26-01-2021 22:00","222","47.8","102.2","93.2","14.4"
"306",2697,"26-01-2021 22:00","26-01-2021 22:15","222","50","105.1","96.5","16.1"
"307",2698,"26-01-2021 22:15","26-01-2021 22:30","222","55.2","111.5","104.2","16.3"
"308",2699,"26-01-2021 22:30","26-01-2021 22:45","222","49.6","102.7","94.9","15.9"
"309",2700,"26-01-2021 22:45","26-01-2021 23:00","225","46.4","96","88.7","15.7"
"310",2701,"26-01-2021 23:00","26-01-2021 23:15","225","50.5","97.6","93","19.9"
"311",2702,"26-01-2021 23:15","26-01-2021 23:30","225","59.4","95.8","99.2","131.9"
"312",2703,"26-01-2021 23:30","26-01-2021 23:45","None","None","None","None","None"
"313",2704,"26-01-2021 23:45","27-01-2021 00:00","331","67.5","97.2","106.6","None"
"314",2705,"27-01-2021 00:00","27-01-2021 00:15","331","54.7","99.4","97.4","None"
"315",2706,"27-01-2021 00:15","27-01-2021 00:30","331","41.3","98.5","86","None"
"316",2707,"27-01-2021 00:30","27-01-2021 00:45","331","30.6","92.7","74.2","None"
"317",2708,"27-01-2021 00:45","27-01-2021 01:00","394","23.6","85.5","64.7","None"
"318",2709,"27-01-2021 01:00","27-01-2021 01:15","394","10.2","79.2","50.4","None"
"319",2710,"27-01-2021 01:15","27-01-2021 01:30","394","9.7","69.1","44.6","None"
"320",2711,"27-01-2021 01:30","27-01-2021 01:45","394","11.5","67.1","45","None"
"321",2712,"27-01-2021 01:45","27-01-2021 02:00","213","9.5","61.1","40.2","None"
"322",2713,"27-01-2021 02:00","27-01-2021 02:15","None","None","None","None","None"
"323",2714,"27-01-2021 02:15","27-01-2021 02:30","213","16.1","70","50.3","None"
"324",2715,"27-01-2021 02:30","27-01-2021 02:45","213","7.5","62","39.1","None"
"325",2716,"27-01-2021 02:45","27-01-2021 03:00","187","5.3","52.5","32.2","None"
"326",2717,"27-01-2021 03:00","27-01-2021 03:15","187","4.5","49.4","30","None"
"327",2718,"27-01-2021 03:15","27-01-2021 03:30","187","3.4","55.5","32.3","None"
"328",2719,"27-01-2021 03:30","27-01-2021 03:45","187","4.7","65","38.4","None"
"329",2720,"27-01-2021 03:45","27-01-2021 04:00","162","2.1","54.7","30.8","None"
"330",2721,"27-01-2021 04:00","27-01-2021 04:15","162","5.5","46.3","29.1","None"
"331",2722,"27-01-2021 04:15","27-01-2021 04:30","162","None","51.4","27","17.1"
"332",2723,"27-01-2021 04:30","27-01-2021 04:45","162","6.5","45.2","29.3","15.3"
"333",2724,"27-01-2021 04:45","27-01-2021 05:00","100","6.4","48","30.7","13.7"
"334",2725,"27-01-2021 05:00","27-01-2021 05:15","100","7.9","45.3","30.5","12.8"
"335",2726,"27-01-2021 05:15","27-01-2021 05:30","100","4.8","50.5","30.8","11.7"
"336",2727,"27-01-2021 05:30","27-01-2021 05:45","100","3.1","47.2","27.6","11.6"
"337",2728,"27-01-2021 05:45","27-01-2021 06:00","89","7.1","47.1","30.8","11.1"
"338",2729,"27-01-2021 06:00","27-01-2021 06:15","89","3.2","45.9","27","11.3"
"339",2730,"27-01-2021 06:15","27-01-2021 06:30","89","3.2","45.8","27","12.4"
"340",2731,"27-01-2021 06:30","27-01-2021 06:45","89","5.2","42.9","27.1","12.5"
"341",2732,"27-01-2021 06:45","27-01-2021 07:00","84","4.6","44.4","27.3","11.6"
"342",2733,"27-01-2021 07:00","27-01-2021 07:15","84","7.2","45.3","30","12.2"
"343",2734,"27-01-2021 07:15","27-01-2021 07:30","84","4.7","38.4","24.3","13.7"
"344",2735,"27-01-2021 07:30","27-01-2021 07:45","84","5","38.1","24.4","12.8"
"345",2736,"27-01-2021 07:45","27-01-2021 08:00","87","9.2","41.1","29.3","12.3"
"346",2737,"27-01-2021 08:00","27-01-2021 08:15","87","11","46.1","33.5","13.3"
"347",2738,"27-01-2021 08:15","27-01-2021 08:30","87","15.1","59.5","43.9","17"
"348",2739,"27-01-2021 08:30","27-01-2021 08:45","87","28","75.8","63.1","28.4"
"349",2740,"27-01-2021 08:45","27-01-2021 09:00","169","33.8","76.7","68.3","42.6"
"350",2741,"27-01-2021 09:00","27-01-2021 09:15","169","31.5","83.2","69.8","55.8"
"351",2742,"27-01-2021 09:15","27-01-2021 09:30","169","22.7","91.9","67.3","68"
"352",2743,"27-01-2021 09:30","27-01-2021 09:45","None","None","None","None","None"
"353",2744,"27-01-2021 09:45","27-01-2021 10:00","None","None","None","None","None"
"354",2745,"27-01-2021 10:00","27-01-2021 10:15","None","None","None","None","None"
"355",2746,"27-01-2021 10:15","27-01-2021 10:30","290","13.6","74.4","50.7","52.1"
"356",2747,"27-01-2021 10:30","27-01-2021 10:45","290","14.1","81.1","54.6","None"
"357",2748,"27-01-2021 10:45","27-01-2021 11:00","234","13.3","78.4","52.5","None"
"358",2749,"27-01-2021 11:00","27-01-2021 11:15","234","11.7","74.8","49.3","None"
"359",2750,"27-01-2021 11:15","27-01-2021 11:30","None","None","None","None","None"
"360",2751,"27-01-2021 11:30","27-01-2021 11:45","234","None","None","None","46.2"
"361",2752,"27-01-2021 11:45","27-01-2021 12:00","230","None","None","None","44.2"
"362",2753,"27-01-2021 12:00","27-01-2021 12:15","230","None","None","None","42.7"
"363",2754,"27-01-2021 12:15","27-01-2021 12:30","230","6.4","60.7","37.6","37.7"
"364",2755,"27-01-2021 12:30","27-01-2021 12:45","230","8.8","61.6","39.9","35.9"
"365",2756,"27-01-2021 12:45","27-01-2021 13:00","184","10.3","60.1","40.4","32.5"
"366",2757,"27-01-2021 13:00","27-01-2021 13:15","184","213.3","45.2","197.4","None"
"367",2758,"27-01-2021 13:15","27-01-2021 13:30","184","417.6","4.5","341.9","None"
"368",2759,"27-01-2021 13:30","27-01-2021 13:45","184","464.8","7.5","381.8","None"
"369",2760,"27-01-2021 13:45","27-01-2021 14:00","171","167.2","14.8","143.8","None"
"370",2761,"27-01-2021 14:00","27-01-2021 14:15","171","7.5","61","38.6","19.4"
"371",2762,"27-01-2021 14:15","27-01-2021 14:30","None","None","None","None","None"
"372",2763,"27-01-2021 14:30","27-01-2021 14:45","171","6.5","68","41.5","41.3"
"373",2764,"27-01-2021 14:45","27-01-2021 15:00","163","9.4","67.6","43.6","38.6"
"374",2765,"27-01-2021 15:00","27-01-2021 15:15","163","3.9","74.5","42.8","35.9"
"375",2766,"27-01-2021 15:15","27-01-2021 15:30","163","10.4","82.4","52.3","32.7"
"376",2767,"27-01-2021 15:30","27-01-2021 15:45","163","7.6","79.6","48.5","32"
"377",2768,"27-01-2021 15:45","27-01-2021 16:00","144","7.4","74.6","45.7","31.8"
"378",2769,"27-01-2021 16:00","27-01-2021 16:15","144","7.5","80.9","49.1","31.1"
"379",2770,"27-01-2021 16:15","27-01-2021 16:30","None","None","None","None","None"
"380",2771,"27-01-2021 16:30","27-01-2021 16:45","144","8.5","89.4","54.5","26.7"
"381",2772,"27-01-2021 16:45","27-01-2021 17:00","152","10","94.2","58.2","21.5"
"382",2773,"27-01-2021 17:00","27-01-2021 17:15","152","11","95.7","59.8","22.1"
"383",2774,"27-01-2021 17:15","27-01-2021 17:30","152","17.6","100.1","67.5","21.3"
"384",2775,"27-01-2021 17:30","27-01-2021 17:45","152","27.3","118.8","85.4","21.9"
"385",2776,"27-01-2021 17:45","27-01-2021 18:00","145","37.3","132.8","101","22"
"386",2777,"27-01-2021 18:00","27-01-2021 18:15","145","35.8","133.4","100.1","21.8"
"387",2778,"27-01-2021 18:15","27-01-2021 18:30","None","None","None","None","None"
"388",2779,"27-01-2021 18:30","27-01-2021 18:45","145","52.8","145","120","20.8"
"389",2780,"27-01-2021 18:45","27-01-2021 19:00","223","119.6","157.3","180.9","21.3"
"390",2781,"27-01-2021 19:00","27-01-2021 19:15","223","169.5","176.9","232","27.1"
"391",2782,"27-01-2021 19:15","27-01-2021 19:30","223","111.6","155.8","173.6","27"
"392",2783,"27-01-2021 19:30","27-01-2021 19:45","223","64.1","148","130.8","22.1"
"393",2784,"27-01-2021 19:45","27-01-2021 20:00","474","57.9","151.4","127.6","20.2"
"394",2785,"27-01-2021 20:00","27-01-2021 20:15","474","80.1","157.7","149","20.3"
"395",2786,"27-01-2021 20:15","27-01-2021 20:30","474","58.6","157","131.2","20.3"
"396",2787,"27-01-2021 20:30","27-01-2021 20:45","474","49.5","138.6","114","19.2"
"397",2788,"27-01-2021 20:45","27-01-2021 21:00","378","81.6","151.3","146.8","17.8"
"398",2789,"27-01-2021 21:00","27-01-2021 21:15","378","59.2","147.4","126.5","18.8"
"399",2790,"27-01-2021 21:15","27-01-2021 21:30","378","26.3","154.7","103.7","16.9"
"400",2791,"27-01-2021 21:30","27-01-2021 21:45","378","17.6","138.8","88.1","14.7"
"401",2792,"27-01-2021 21:45","27-01-2021 22:00","330","12","135.8","81.9","13.9"
"402",2793,"27-01-2021 22:00","27-01-2021 22:15","330","10.2","130.5","77.7","13.4"
"403",2794,"27-01-2021 22:15","27-01-2021 22:30","330","9.5","121.8","72.5","12.6"
"404",2795,"27-01-2021 22:30","27-01-2021 22:45","330","12.2","119.1","73.3","12"
"405",2796,"27-01-2021 22:45","27-01-2021 23:00","258","10.5","119.7","72.2","11.8"
"406",2797,"27-01-2021 23:00","27-01-2021 23:15","258","10.8","117.8","71.4","12.2"
"407",2798,"27-01-2021 23:15","27-01-2021 23:30","258","4.7","108.9","61.8","11.8"
"408",2799,"27-01-2021 23:30","27-01-2021 23:45","None","None","None","None","None"
"409",2800,"27-01-2021 23:45","28-01-2021 00:00","235","4.7","83.8","48.4","9.7"
"410",2801,"28-01-2021 00:00","28-01-2021 00:15","235","4.2","81.6","46.8","10.3"
"411",2802,"28-01-2021 00:15","28-01-2021 00:30","None","None","None","None","None"
"412",2803,"28-01-2021 00:30","28-01-2021 00:45","235","5.1","78.1","45.6","12.7"
"413",2804,"28-01-2021 00:45","28-01-2021 01:00","208","5.2","70.3","41.6","13.5"
"414",2805,"28-01-2021 01:00","28-01-2021 01:15","208","4.5","67.9","39.8","13"
"415",2806,"28-01-2021 01:15","28-01-2021 01:30","None","5.6","64.3","38.7","12.7"
"416",2807,"28-01-2021 01:30","28-01-2021 01:45","208","4","58.6","34.4","13.1"
"417",2808,"28-01-2021 01:45","28-01-2021 02:00","191","2.9","56","32.1","12.5"
"418",2809,"28-01-2021 02:00","28-01-2021 02:15","191","4.9","49.6","30.4","11.5"
"419",2810,"28-01-2021 02:15","28-01-2021 02:30","191","4.6","51","30.9","11.7"
"420",2811,"28-01-2021 02:30","28-01-2021 02:45","191","4.1","53.1","31.6","11.6"
"421",2812,"28-01-2021 02:45","28-01-2021 03:00","166","4.1","52.4","31.2","11.5"
"422",2813,"28-01-2021 03:00","28-01-2021 03:15","166","6","52.2","32.7","11"
"423",2814,"28-01-2021 03:15","28-01-2021 03:30","166","3.4","54.3","31.7","10.5"
"424",2815,"28-01-2021 03:30","28-01-2021 03:45","166","3","52.6","30.4","10.5"
"425",2816,"28-01-2021 03:45","28-01-2021 04:00","155","5.4","49.2","30.6","10.9"
"426",2817,"28-01-2021 04:00","28-01-2021 04:15","155","5","44.7","27.9","11.3"
"427",2818,"28-01-2021 04:15","28-01-2021 04:30","155","3.5","48.2","28.5","11.7"
"428",2819,"28-01-2021 04:30","28-01-2021 04:45","None","None","None","None","None"
"429",2820,"28-01-2021 04:45","28-01-2021 05:00","150","1.5","52.8","29.3","12.2"
"430",2821,"28-01-2021 05:00","28-01-2021 05:15","150","0.6","53.5","29","12.4"
"431",2822,"28-01-2021 05:15","28-01-2021 05:30","150","6.6","50.1","32","12.1"
"432",2823,"28-01-2021 05:30","28-01-2021 05:45","150","3.2","44.8","26.4","12.2"
"433",2824,"28-01-2021 05:45","28-01-2021 06:00","146","3.2","55.9","32.3","12.3"
"434",2825,"28-01-2021 06:00","28-01-2021 06:15","146","2.7","55.1","31.5","12.4"
"435",2826,"28-01-2021 06:15","28-01-2021 06:30","146","1.9","55.5","31","12.4"
"436",2827,"28-01-2021 06:30","28-01-2021 06:45","146","2.8","48.8","28.2","12.2"
"437",2828,"28-01-2021 06:45","28-01-2021 07:00","145","1.2","61.1","33.4","12.1"
"438",2829,"28-01-2021 07:00","28-01-2021 07:15","145","0.8","54.7","29.8","12.2"
"439",2830,"28-01-2021 07:15","28-01-2021 07:30","145","3.1","52.9","30.7","11.6"
"440",2831,"28-01-2021 07:30","28-01-2021 07:45","145","3.6","49.2","29.1","11.2"
"441",2832,"28-01-2021 07:45","28-01-2021 08:00","147","6.9","49.1","31.8","11.1"
"442",2833,"28-01-2021 08:00","28-01-2021 08:15","147","6.9","49.9","32.2","11.1"
"443",2834,"28-01-2021 08:15","28-01-2021 08:30","147","7.8","47.5","31.6","11.4"
"444",2835,"28-01-2021 08:30","28-01-2021 08:45","147","10.5","53.8","37.2","11.4"
"445",2836,"28-01-2021 08:45","28-01-2021 09:00","152","12.3","60.6","42.3","12.1"
"446",2837,"28-01-2021 09:00","28-01-2021 09:15","152","11.3","53.8","37.8","12.1"
"447",2838,"28-01-2021 09:15","28-01-2021 09:30","152","6.2","54.8","34.2","12.1"
"448",2839,"28-01-2021 09:30","28-01-2021 09:45","None","None","None","None","None"
"449",2840,"28-01-2021 09:45","28-01-2021 10:00","None","None","None","None","None"
"450",2841,"28-01-2021 10:00","28-01-2021 10:15","None","None","None","None","None"
"451",2842,"28-01-2021 10:15","28-01-2021 10:30","177","13.4","62.4","44.1","13.3"
"452",2843,"28-01-2021 10:30","28-01-2021 10:45","177","25.3","66.7","56","None"
"453",2844,"28-01-2021 10:45","28-01-2021 11:00","195","18.4","61.6","47.7","None"
"454",2845,"28-01-2021 11:00","28-01-2021 11:15","195","12.5","63.2","43.8","None"
"455",2846,"28-01-2021 11:15","28-01-2021 11:30","195","12.8","52.6","38.4","13"
"456",2847,"28-01-2021 11:30","28-01-2021 11:45","195","None","None","None","12.5"
"457",2848,"28-01-2021 11:45","28-01-2021 12:00","167","None","None","None","12.9"
"458",2849,"28-01-2021 12:00","28-01-2021 12:15","167","None","None","None","None"
"459",2850,"28-01-2021 12:15","28-01-2021 12:30","None","None","None","None","None"
"460",2851,"28-01-2021 12:30","28-01-2021 12:45","167","487.3","7.5","400.2","None"
"461",2852,"28-01-2021 12:45","28-01-2021 13:00","192","89.9","13.8","80.5","None"
"462",2853,"28-01-2021 13:00","28-01-2021 13:15","192","20.8","77.5","58.2","11.5"
"463",2854,"28-01-2021 13:15","28-01-2021 13:30","192","19.8","87.7","62.7","13.9"
"464",2855,"28-01-2021 13:30","28-01-2021 13:45","192","19.2","94.8","66","15.1"
"465",2856,"28-01-2021 13:45","28-01-2021 14:00","282","15.6","86.2","58.6","16.2"
"466",2857,"28-01-2021 14:00","28-01-2021 14:15","282","15.2","84.1","57.1","16.5"
"467",2858,"28-01-2021 14:15","28-01-2021 14:30","282","12.2","70.7","47.5","15.9"
"468",2859,"28-01-2021 14:30","28-01-2021 14:45","282","10.4","67.6","44.4","15.1"
"469",2860,"28-01-2021 14:45","28-01-2021 15:00","188","9.7","63.6","41.7","14.9"
"470",2861,"28-01-2021 15:00","28-01-2021 15:15","None","None","None","None","None"
"471",2862,"28-01-2021 15:15","28-01-2021 15:30","188","10","67.1","43.8","15.7"
"472",2863,"28-01-2021 15:30","28-01-2021 15:45","188","8.1","63.7","40.5","15.3"
"473",2864,"28-01-2021 15:45","28-01-2021 16:00","172","4","67","38.9","15.2"
"474",2865,"28-01-2021 16:00","28-01-2021 16:15","172","8.6","77.7","48.3","15.3"
"475",2866,"28-01-2021 16:15","28-01-2021 16:30","172","7.9","87.7","53.1","15.4"
"476",2867,"28-01-2021 16:30","28-01-2021 16:45","172","7.2","86.1","51.6","15.3"
"477",2868,"28-01-2021 16:45","28-01-2021 17:00","205","15.1","95.7","63.2","15.2"
"478",2869,"28-01-2021 17:00","28-01-2021 17:15","205","17.9","108.6","72.3","15.5"
"479",2870,"28-01-2021 17:15","28-01-2021 17:30","205","23.1","122","83.7","15.6"
"480",2871,"28-01-2021 17:30","28-01-2021 17:45","205","35.8","131.2","98.9","16"
"481",2872,"28-01-2021 17:45","28-01-2021 18:00","261","35.6","143.9","105.4","16.5"
"482",2873,"28-01-2021 18:00","28-01-2021 18:15","261","32.6","134.6","98.1","15.4"
"483",2874,"28-01-2021 18:15","28-01-2021 18:30","261","47.4","140.5","113.2","15.5"
"484",2875,"28-01-2021 18:30","28-01-2021 18:45","261","46.1","140.7","112.3","16"
"485",2876,"28-01-2021 18:45","28-01-2021 19:00","296","41","132.3","103.7","16.4"
"486",2877,"28-01-2021 19:00","28-01-2021 19:15","296","19.5","109.9","74.3","15.2"
"487",2878,"28-01-2021 19:15","28-01-2021 19:30","296","32.6","103.9","81.8","14.2"
"488",2879,"28-01-2021 19:30","28-01-2021 19:45","296","39.2","105.2","87.8","14.1"
"489",2880,"28-01-2021 19:45","28-01-2021 20:00","256","32.2","104.6","81.8","14.8"
"490",2881,"28-01-2021 20:00","28-01-2021 20:15","256","35.3","103.2","83.6","14.7"
"491",2882,"28-01-2021 20:15","28-01-2021 20:30","256","26.9","100.2","75.2","14.3"
"492",2883,"28-01-2021 20:30","28-01-2021 20:45","256","20.4","88.9","63.9","14.6"
"493",2884,"28-01-2021 20:45","28-01-2021 21:00","227","18.3","90.6","63.1","14.1"
"494",2885,"28-01-2021 21:00","28-01-2021 21:15","227","13","89","57.9","14.1"
"495",2886,"28-01-2021 21:15","28-01-2021 21:30","227","13.2","77.1","51.8","13.1"
"496",2887,"28-01-2021 21:30","28-01-2021 21:45","227","12.4","69.2","46.9","12.9"
"497",2888,"28-01-2021 21:45","28-01-2021 22:00","199","9.6","66.7","43.3","12.6"
"498",2889,"28-01-2021 22:00","28-01-2021 22:15","199","7","61.2","38.2","12.7"
"499",2890,"28-01-2021 22:15","28-01-2021 22:30","199","3.3","55.4","32.2","12"
"500",2891,"28-01-2021 22:30","28-01-2021 22:45","199","7.6","56","35.9","11.8"
"501",2892,"28-01-2021 22:45","28-01-2021 23:00","161","1.9","50.5","28.5","11.5"
"502",2893,"28-01-2021 23:00","28-01-2021 23:15","161","1.9","51.4","28.9","11.4"
"503",2894,"28-01-2021 23:15","28-01-2021 23:30","161","2.6","48.2","27.8","11.3"
"504",2895,"28-01-2021 23:30","28-01-2021 23:45","None","None","None","None","None"
"505",2896,"28-01-2021 23:45","29-01-2021 00:00","144","2.8","48.6","28.1","11.8"
"506",2897,"29-01-2021 00:00","29-01-2021 00:15","144","3.4","42.8","25.6","12.1"
"507",2898,"29-01-2021 00:15","29-01-2021 00:30","144","1.6","42.2","23.8","12.3"
"508",2899,"29-01-2021 00:30","29-01-2021 00:45","144","4.3","42.7","26.2","12"
"509",2900,"29-01-2021 00:45","29-01-2021 01:00","136","5.8","40","26","12"
"510",2901,"29-01-2021 01:00","29-01-2021 01:15","136","1.9","38.7","22.2","12.1"
"511",2902,"29-01-2021 01:15","29-01-2021 01:30","136","2.1","41.2","23.6","12.4"
"512",2903,"29-01-2021 01:30","29-01-2021 01:45","136","2.8","39.8","23.5","12.8"
"513",2904,"29-01-2021 01:45","29-01-2021 02:00","141","2.9","38.1","22.6","12.9"
"514",2905,"29-01-2021 02:00","29-01-2021 02:15","141","3.3","38.8","23.3","12.4"
"515",2906,"29-01-2021 02:15","29-01-2021 02:30","None","None","None","None","None"
"516",2907,"29-01-2021 02:30","29-01-2021 02:45","141","4","43.8","26.6","12.4"
"517",2908,"29-01-2021 02:45","29-01-2021 03:00","136","4.9","38.6","24.5","12.6"
"518",2909,"29-01-2021 03:00","29-01-2021 03:15","136","1.6","36.5","20.8","12.1"
"519",2910,"29-01-2021 03:15","29-01-2021 03:30","136","3.1","40","23.8","12.2"
"520",2911,"29-01-2021 03:30","29-01-2021 03:45","136","0.1","40.3","21.6","11.9"
"521",2912,"29-01-2021 03:45","29-01-2021 04:00","143","1.7","41.2","23.3","11.9"
"522",2913,"29-01-2021 04:00","29-01-2021 04:15","143","4.8","38","24.1","12.2"
"523",2914,"29-01-2021 04:15","29-01-2021 04:30","143","None","44.9","23.7","12.6"
"524",2915,"29-01-2021 04:30","29-01-2021 04:45","143","2.6","42.6","24.8","12.5"
"525",2916,"29-01-2021 04:45","29-01-2021 05:00","152","4.6","36.8","23.4","12.2"
"526",2917,"29-01-2021 05:00","29-01-2021 05:15","152","3.7","37.7","23.1","12.4"
"527",2918,"29-01-2021 05:15","29-01-2021 05:30","152","2.5","36.3","21.3","12.4"
"528",2919,"29-01-2021 05:30","29-01-2021 05:45","152","3.1","36.5","22","12.5"
"529",2920,"29-01-2021 05:45","29-01-2021 06:00","141","2.3","36","21.1","12.5"
"530",2921,"29-01-2021 06:00","29-01-2021 06:15","141","2.2","38.3","22.2","12.7"
"531",2922,"29-01-2021 06:15","29-01-2021 06:30","141","1","39.6","21.9","12.7"
"532",2923,"29-01-2021 06:30","29-01-2021 06:45","141","1.9","40.4","23","12.8"
"533",2924,"29-01-2021 06:45","29-01-2021 07:00","144","4.4","42.1","25.9","12.9"
"534",2925,"29-01-2021 07:00","29-01-2021 07:15","144","1.2","41.3","22.9","13"
"535",2926,"29-01-2021 07:15","29-01-2021 07:30","144","4.3","40.2","24.9","12.6"
"536",2927,"29-01-2021 07:30","29-01-2021 07:45","144","3.5","44.8","26.6","12.5"
"537",2928,"29-01-2021 07:45","29-01-2021 08:00","149","5.1","41.9","26.4","12.6"
"538",2929,"29-01-2021 08:00","29-01-2021 08:15","149","2","43.3","24.7","12.2"
"539",2930,"29-01-2021 08:15","29-01-2021 08:30","149","3.2","41.8","24.9","11.6"
"540",2931,"29-01-2021 08:30","29-01-2021 08:45","149","3.1","44.8","26.3","11.5"
"541",2932,"29-01-2021 08:45","29-01-2021 09:00","152","7","41.2","27.6","11.3"
"542",2933,"29-01-2021 09:00","29-01-2021 09:15","152","6.1","43.2","28","11.4"
"543",2934,"29-01-2021 09:15","29-01-2021 09:30","152","4.3","48.3","29.2","11.7"
"544",2935,"29-01-2021 09:30","29-01-2021 09:45","None","None","None","None","None"
"545",2936,"29-01-2021 09:45","29-01-2021 10:00","None","None","None","None","None"
"546",2937,"29-01-2021 10:00","29-01-2021 10:15","None","None","None","None","None"
"547",2938,"29-01-2021 10:15","29-01-2021 10:30","135","8.9","47.8","32.6","11.2"
"548",2939,"29-01-2021 10:30","29-01-2021 10:45","135","4.7","50.1","30.5","None"
"549",2940,"29-01-2021 10:45","29-01-2021 11:00","141","9.2","47.1","32.5","None"
"550",2941,"29-01-2021 11:00","29-01-2021 11:15","141","4.4","51","30.7","None"
"551",2942,"29-01-2021 11:15","29-01-2021 11:30","141","10.8","60","40.7","12"
"552",2943,"29-01-2021 11:30","29-01-2021 11:45","141","None","None","None","12.4"
"553",2944,"29-01-2021 11:45","29-01-2021 12:00","None","None","None","None","None"
"554",2945,"29-01-2021 12:00","29-01-2021 12:15","153","None","None","None","13.3"
"555",2946,"29-01-2021 12:15","29-01-2021 12:30","153","2.8","56.3","32.2","14.9"
"556",2947,"29-01-2021 12:30","29-01-2021 12:45","153","8.5","55.5","36.4","15.3"
"557",2948,"29-01-2021 12:45","29-01-2021 13:00","134","5.8","52.7","32.7","14.4"
"558",2949,"29-01-2021 13:00","29-01-2021 13:15","134","4.4","50.4","30.3","14"
"559",2950,"29-01-2021 13:15","29-01-2021 13:30","134","7.5","50.1","32.8","13.8"
"560",2951,"29-01-2021 13:30","29-01-2021 13:45","134","9.2","53.2","35.8","13.5"
"561",2952,"29-01-2021 13:45","29-01-2021 14:00","129","10.1","53.2","36.5","13.3"
"562",2953,"29-01-2021 14:00","29-01-2021 14:15","129","9.6","53.9","36.5","12.5"
"563",2954,"29-01-2021 14:15","29-01-2021 14:30","129","6.2","52.4","32.9","12.8"
"564",2955,"29-01-2021 14:30","29-01-2021 14:45","129","7.2","50.6","32.8","13.4"
"565",2956,"29-01-2021 14:45","29-01-2021 15:00","114","9.4","58.5","38.7","14"
"566",2957,"29-01-2021 15:00","29-01-2021 15:15","114","9.2","47.4","32.7","14.2"
"567",2958,"29-01-2021 15:15","29-01-2021 15:30","114","7.3","50.8","32.9","14.2"
"568",2959,"29-01-2021 15:30","29-01-2021 15:45","114","12.5","57","40.5","14.2"
"569",2960,"29-01-2021 15:45","29-01-2021 16:00","None","None","None","None","None"
"570",2961,"29-01-2021 16:00","29-01-2021 16:15","115","4.2","57.9","34.2","14.2"
"571",2962,"29-01-2021 16:15","29-01-2021 16:30","115","8.7","56.4","37.1","13.9"
"572",2963,"29-01-2021 16:30","29-01-2021 16:45","115","8","61.9","39.5","13.9"
"573",2964,"29-01-2021 16:45","29-01-2021 17:00","124","11.4","60.4","41.4","14.2"
"574",2965,"29-01-2021 17:00","29-01-2021 17:15","124","14.9","71.5","50.1","13.7"
"575",2966,"29-01-2021 17:15","29-01-2021 17:30","124","15.2","79.5","54.6","13.1"
"576",2967,"29-01-2021 17:30","29-01-2021 17:45","124","14.4","75.4","51.8","14"
"577",2968,"29-01-2021 17:45","29-01-2021 18:00","152","14.9","78.9","54.1","14"
"578",2969,"29-01-2021 18:00","29-01-2021 18:15","152","15.7","82.3","56.5","13.4"
"579",2970,"29-01-2021 18:15","29-01-2021 18:30","152","19.6","87.5","62.5","13.1"
"580",2971,"29-01-2021 18:30","29-01-2021 18:45","152","25.1","94","70.4","12.8"
"581",2972,"29-01-2021 18:45","29-01-2021 19:00","241","27.9","96.8","74.2","13.5"
"582",2973,"29-01-2021 19:00","29-01-2021 19:15","241","27.9","108.1","80.2","14.1"
"583",2974,"29-01-2021 19:15","29-01-2021 19:30","241","23.8","110.8","78.3","14"
"584",2975,"29-01-2021 19:30","29-01-2021 19:45","241","27.4","117","84.5","14"
"585",2976,"29-01-2021 19:45","29-01-2021 20:00","297","34.3","117","90.1","13.6"
"586",2977,"29-01-2021 20:00","29-01-2021 20:15","297","24.2","113.1","79.8","13.5"
"587",2978,"29-01-2021 20:15","29-01-2021 20:30","297","34.2","116.7","89.9","13.7"
"588",2979,"29-01-2021 20:30","29-01-2021 20:45","297","38.1","120.4","95","14.5"
"589",2980,"29-01-2021 20:45","29-01-2021 21:00","273","35.2","124.7","94.9","15.5"
"590",2981,"29-01-2021 21:00","29-01-2021 21:15","273","29.9","119","87.6","15.6"
"591",2982,"29-01-2021 21:15","29-01-2021 21:30","273","32.2","126.9","93.7","15.3"
"592",2983,"29-01-2021 21:30","29-01-2021 21:45","273","56.6","123.8","111.9","16.2"
"593",2984,"29-01-2021 21:45","29-01-2021 22:00","258","79","126.7","131.7","18.5"
"594",2985,"29-01-2021 22:00","29-01-2021 22:15","258","76.2","127.5","129.8","24.7"
"595",2986,"29-01-2021 22:15","29-01-2021 22:30","258","76.7","129.5","131.2","34.3"
"596",2987,"29-01-2021 22:30","29-01-2021 22:45","258","81.6","127.9","134.4","39.4"
"597",2988,"29-01-2021 22:45","29-01-2021 23:00","281","100.1","125.4","148.1","56.7"
"598",2989,"29-01-2021 23:00","29-01-2021 23:15","281","81.6","142.4","142.1","170"
"599",2990,"29-01-2021 23:15","29-01-2021 23:30","281","66.7","132.8","124.9","None"
"600",2991,"29-01-2021 23:30","29-01-2021 23:45","281","52.5","134.7","114.3","132.6"
"601",2992,"29-01-2021 23:45","30-01-2021 00:00","419","46.5","126.4","105","90.4"
"602",2993,"30-01-2021 00:00","30-01-2021 00:15","419","52.2","119.3","105.9","50.4"
"603",2994,"30-01-2021 00:15","30-01-2021 00:30","419","29.6","114.8","85.2","17.9"
"604",2995,"30-01-2021 00:30","30-01-2021 00:45","419","10","104.4","63.6","10.8"
"605",2996,"30-01-2021 00:45","30-01-2021 01:00","238","6.6","98.6","57.8","7.7"
"606",2997,"30-01-2021 01:00","30-01-2021 01:15","238","7.5","94.3","56.3","11.5"
"607",2998,"30-01-2021 01:15","30-01-2021 01:30","238","6","92.3","54","21.9"
"608",2999,"30-01-2021 01:30","30-01-2021 01:45","238","2.5","91.4","50.7","51.6"
"609",3000,"30-01-2021 01:45","30-01-2021 02:00","218","1.4","92.3","50.2","142.1"
"610",3001,"30-01-2021 02:00","30-01-2021 02:15","218","6.9","98.4","57.9","147.6"
"611",3002,"30-01-2021 02:15","30-01-2021 02:30","218","2.2","85.2","47.1","65.3"
"612",3003,"30-01-2021 02:30","30-01-2021 02:45","218","5.3","82.2","48","32.1"
"613",3004,"30-01-2021 02:45","30-01-2021 03:00","213","3.5","79.2","45","20.5"
"614",3005,"30-01-2021 03:00","30-01-2021 03:15","213","6.4","72.1","43.5","13.8"
"615",3006,"30-01-2021 03:15","30-01-2021 03:30","213","0.4","69.7","37.4","9.6"
"616",3007,"30-01-2021 03:30","30-01-2021 03:45","213","2.6","67.8","38.2","5.8"
"617",3008,"30-01-2021 03:45","30-01-2021 04:00","162","2.8","64.6","36.6","3.9"
"618",3009,"30-01-2021 04:00","30-01-2021 04:15","162","5.8","62","37.7","10.8"
"619",3010,"30-01-2021 04:15","30-01-2021 04:30","162","3.2","61.8","35.5","20.5"
"620",3011,"30-01-2021 04:30","30-01-2021 04:45","162","None","61.1","32.5","19.7"
"621",3012,"30-01-2021 04:45","30-01-2021 05:00","165","3.2","60.2","34.7","19.2"
"622",3013,"30-01-2021 05:00","30-01-2021 05:15","165","None","63.4","33.2","18.1"
"623",3014,"30-01-2021 05:15","30-01-2021 05:30","None","None","None","None","None"
"624",3015,"30-01-2021 05:30","30-01-2021 05:45","165","1","61.7","33.6","16.5"
"625",3016,"30-01-2021 05:45","30-01-2021 06:00","156","1.9","61","34","15.6"
"626",3017,"30-01-2021 06:00","30-01-2021 06:15","156","3.6","60.4","35","15.4"
"627",3018,"30-01-2021 06:15","30-01-2021 06:30","156","4.7","58.3","34.8","15.4"
"628",3019,"30-01-2021 06:30","30-01-2021 06:45","156","5.7","60","36.6","14.9"
"629",3020,"30-01-2021 06:45","30-01-2021 07:00","179","4.6","58.7","34.9","13.5"
"630",3021,"30-01-2021 07:00","30-01-2021 07:15","179","7.3","61.7","38.8","13.8"
"631",3022,"30-01-2021 07:15","30-01-2021 07:30","179","2.7","69.4","39.1","14.1"
"632",3023,"30-01-2021 07:30","30-01-2021 07:45","179","7.7","65.8","41.2","13.6"
"633",3024,"30-01-2021 07:45","30-01-2021 08:00","170","9.4","76.6","48.4","13.5"
"634",3025,"30-01-2021 08:00","30-01-2021 08:15","170","15.6","81.5","56","14.5"
"635",3026,"30-01-2021 08:15","30-01-2021 08:30","170","13.1","84.2","55.4","17"
"636",3027,"30-01-2021 08:30","30-01-2021 08:45","170","17.1","82.6","57.9","20.1"
"637",3028,"30-01-2021 08:45","30-01-2021 09:00","260","13.8","78.7","53.1","22.2"
"638",3029,"30-01-2021 09:00","30-01-2021 09:15","260","11.3","73.9","48.5","24.3"
"639",3030,"30-01-2021 09:15","30-01-2021 09:30","260","7.8","73.5","45.5","23.4"
"640",3031,"30-01-2021 09:30","30-01-2021 09:45","None","None","None","None","None"
"641",3032,"30-01-2021 09:45","30-01-2021 10:00","None","None","None","None","None"
"642",3033,"30-01-2021 10:00","30-01-2021 10:15","None","None","None","None","None"
"643",3034,"30-01-2021 10:15","30-01-2021 10:30","207","9","82.4","51.2","25.9"
"644",3035,"30-01-2021 10:30","30-01-2021 10:45","207","10","79.4","50.4","None"
"645",3036,"30-01-2021 10:45","30-01-2021 11:00","202","8.2","70.5","44.2","None"
"646",3037,"30-01-2021 11:00","30-01-2021 11:15","202","9.6","69.5","44.8","None"
"647",3038,"30-01-2021 11:15","30-01-2021 11:30","202","7.5","69.2","42.9","24.2"
"648",3039,"30-01-2021 11:30","30-01-2021 11:45","202","None","None","None","25.6"
"649",3040,"30-01-2021 11:45","30-01-2021 12:00","172","None","None","None","27.6"
"650",3041,"30-01-2021 12:00","30-01-2021 12:15","172","None","None","None","None"
"651",3042,"30-01-2021 12:15","30-01-2021 12:30","172","433.6","20.2","363.3","None"
"652",3043,"30-01-2021 12:30","30-01-2021 12:45","None","460.4","18.6","384.2","None"
"653",3044,"30-01-2021 12:45","30-01-2021 13:00","136","166.2","20.7","146.1","None"
"654",3045,"30-01-2021 13:00","30-01-2021 13:15","136","9.2","77","48.4","9.4"
"655",3046,"30-01-2021 13:15","30-01-2021 13:30","136","12.1","78.6","51.6","14.5"
"656",3047,"30-01-2021 13:30","30-01-2021 13:45","136","7.9","68.7","43","12.6"
"657",3048,"30-01-2021 13:45","30-01-2021 14:00","106","6.6","67.5","41.3","12.8"
"658",3049,"30-01-2021 14:00","30-01-2021 14:15","106","5.3","64.9","38.8","12.5"
"659",3050,"30-01-2021 14:15","30-01-2021 14:30","106","5.8","60.3","36.8","12.9"
"660",3051,"30-01-2021 14:30","30-01-2021 14:45","106","4.7","62.9","37.2","11.8"
"661",3052,"30-01-2021 14:45","30-01-2021 15:00","88","8.8","61.4","39.8","11"
"662",3053,"30-01-2021 15:00","30-01-2021 15:15","88","3.1","69.5","39.5","10.8"
"663",3054,"30-01-2021 15:15","30-01-2021 15:30","88","5.1","65.6","39","10.7"
"664",3055,"30-01-2021 15:30","30-01-2021 15:45","88","8.5","65.1","41.5","11.3"
"665",3056,"30-01-2021 15:45","30-01-2021 16:00","83","8","68.3","42.8","10.9"
"666",3057,"30-01-2021 16:00","30-01-2021 16:15","83","10","76.9","49.1","11.4"
"667",3058,"30-01-2021 16:15","30-01-2021 16:30","None","0.8","69.7","37.8","13.4"
"668",3059,"30-01-2021 16:30","30-01-2021 16:45","83","6.8","72.9","44.3","14.2"
"669",3060,"30-01-2021 16:45","30-01-2021 17:00","77","9.2","83.7","52","15.5"
"670",3061,"30-01-2021 17:00","30-01-2021 17:15","77","12.3","100.8","63.6","15.2"
"671",3062,"30-01-2021 17:15","30-01-2021 17:30","77","20.7","123.2","82.3","16.3"
"672",3063,"30-01-2021 17:30","30-01-2021 17:45","None","None","None","None","None"
"673",3064,"30-01-2021 17:45","30-01-2021 18:00","104","54.3","169.3","134","19.5"
"674",3065,"30-01-2021 18:00","30-01-2021 18:15","104","110.6","179.3","185.3","25.2"
"675",3066,"30-01-2021 18:15","30-01-2021 18:30","104","189.9","191.3","256.1","33.7"
"676",3067,"30-01-2021 18:30","30-01-2021 18:45","104","109.1","195.6","192","35"
"677",3068,"30-01-2021 18:45","30-01-2021 19:00","None","None","None","None","None"
"678",3069,"30-01-2021 19:00","30-01-2021 19:15","195","102.6","201.1","190.2","33.1"
"679",3070,"30-01-2021 19:15","30-01-2021 19:30","195","79.9","198.5","170.5","31.8"
"680",3071,"30-01-2021 19:30","30-01-2021 19:45","195","55.5","193.6","147.1","26.4"
"681",3072,"30-01-2021 19:45","30-01-2021 20:00","240","46.9","194.1","139.4","24.9"
"682",3073,"30-01-2021 20:00","30-01-2021 20:15","240","61.3","200.6","156.5","23.4"
"683",3074,"30-01-2021 20:15","30-01-2021 20:30","240","141.5","205.1","224.2","24.6"
"684",3075,"30-01-2021 20:30","30-01-2021 20:45","240","78.5","200.2","170.3","24.2"
"685",3076,"30-01-2021 20:45","30-01-2021 21:00","246","22.9","187.4","118.2","21.4"
"686",3077,"30-01-2021 21:00","30-01-2021 21:15","246","32.6","202.9","134.4","81.2"
"687",3078,"30-01-2021 21:15","30-01-2021 21:30","246","46.5","199.7","144","163.8"
"688",3079,"30-01-2021 21:30","30-01-2021 21:45","246","71","194.6","161.2","169"
"689",3080,"30-01-2021 21:45","30-01-2021 22:00","252","77.4","181.4","159.6","80.2"
"690",3081,"30-01-2021 22:00","30-01-2021 22:15","252","76","180.5","157.8","52.6"
"691",3082,"30-01-2021 22:15","30-01-2021 22:30","252","66","179.5","149.1","45.5"
"692",3083,"30-01-2021 22:30","30-01-2021 22:45","252","78.5","170.3","154.4","50.3"
"693",3084,"30-01-2021 22:45","30-01-2021 23:00","315","94.8","170.5","167.8","60.9"
"694",3085,"30-01-2021 23:00","30-01-2021 23:15","315","85.4","173.8","161.9","74.8"
"695",3086,"30-01-2021 23:15","30-01-2021 23:30","315","88.3","159.8","156.8","119.8"
"696",3087,"30-01-2021 23:30","30-01-2021 23:45","None","None","None","None","None"
"697",3088,"30-01-2021 23:45","31-01-2021 00:00","394","103.7","140.8","159.2","101.6"
"698",3089,"31-01-2021 00:00","31-01-2021 00:15","None","None","None","None","None"
"699",3090,"31-01-2021 00:15","31-01-2021 00:30","394","143.7","146.6","194.8","73.2"
"700",3091,"31-01-2021 00:30","31-01-2021 00:45","394","106","146","163.6","187.4"
"701",3092,"31-01-2021 00:45","31-01-2021 01:00","357","83.2","152.5","149.1","None"
"702",3093,"31-01-2021 01:00","31-01-2021 01:15","357","87.4","146.3","148.8","161.7"
"703",3094,"31-01-2021 01:15","31-01-2021 01:30","357","77.3","132.3","133.2","108.2"
"704",3095,"31-01-2021 01:30","31-01-2021 01:45","357","68.7","136.1","128.2","81"
"705",3096,"31-01-2021 01:45","31-01-2021 02:00","327","54","125.2","110.6","59.9"
"706",3097,"31-01-2021 02:00","31-01-2021 02:15","327","40.7","119.7","96.8","37.9"
"707",3098,"31-01-2021 02:15","31-01-2021 02:30","327","18.3","121","79.2","25.5"
"708",3099,"31-01-2021 02:30","31-01-2021 02:45","327","6.6","108","62.8","16.1"
"709",3100,"31-01-2021 02:45","31-01-2021 03:00","223","8","97.3","58.3","9.3"
"710",3101,"31-01-2021 03:00","31-01-2021 03:15","223","6.9","91","54","3.6"
"711",3102,"31-01-2021 03:15","31-01-2021 03:30","None","None","None","None","None"
"712",3103,"31-01-2021 03:30","31-01-2021 03:45","223","4.9","79.4","46.2","None"
"713",3104,"31-01-2021 03:45","31-01-2021 04:00","178","5.7","65.2","39.3","None"
"714",3105,"31-01-2021 04:00","31-01-2021 04:15","178","5.1","71.9","42.3","4.8"
"715",3106,"31-01-2021 04:15","31-01-2021 04:30","178","8.6","71.7","45.2","18.5"
"716",3107,"31-01-2021 04:30","31-01-2021 04:45","178","5.6","69.3","41.4","18.3"
"717",3108,"31-01-2021 04:45","31-01-2021 05:00","182","10","70","45.4","17.2"
"718",3109,"31-01-2021 05:00","31-01-2021 05:15","182","6.7","70.8","43.1","17.2"
"719",3110,"31-01-2021 05:15","31-01-2021 05:30","182","8.9","78.6","49","17.4"
"720",3111,"31-01-2021 05:30","31-01-2021 05:45","182","15.7","88.3","59.7","20.7"
"721",3112,"31-01-2021 05:45","31-01-2021 06:00","175","26.9","94.4","72.1","70.8"
"722",3113,"31-01-2021 06:00","31-01-2021 06:15","175","53.7","96.5","95","90.4"
"723",3114,"31-01-2021 06:15","31-01-2021 06:30","175","66.3","107.2","110.9","105.7"
"724",3115,"31-01-2021 06:30","31-01-2021 06:45","175","41.8","114.6","95","108.4"
"725",3116,"31-01-2021 06:45","31-01-2021 07:00","272","35.1","109.8","86.9","79.9"
"726",3117,"31-01-2021 07:00","31-01-2021 07:15","272","43.8","113.1","95.7","60.5"
"727",3118,"31-01-2021 07:15","31-01-2021 07:30","272","46.7","115.8","99.6","51.6"
"728",3119,"31-01-2021 07:30","31-01-2021 07:45","None","None","None","None","None"
"729",3120,"31-01-2021 07:45","31-01-2021 08:00","244","54","130.5","113.3","53.2"
"730",3121,"31-01-2021 08:00","31-01-2021 08:15","244","49.6","140","114.8","95.1"
"731",3122,"31-01-2021 08:15","31-01-2021 08:30","244","43.4","142.8","111.2","None"
"732",3123,"31-01-2021 08:30","31-01-2021 08:45","244","32.2","146.7","104.2","None"
"733",3124,"31-01-2021 08:45","31-01-2021 09:00","346","17.9","134.3","85.9","190.8"
"734",3125,"31-01-2021 09:00","31-01-2021 09:15","346","14.1","125.3","78.1","79.5"
"735",3126,"31-01-2021 09:15","31-01-2021 09:30","346","13.4","128.9","79.4","42.4"
"736",3127,"31-01-2021 09:30","31-01-2021 09:45","None","None","None","None","None"
"737",3128,"31-01-2021 09:45","31-01-2021 10:00","None","None","None","None","None"
"738",3129,"31-01-2021 10:00","31-01-2021 10:15","None","None","None","None","None"
"739",3130,"31-01-2021 10:15","31-01-2021 10:30","239","7.5","80.5","48.9","19.9"
"740",3131,"31-01-2021 10:30","31-01-2021 10:45","239","4.9","75.9","44.3","None"
"741",3132,"31-01-2021 10:45","31-01-2021 11:00","166","8.7","72.8","45.8","None"
"742",3133,"31-01-2021 11:00","31-01-2021 11:15","166","5.2","62.9","37.7","None"
"743",3134,"31-01-2021 11:15","31-01-2021 11:30","166","3.7","57.2","33.5","17.7"
"744",3135,"31-01-2021 11:30","31-01-2021 11:45","166","None","None","None","16.6"
"745",3136,"31-01-2021 11:45","31-01-2021 12:00","110","None","None","None","13.8"
"746",3137,"31-01-2021 12:00","31-01-2021 12:15","110","None","None","None","17"
"747",3138,"31-01-2021 12:15","31-01-2021 12:30","110","7.4","52.8","34.1","23.4"
"748",3139,"31-01-2021 12:30","31-01-2021 12:45","110","4.1","50.6","30.3","22.7"
"749",3140,"31-01-2021 12:45","31-01-2021 13:00","100","2.7","53.1","30.5","22.2"
"750",3141,"31-01-2021 13:00","31-01-2021 13:15","100","4","46.3","27.9","21.7"
"751",3142,"31-01-2021 13:15","31-01-2021 13:30","None","4.5","54.8","32.8","21.3"
"752",3143,"31-01-2021 13:30","31-01-2021 13:45","100","4","51.6","30.8","20.1"
"753",3144,"31-01-2021 13:45","31-01-2021 14:00","None","None","None","None","None"
"754",3145,"31-01-2021 14:00","31-01-2021 14:15","None","5.3","48.4","30","18.2"
"755",3146,"31-01-2021 14:15","31-01-2021 14:30","82","6.3","53.8","33.7","16.8"
"756",3147,"31-01-2021 14:30","31-01-2021 14:45","82","4.7","50.4","30.6","16.3"
"757",3148,"31-01-2021 14:45","31-01-2021 15:00","72","4.2","48.5","29.2","17"
"758",3149,"31-01-2021 15:00","31-01-2021 15:15","72","5.1","49","30.2","16.6"
"759",3150,"31-01-2021 15:15","31-01-2021 15:30","72","5.2","54.7","33.3","17.3"
"760",3151,"31-01-2021 15:30","31-01-2021 15:45","72","6.2","52.9","33.2","17.4"
"761",3152,"31-01-2021 15:45","31-01-2021 16:00","66","3.8","54.8","32.3","15.7"
"762",3153,"31-01-2021 16:00","31-01-2021 16:15","66","8.9","67.7","43.2","17.1"
"763",3154,"31-01-2021 16:15","31-01-2021 16:30","66","6","65","39.5","18.7"
"764",3155,"31-01-2021 16:30","31-01-2021 16:45","None","None","None","None","None"
"765",3156,"31-01-2021 16:45","31-01-2021 17:00","62","7.1","67.2","41.5","19.7"
"766",3157,"31-01-2021 17:00","31-01-2021 17:15","62","5.8","67.2","40.4","19"
"767",3158,"31-01-2021 17:15","31-01-2021 17:30","62","7.3","77","46.8","18.5"
"768",3159,"31-01-2021 17:30","31-01-2021 17:45","62","10.6","107.8","65.9","19.5"
"769",3160,"31-01-2021 17:45","31-01-2021 18:00","74","36.3","139.2","103.5","21.6"
"770",3161,"31-01-2021 18:00","31-01-2021 18:15","74","63.7","180.8","148","26.4"
"771",3162,"31-01-2021 18:15","31-01-2021 18:30","74","120.3","195.9","202","30.6"
"772",3163,"31-01-2021 18:30","31-01-2021 18:45","74","195.7","191.4","260.8","39.1"
"773",3164,"31-01-2021 18:45","31-01-2021 19:00","159","215.6","190.5","277.6","45"
"774",3165,"31-01-2021 19:00","31-01-2021 19:15","159","186.4","195.9","255.7","43"
"775",3166,"31-01-2021 19:15","31-01-2021 19:30","159","285.5","218.3","347.5","51.2"
"776",3167,"31-01-2021 19:30","31-01-2021 19:45","159","229.7","209.8","298.8","46.5"
"777",3168,"31-01-2021 19:45","31-01-2021 20:00","282","340","228.3","397.9","55.6"
"778",3169,"31-01-2021 20:00","31-01-2021 20:15","282","351.3","232.4","409.2","44.7"
"779",3170,"31-01-2021 20:15","31-01-2021 20:30","282","326.2","232.6","388.9","31.5"
"780",3171,"31-01-2021 20:30","31-01-2021 20:45","282","373.6","225.5","423.7","31.8"
"781",3172,"31-01-2021 20:45","31-01-2021 21:00","586","366.7","227.1","418.9","31.9"
"782",3173,"31-01-2021 21:00","31-01-2021 21:15","586","341.8","232","401.3","31.5"
"783",3174,"31-01-2021 21:15","31-01-2021 21:30","586","287.4","231.2","355.8","30"
"784",3175,"31-01-2021 21:30","31-01-2021 21:45","586","234.3","228.1","311.8","24.4"
"785",3176,"31-01-2021 21:45","31-01-2021 22:00","685","302.2","239.5","372.8","24.2"
"786",3177,"31-01-2021 22:00","31-01-2021 22:15","685","240","232.3","318.7","22"
"787",3178,"31-01-2021 22:15","31-01-2021 22:30","685","248.8","216","317.3","21.8"
"788",3179,"31-01-2021 22:30","31-01-2021 22:45","685","208.3","206.5","279.2","18.4"
"789",3180,"31-01-2021 22:45","31-01-2021 23:00","604","224.3","203.9","290.9","19.1"
"790",3181,"31-01-2021 23:00","31-01-2021 23:15","604","169.2","197.7","242.7","16.7"
"791",3182,"31-01-2021 23:15","31-01-2021 23:30","604","103.9","201","191.4","11.6"
"792",3183,"31-01-2021 23:30","31-01-2021 23:45","None","None","None","None","None"
"793",3184,"31-01-2021 23:45","01-02-2021 00:00","None","None","None","None","None"
"794",3185,"01-02-2021 00:00","01-02-2021 00:00","401","28.9","163.1","110.2","9.7"
