"","X","X0","X1","X2"
"1",1599,"15-01-2021 11:30","15-01-2021 11:45","473"
"2",1600,"15-01-2021 11:45","15-01-2021 12:00","390"
"3",1601,"15-01-2021 12:00","15-01-2021 12:15","390"
"4",1602,"15-01-2021 12:15","15-01-2021 12:30","390"
"5",1603,"15-01-2021 12:30","15-01-2021 12:45","390"
"6",1604,"15-01-2021 12:45","15-01-2021 13:00","254"
"7",1605,"15-01-2021 13:00","15-01-2021 13:15","None"
"8",1606,"15-01-2021 13:15","15-01-2021 13:30","254"
"9",1607,"15-01-2021 13:30","15-01-2021 13:45","254"
"10",1608,"15-01-2021 13:45","15-01-2021 14:00","171"
"11",1609,"15-01-2021 14:00","15-01-2021 14:15","171"
"12",1610,"15-01-2021 14:15","15-01-2021 14:30","171"
"13",1611,"15-01-2021 14:30","15-01-2021 14:45","None"
"14",1612,"15-01-2021 14:45","15-01-2021 15:00","126"
"15",1613,"15-01-2021 15:00","15-01-2021 15:15","126"
"16",1614,"15-01-2021 15:15","15-01-2021 15:30","126"
"17",1615,"15-01-2021 15:30","15-01-2021 15:45","126"
"18",1616,"15-01-2021 15:45","15-01-2021 16:00","116"
"19",1617,"15-01-2021 16:00","15-01-2021 16:15","116"
"20",1618,"15-01-2021 16:15","15-01-2021 16:30","116"
"21",1619,"15-01-2021 16:30","15-01-2021 16:45","116"
"22",1620,"15-01-2021 16:45","15-01-2021 17:00","127"
"23",1621,"15-01-2021 17:00","15-01-2021 17:15","127"
"24",1622,"15-01-2021 17:15","15-01-2021 17:30","127"
"25",1623,"15-01-2021 17:30","15-01-2021 17:45","127"
"26",1624,"15-01-2021 17:45","15-01-2021 18:00","155"
"27",1625,"15-01-2021 18:00","15-01-2021 18:15","155"
"28",1626,"15-01-2021 18:15","15-01-2021 18:30","155"
"29",1627,"15-01-2021 18:30","15-01-2021 18:45","155"
"30",1628,"15-01-2021 18:45","15-01-2021 19:00","None"
"31",1629,"15-01-2021 19:00","15-01-2021 19:15","235"
"32",1630,"15-01-2021 19:15","15-01-2021 19:30","235"
"33",1631,"15-01-2021 19:30","15-01-2021 19:45","235"
"34",1632,"15-01-2021 19:45","15-01-2021 20:00","435"
"35",1633,"15-01-2021 20:00","15-01-2021 20:15","None"
"36",1634,"15-01-2021 20:15","15-01-2021 20:30","435"
"37",1635,"15-01-2021 20:30","15-01-2021 20:45","435"
"38",1636,"15-01-2021 20:45","15-01-2021 21:00","670"
"39",1637,"15-01-2021 21:00","15-01-2021 21:15","670"
"40",1638,"15-01-2021 21:15","15-01-2021 21:30","670"
"41",1639,"15-01-2021 21:30","15-01-2021 21:45","None"
"42",1640,"15-01-2021 21:45","15-01-2021 22:00","859"
"43",1641,"15-01-2021 22:00","15-01-2021 22:15","859"
"44",1642,"15-01-2021 22:15","15-01-2021 22:30","859"
"45",1643,"15-01-2021 22:30","15-01-2021 22:45","859"
"46",1644,"15-01-2021 22:45","15-01-2021 23:00","856"
"47",1645,"15-01-2021 23:00","15-01-2021 23:15","856"
"48",1646,"15-01-2021 23:15","15-01-2021 23:30","856"
"49",1647,"15-01-2021 23:30","15-01-2021 23:45","None"
"50",1648,"15-01-2021 23:45","16-01-2021 00:00","None"
"51",1649,"16-01-2021 00:00","16-01-2021 00:15","843"
"52",1650,"16-01-2021 00:15","16-01-2021 00:30","843"
"53",1651,"16-01-2021 00:30","16-01-2021 00:45","None"
"54",1652,"16-01-2021 00:45","16-01-2021 01:00","716"
"55",1653,"16-01-2021 01:00","16-01-2021 01:15","716"
"56",1654,"16-01-2021 01:15","16-01-2021 01:30","None"
"57",1655,"16-01-2021 01:30","16-01-2021 01:45","716"
"58",1656,"16-01-2021 01:45","16-01-2021 02:00","722"
"59",1657,"16-01-2021 02:00","16-01-2021 02:15","722"
"60",1658,"16-01-2021 02:15","16-01-2021 02:30","722"
"61",1659,"16-01-2021 02:30","16-01-2021 02:45","722"
"62",1660,"16-01-2021 02:45","16-01-2021 03:00","868"
"63",1661,"16-01-2021 03:00","16-01-2021 03:15","None"
"64",1662,"16-01-2021 03:15","16-01-2021 03:30","868"
"65",1663,"16-01-2021 03:30","16-01-2021 03:45","868"
"66",1664,"16-01-2021 03:45","16-01-2021 04:00","530"
"67",1665,"16-01-2021 04:00","16-01-2021 04:15","530"
"68",1666,"16-01-2021 04:15","16-01-2021 04:30","530"
"69",1667,"16-01-2021 04:30","16-01-2021 04:45","530"
"70",1668,"16-01-2021 04:45","16-01-2021 05:00","268"
"71",1669,"16-01-2021 05:00","16-01-2021 05:15","268"
"72",1670,"16-01-2021 05:15","16-01-2021 05:30","268"
"73",1671,"16-01-2021 05:30","16-01-2021 05:45","268"
"74",1672,"16-01-2021 05:45","16-01-2021 06:00","None"
"75",1673,"16-01-2021 06:00","16-01-2021 06:15","121"
"76",1674,"16-01-2021 06:15","16-01-2021 06:30","121"
"77",1675,"16-01-2021 06:30","16-01-2021 06:45","121"
"78",1676,"16-01-2021 06:45","16-01-2021 07:00","117"
"79",1677,"16-01-2021 07:00","16-01-2021 07:15","117"
"80",1678,"16-01-2021 07:15","16-01-2021 07:30","117"
"81",1679,"16-01-2021 07:30","16-01-2021 07:45","117"
"82",1680,"16-01-2021 07:45","16-01-2021 08:00","130"
"83",1681,"16-01-2021 08:00","16-01-2021 08:15","130"
"84",1682,"16-01-2021 08:15","16-01-2021 08:30","130"
"85",1683,"16-01-2021 08:30","16-01-2021 08:45","130"
"86",1684,"16-01-2021 08:45","16-01-2021 09:00","148"
"87",1685,"16-01-2021 09:00","16-01-2021 09:15","148"
"88",1686,"16-01-2021 09:15","16-01-2021 09:30","148"
"89",1687,"16-01-2021 09:30","16-01-2021 09:45","None"
"90",1688,"16-01-2021 09:45","16-01-2021 10:00","None"
"91",1689,"16-01-2021 10:00","16-01-2021 10:15","None"
"92",1690,"16-01-2021 10:15","16-01-2021 10:30","207"
"93",1691,"16-01-2021 10:30","16-01-2021 10:45","None"
"94",1692,"16-01-2021 10:45","16-01-2021 11:00","280"
"95",1693,"16-01-2021 11:00","16-01-2021 11:15","280"
"96",1694,"16-01-2021 11:15","16-01-2021 11:30","280"
"97",1695,"16-01-2021 11:30","16-01-2021 11:45","280"
"98",1696,"16-01-2021 11:45","16-01-2021 12:00","340"
"99",1697,"16-01-2021 12:00","16-01-2021 12:15","340"
"100",1698,"16-01-2021 12:15","16-01-2021 12:30","340"
"101",1699,"16-01-2021 12:30","16-01-2021 12:45","340"
"102",1700,"16-01-2021 12:45","16-01-2021 13:00","255"
"103",1701,"16-01-2021 13:00","16-01-2021 13:15","255"
"104",1702,"16-01-2021 13:15","16-01-2021 13:30","255"
"105",1703,"16-01-2021 13:30","16-01-2021 13:45","255"
"106",1704,"16-01-2021 13:45","16-01-2021 14:00","289"
"107",1705,"16-01-2021 14:00","16-01-2021 14:15","289"
"108",1706,"16-01-2021 14:15","16-01-2021 14:30","289"
"109",1707,"16-01-2021 14:30","16-01-2021 14:45","289"
"110",1708,"16-01-2021 14:45","16-01-2021 15:00","157"
"111",1709,"16-01-2021 15:00","16-01-2021 15:15","157"
"112",1710,"16-01-2021 15:15","16-01-2021 15:30","None"
"113",1711,"16-01-2021 15:30","16-01-2021 15:45","157"
"114",1712,"16-01-2021 15:45","16-01-2021 16:00","142"
"115",1713,"16-01-2021 16:00","16-01-2021 16:15","142"
"116",1714,"16-01-2021 16:15","16-01-2021 16:30","142"
"117",1715,"16-01-2021 16:30","16-01-2021 16:45","142"
"118",1716,"16-01-2021 16:45","16-01-2021 17:00","139"
"119",1717,"16-01-2021 17:00","16-01-2021 17:15","139"
"120",1718,"16-01-2021 17:15","16-01-2021 17:30","139"
"121",1719,"16-01-2021 17:30","16-01-2021 17:45","139"
"122",1720,"16-01-2021 17:45","16-01-2021 18:00","None"
"123",1721,"16-01-2021 18:00","16-01-2021 18:15","198"
"124",1722,"16-01-2021 18:15","16-01-2021 18:30","198"
"125",1723,"16-01-2021 18:30","16-01-2021 18:45","198"
"126",1724,"16-01-2021 18:45","16-01-2021 19:00","436"
"127",1725,"16-01-2021 19:00","16-01-2021 19:15","436"
"128",1726,"16-01-2021 19:15","16-01-2021 19:30","436"
"129",1727,"16-01-2021 19:30","16-01-2021 19:45","436"
"130",1728,"16-01-2021 19:45","16-01-2021 20:00","660"
"131",1729,"16-01-2021 20:00","16-01-2021 20:15","660"
"132",1730,"16-01-2021 20:15","16-01-2021 20:30","660"
"133",1731,"16-01-2021 20:30","16-01-2021 20:45","660"
"134",1732,"16-01-2021 20:45","16-01-2021 21:00","489"
"135",1733,"16-01-2021 21:00","16-01-2021 21:15","489"
"136",1734,"16-01-2021 21:15","16-01-2021 21:30","489"
"137",1735,"16-01-2021 21:30","16-01-2021 21:45","489"
"138",1736,"16-01-2021 21:45","16-01-2021 22:00","None"
"139",1737,"16-01-2021 22:00","16-01-2021 22:15","479"
"140",1738,"16-01-2021 22:15","16-01-2021 22:30","479"
"141",1739,"16-01-2021 22:30","16-01-2021 22:45","479"
"142",1740,"16-01-2021 22:45","16-01-2021 23:00","395"
"143",1741,"16-01-2021 23:00","16-01-2021 23:15","395"
"144",1742,"16-01-2021 23:15","16-01-2021 23:30","395"
"145",1743,"16-01-2021 23:30","16-01-2021 23:45","None"
"146",1744,"16-01-2021 23:45","17-01-2021 00:00","268"
"147",1745,"17-01-2021 00:00","17-01-2021 00:15","268"
"148",1746,"17-01-2021 00:15","17-01-2021 00:30","268"
"149",1747,"17-01-2021 00:30","17-01-2021 00:45","268"
"150",1748,"17-01-2021 00:45","17-01-2021 01:00","194"
"151",1749,"17-01-2021 01:00","17-01-2021 01:15","194"
"152",1750,"17-01-2021 01:15","17-01-2021 01:30","194"
"153",1751,"17-01-2021 01:30","17-01-2021 01:45","194"
"154",1752,"17-01-2021 01:45","17-01-2021 02:00","201"
"155",1753,"17-01-2021 02:00","17-01-2021 02:15","201"
"156",1754,"17-01-2021 02:15","17-01-2021 02:30","201"
"157",1755,"17-01-2021 02:30","17-01-2021 02:45","201"
"158",1756,"17-01-2021 02:45","17-01-2021 03:00","208"
"159",1757,"17-01-2021 03:00","17-01-2021 03:15","208"
"160",1758,"17-01-2021 03:15","17-01-2021 03:30","208"
"161",1759,"17-01-2021 03:30","17-01-2021 03:45","208"
"162",1760,"17-01-2021 03:45","17-01-2021 04:00","149"
"163",1761,"17-01-2021 04:00","17-01-2021 04:15","149"
"164",1762,"17-01-2021 04:15","17-01-2021 04:30","None"
"165",1763,"17-01-2021 04:30","17-01-2021 04:45","149"
"166",1764,"17-01-2021 04:45","17-01-2021 05:00","114"
"167",1765,"17-01-2021 05:00","17-01-2021 05:15","114"
"168",1766,"17-01-2021 05:15","17-01-2021 05:30","114"
"169",1767,"17-01-2021 05:30","17-01-2021 05:45","114"
"170",1768,"17-01-2021 05:45","17-01-2021 06:00","121"
"171",1769,"17-01-2021 06:00","17-01-2021 06:15","121"
"172",1770,"17-01-2021 06:15","17-01-2021 06:30","121"
"173",1771,"17-01-2021 06:30","17-01-2021 06:45","121"
"174",1772,"17-01-2021 06:45","17-01-2021 07:00","110"
"175",1773,"17-01-2021 07:00","17-01-2021 07:15","110"
"176",1774,"17-01-2021 07:15","17-01-2021 07:30","110"
"177",1775,"17-01-2021 07:30","17-01-2021 07:45","110"
"178",1776,"17-01-2021 07:45","17-01-2021 08:00","144"
"179",1777,"17-01-2021 08:00","17-01-2021 08:15","144"
"180",1778,"17-01-2021 08:15","17-01-2021 08:30","144"
"181",1779,"17-01-2021 08:30","17-01-2021 08:45","144"
"182",1780,"17-01-2021 08:45","17-01-2021 09:00","151"
"183",1781,"17-01-2021 09:00","17-01-2021 09:15","151"
"184",1782,"17-01-2021 09:15","17-01-2021 09:30","151"
"185",1783,"17-01-2021 09:30","17-01-2021 09:45","None"
"186",1784,"17-01-2021 09:45","17-01-2021 10:00","None"
"187",1785,"17-01-2021 10:00","17-01-2021 10:15","None"
"188",1786,"17-01-2021 10:15","17-01-2021 10:30","222"
"189",1787,"17-01-2021 10:30","17-01-2021 10:45","222"
"190",1788,"17-01-2021 10:45","17-01-2021 11:00","209"
"191",1789,"17-01-2021 11:00","17-01-2021 11:15","209"
"192",1790,"17-01-2021 11:15","17-01-2021 11:30","209"
"193",1791,"17-01-2021 11:30","17-01-2021 11:45","209"
"194",1792,"17-01-2021 11:45","17-01-2021 12:00","242"
"195",1793,"17-01-2021 12:00","17-01-2021 12:15","242"
"196",1794,"17-01-2021 12:15","17-01-2021 12:30","242"
"197",1795,"17-01-2021 12:30","17-01-2021 12:45","242"
"198",1796,"17-01-2021 12:45","17-01-2021 13:00","None"
"199",1797,"17-01-2021 13:00","17-01-2021 13:15","195"
"200",1798,"17-01-2021 13:15","17-01-2021 13:30","195"
"201",1799,"17-01-2021 13:30","17-01-2021 13:45","195"
"202",1800,"17-01-2021 13:45","17-01-2021 14:00","196"
"203",1801,"17-01-2021 14:00","17-01-2021 14:15","196"
"204",1802,"17-01-2021 14:15","17-01-2021 14:30","196"
"205",1803,"17-01-2021 14:30","17-01-2021 14:45","196"
"206",1804,"17-01-2021 14:45","17-01-2021 15:00","160"
"207",1805,"17-01-2021 15:00","17-01-2021 15:15","160"
"208",1806,"17-01-2021 15:15","17-01-2021 15:30","160"
"209",1807,"17-01-2021 15:30","17-01-2021 15:45","160"
"210",1808,"17-01-2021 15:45","17-01-2021 16:00","152"
"211",1809,"17-01-2021 16:00","17-01-2021 16:15","152"
"212",1810,"17-01-2021 16:15","17-01-2021 16:30","152"
"213",1811,"17-01-2021 16:30","17-01-2021 16:45","152"
"214",1812,"17-01-2021 16:45","17-01-2021 17:00","154"
"215",1813,"17-01-2021 17:00","17-01-2021 17:15","154"
"216",1814,"17-01-2021 17:15","17-01-2021 17:30","154"
"217",1815,"17-01-2021 17:30","17-01-2021 17:45","154"
"218",1816,"17-01-2021 17:45","17-01-2021 18:00","160"
"219",1817,"17-01-2021 18:00","17-01-2021 18:15","160"
"220",1818,"17-01-2021 18:15","17-01-2021 18:30","160"
"221",1819,"17-01-2021 18:30","17-01-2021 18:45","160"
"222",1820,"17-01-2021 18:45","17-01-2021 19:00","256"
"223",1821,"17-01-2021 19:00","17-01-2021 19:15","256"
"224",1822,"17-01-2021 19:15","17-01-2021 19:30","256"
"225",1823,"17-01-2021 19:30","17-01-2021 19:45","256"
"226",1824,"17-01-2021 19:45","17-01-2021 20:00","338"
"227",1825,"17-01-2021 20:00","17-01-2021 20:15","338"
"228",1826,"17-01-2021 20:15","17-01-2021 20:30","338"
"229",1827,"17-01-2021 20:30","17-01-2021 20:45","338"
"230",1828,"17-01-2021 20:45","17-01-2021 21:00","309"
"231",1829,"17-01-2021 21:00","17-01-2021 21:15","309"
"232",1830,"17-01-2021 21:15","17-01-2021 21:30","309"
"233",1831,"17-01-2021 21:30","17-01-2021 21:45","309"
"234",1832,"17-01-2021 21:45","17-01-2021 22:00","277"
"235",1833,"17-01-2021 22:00","17-01-2021 22:15","277"
"236",1834,"17-01-2021 22:15","17-01-2021 22:30","277"
"237",1835,"17-01-2021 22:30","17-01-2021 22:45","277"
"238",1836,"17-01-2021 22:45","17-01-2021 23:00","240"
"239",1837,"17-01-2021 23:00","17-01-2021 23:15","240"
"240",1838,"17-01-2021 23:15","17-01-2021 23:30","None"
"241",1839,"17-01-2021 23:30","17-01-2021 23:45","None"
"242",1840,"17-01-2021 23:45","18-01-2021 00:00","None"
"243",1841,"18-01-2021 00:00","18-01-2021 00:15","239"
"244",1842,"18-01-2021 00:15","18-01-2021 00:30","239"
"245",1843,"18-01-2021 00:30","18-01-2021 00:45","239"
"246",1844,"18-01-2021 00:45","18-01-2021 01:00","222"
"247",1845,"18-01-2021 01:00","18-01-2021 01:15","222"
"248",1846,"18-01-2021 01:15","18-01-2021 01:30","None"
"249",1847,"18-01-2021 01:30","18-01-2021 01:45","222"
"250",1848,"18-01-2021 01:45","18-01-2021 02:00","164"
"251",1849,"18-01-2021 02:00","18-01-2021 02:15","164"
"252",1850,"18-01-2021 02:15","18-01-2021 02:30","164"
"253",1851,"18-01-2021 02:30","18-01-2021 02:45","164"
"254",1852,"18-01-2021 02:45","18-01-2021 03:00","133"
"255",1853,"18-01-2021 03:00","18-01-2021 03:15","133"
"256",1854,"18-01-2021 03:15","18-01-2021 03:30","None"
"257",1855,"18-01-2021 03:30","18-01-2021 03:45","133"
"258",1856,"18-01-2021 03:45","18-01-2021 04:00","158"
"259",1857,"18-01-2021 04:00","18-01-2021 04:15","158"
"260",1858,"18-01-2021 04:15","18-01-2021 04:30","158"
"261",1859,"18-01-2021 04:30","18-01-2021 04:45","158"
"262",1860,"18-01-2021 04:45","18-01-2021 05:00","162"
"263",1861,"18-01-2021 05:00","18-01-2021 05:15","162"
"264",1862,"18-01-2021 05:15","18-01-2021 05:30","162"
"265",1863,"18-01-2021 05:30","18-01-2021 05:45","162"
"266",1864,"18-01-2021 05:45","18-01-2021 06:00","172"
"267",1865,"18-01-2021 06:00","18-01-2021 06:15","172"
"268",1866,"18-01-2021 06:15","18-01-2021 06:30","172"
"269",1867,"18-01-2021 06:30","18-01-2021 06:45","172"
"270",1868,"18-01-2021 06:45","18-01-2021 07:00","207"
"271",1869,"18-01-2021 07:00","18-01-2021 07:15","207"
"272",1870,"18-01-2021 07:15","18-01-2021 07:30","207"
"273",1871,"18-01-2021 07:30","18-01-2021 07:45","207"
"274",1872,"18-01-2021 07:45","18-01-2021 08:00","223"
"275",1873,"18-01-2021 08:00","18-01-2021 08:15","223"
"276",1874,"18-01-2021 08:15","18-01-2021 08:30","223"
"277",1875,"18-01-2021 08:30","18-01-2021 08:45","223"
"278",1876,"18-01-2021 08:45","18-01-2021 09:00","None"
"279",1877,"18-01-2021 09:00","18-01-2021 09:15","194"
"280",1878,"18-01-2021 09:15","18-01-2021 09:30","194"
"281",1879,"18-01-2021 09:30","18-01-2021 09:45","None"
"282",1880,"18-01-2021 09:45","18-01-2021 10:00","None"
"283",1881,"18-01-2021 10:00","18-01-2021 10:15","None"
"284",1882,"18-01-2021 10:15","18-01-2021 10:30","232"
"285",1883,"18-01-2021 10:30","18-01-2021 10:45","232"
"286",1884,"18-01-2021 10:45","18-01-2021 11:00","221"
"287",1885,"18-01-2021 11:00","18-01-2021 11:15","None"
"288",1886,"18-01-2021 11:15","18-01-2021 11:30","221"
"289",1887,"18-01-2021 11:30","18-01-2021 11:45","221"
"290",1888,"18-01-2021 11:45","18-01-2021 12:00","192"
"291",1889,"18-01-2021 12:00","18-01-2021 12:15","192"
"292",1890,"18-01-2021 12:15","18-01-2021 12:30","192"
"293",1891,"18-01-2021 12:30","18-01-2021 12:45","192"
"294",1892,"18-01-2021 12:45","18-01-2021 13:00","191"
"295",1893,"18-01-2021 13:00","18-01-2021 13:15","191"
"296",1894,"18-01-2021 13:15","18-01-2021 13:30","191"
"297",1895,"18-01-2021 13:30","18-01-2021 13:45","None"
"298",1896,"18-01-2021 13:45","18-01-2021 14:00","208"
"299",1897,"18-01-2021 14:00","18-01-2021 14:15","208"
"300",1898,"18-01-2021 14:15","18-01-2021 14:30","208"
"301",1899,"18-01-2021 14:30","18-01-2021 14:45","208"
"302",1900,"18-01-2021 14:45","18-01-2021 15:00","209"
"303",1901,"18-01-2021 15:00","18-01-2021 15:15","209"
"304",1902,"18-01-2021 15:15","18-01-2021 15:30","209"
"305",1903,"18-01-2021 15:30","18-01-2021 15:45","209"
"306",1904,"18-01-2021 15:45","18-01-2021 16:00","204"
"307",1905,"18-01-2021 16:00","18-01-2021 16:15","None"
"308",1906,"18-01-2021 16:15","18-01-2021 16:30","204"
"309",1907,"18-01-2021 16:30","18-01-2021 16:45","204"
"310",1908,"18-01-2021 16:45","18-01-2021 17:00","209"
"311",1909,"18-01-2021 17:00","18-01-2021 17:15","209"
"312",1910,"18-01-2021 17:15","18-01-2021 17:30","209"
"313",1911,"18-01-2021 17:30","18-01-2021 17:45","209"
"314",1912,"18-01-2021 17:45","18-01-2021 18:00","264"
"315",1913,"18-01-2021 18:00","18-01-2021 18:15","264"
"316",1914,"18-01-2021 18:15","18-01-2021 18:30","264"
"317",1915,"18-01-2021 18:30","18-01-2021 18:45","264"
"318",1916,"18-01-2021 18:45","18-01-2021 19:00","334"
"319",1917,"18-01-2021 19:00","18-01-2021 19:15","334"
"320",1918,"18-01-2021 19:15","18-01-2021 19:30","334"
"321",1919,"18-01-2021 19:30","18-01-2021 19:45","334"
"322",1920,"18-01-2021 19:45","18-01-2021 20:00","398"
"323",1921,"18-01-2021 20:00","18-01-2021 20:15","398"
"324",1922,"18-01-2021 20:15","18-01-2021 20:30","398"
"325",1923,"18-01-2021 20:30","18-01-2021 20:45","398"
"326",1924,"18-01-2021 20:45","18-01-2021 21:00","481"
"327",1925,"18-01-2021 21:00","18-01-2021 21:15","481"
"328",1926,"18-01-2021 21:15","18-01-2021 21:30","481"
"329",1927,"18-01-2021 21:30","18-01-2021 21:45","481"
"330",1928,"18-01-2021 21:45","18-01-2021 22:00","582"
"331",1929,"18-01-2021 22:00","18-01-2021 22:15","582"
"332",1930,"18-01-2021 22:15","18-01-2021 22:30","582"
"333",1931,"18-01-2021 22:30","18-01-2021 22:45","582"
"334",1932,"18-01-2021 22:45","18-01-2021 23:00","495"
"335",1933,"18-01-2021 23:00","18-01-2021 23:15","495"
"336",1934,"18-01-2021 23:15","18-01-2021 23:30","495"
"337",1935,"18-01-2021 23:30","18-01-2021 23:45","None"
"338",1936,"18-01-2021 23:45","19-01-2021 00:00","None"
"339",1937,"19-01-2021 00:00","19-01-2021 00:15","373"
"340",1938,"19-01-2021 00:15","19-01-2021 00:30","373"
"341",1939,"19-01-2021 00:30","19-01-2021 00:45","373"
"342",1940,"19-01-2021 00:45","19-01-2021 01:00","326"
"343",1941,"19-01-2021 01:00","19-01-2021 01:15","326"
"344",1942,"19-01-2021 01:15","19-01-2021 01:30","326"
"345",1943,"19-01-2021 01:30","19-01-2021 01:45","326"
"346",1944,"19-01-2021 01:45","19-01-2021 02:00","309"
"347",1945,"19-01-2021 02:00","19-01-2021 02:15","309"
"348",1946,"19-01-2021 02:15","19-01-2021 02:30","309"
"349",1947,"19-01-2021 02:30","19-01-2021 02:45","309"
"350",1948,"19-01-2021 02:45","19-01-2021 03:00","294"
"351",1949,"19-01-2021 03:00","19-01-2021 03:15","294"
"352",1950,"19-01-2021 03:15","19-01-2021 03:30","294"
"353",1951,"19-01-2021 03:30","19-01-2021 03:45","294"
"354",1952,"19-01-2021 03:45","19-01-2021 04:00","236"
"355",1953,"19-01-2021 04:00","19-01-2021 04:15","236"
"356",1954,"19-01-2021 04:15","19-01-2021 04:30","236"
"357",1955,"19-01-2021 04:30","19-01-2021 04:45","236"
"358",1956,"19-01-2021 04:45","19-01-2021 05:00","259"
"359",1957,"19-01-2021 05:00","19-01-2021 05:15","259"
"360",1958,"19-01-2021 05:15","19-01-2021 05:30","259"
"361",1959,"19-01-2021 05:30","19-01-2021 05:45","259"
"362",1960,"19-01-2021 05:45","19-01-2021 06:00","264"
"363",1961,"19-01-2021 06:00","19-01-2021 06:15","264"
"364",1962,"19-01-2021 06:15","19-01-2021 06:30","264"
"365",1963,"19-01-2021 06:30","19-01-2021 06:45","264"
"366",1964,"19-01-2021 06:45","19-01-2021 07:00","337"
"367",1965,"19-01-2021 07:00","19-01-2021 07:15","337"
"368",1966,"19-01-2021 07:15","19-01-2021 07:30","337"
"369",1967,"19-01-2021 07:30","19-01-2021 07:45","337"
"370",1968,"19-01-2021 07:45","19-01-2021 08:00","309"
"371",1969,"19-01-2021 08:00","19-01-2021 08:15","309"
"372",1970,"19-01-2021 08:15","19-01-2021 08:30","309"
"373",1971,"19-01-2021 08:30","19-01-2021 08:45","309"
"374",1972,"19-01-2021 08:45","19-01-2021 09:00","335"
"375",1973,"19-01-2021 09:00","19-01-2021 09:15","335"
"376",1974,"19-01-2021 09:15","19-01-2021 09:30","335"
"377",1975,"19-01-2021 09:30","19-01-2021 09:45","None"
"378",1976,"19-01-2021 09:45","19-01-2021 10:00","None"
"379",1977,"19-01-2021 10:00","19-01-2021 10:15","None"
"380",1978,"19-01-2021 10:15","19-01-2021 10:30","334"
"381",1979,"19-01-2021 10:30","19-01-2021 10:45","334"
"382",1980,"19-01-2021 10:45","19-01-2021 11:00","400"
"383",1981,"19-01-2021 11:00","19-01-2021 11:15","400"
"384",1982,"19-01-2021 11:15","19-01-2021 11:30","400"
"385",1983,"19-01-2021 11:30","19-01-2021 11:45","400"
"386",1984,"19-01-2021 11:45","19-01-2021 12:00","339"
"387",1985,"19-01-2021 12:00","19-01-2021 12:15","339"
"388",1986,"19-01-2021 12:15","19-01-2021 12:30","339"
"389",1987,"19-01-2021 12:30","19-01-2021 12:45","339"
"390",1988,"19-01-2021 12:45","19-01-2021 13:00","236"
"391",1989,"19-01-2021 13:00","19-01-2021 13:15","236"
"392",1990,"19-01-2021 13:15","19-01-2021 13:30","236"
"393",1991,"19-01-2021 13:30","19-01-2021 13:45","236"
"394",1992,"19-01-2021 13:45","19-01-2021 14:00","190"
"395",1993,"19-01-2021 14:00","19-01-2021 14:15","190"
"396",1994,"19-01-2021 14:15","19-01-2021 14:30","190"
"397",1995,"19-01-2021 14:30","19-01-2021 14:45","190"
"398",1996,"19-01-2021 14:45","19-01-2021 15:00","154"
"399",1997,"19-01-2021 15:00","19-01-2021 15:15","154"
"400",1998,"19-01-2021 15:15","19-01-2021 15:30","154"
"401",1999,"19-01-2021 15:30","19-01-2021 15:45","154"
"402",2000,"19-01-2021 15:45","19-01-2021 16:00","152"
"403",2001,"19-01-2021 16:00","19-01-2021 16:15","152"
"404",2002,"19-01-2021 16:15","19-01-2021 16:30","152"
"405",2003,"19-01-2021 16:30","19-01-2021 16:45","152"
"406",2004,"19-01-2021 16:45","19-01-2021 17:00","146"
"407",2005,"19-01-2021 17:00","19-01-2021 17:15","146"
"408",2006,"19-01-2021 17:15","19-01-2021 17:30","146"
"409",2007,"19-01-2021 17:30","19-01-2021 17:45","146"
"410",2008,"19-01-2021 17:45","19-01-2021 18:00","174"
"411",2009,"19-01-2021 18:00","19-01-2021 18:15","174"
"412",2010,"19-01-2021 18:15","19-01-2021 18:30","174"
"413",2011,"19-01-2021 18:30","19-01-2021 18:45","174"
"414",2012,"19-01-2021 18:45","19-01-2021 19:00","252"
"415",2013,"19-01-2021 19:00","19-01-2021 19:15","252"
"416",2014,"19-01-2021 19:15","19-01-2021 19:30","252"
"417",2015,"19-01-2021 19:30","19-01-2021 19:45","252"
"418",2016,"19-01-2021 19:45","19-01-2021 20:00","257"
"419",2017,"19-01-2021 20:00","19-01-2021 20:15","257"
"420",2018,"19-01-2021 20:15","19-01-2021 20:30","257"
"421",2019,"19-01-2021 20:30","19-01-2021 20:45","257"
"422",2020,"19-01-2021 20:45","19-01-2021 21:00","228"
"423",2021,"19-01-2021 21:00","19-01-2021 21:15","228"
"424",2022,"19-01-2021 21:15","19-01-2021 21:30","228"
"425",2023,"19-01-2021 21:30","19-01-2021 21:45","228"
"426",2024,"19-01-2021 21:45","19-01-2021 22:00","242"
"427",2025,"19-01-2021 22:00","19-01-2021 22:15","242"
"428",2026,"19-01-2021 22:15","19-01-2021 22:30","242"
"429",2027,"19-01-2021 22:30","19-01-2021 22:45","242"
"430",2028,"19-01-2021 22:45","19-01-2021 23:00","226"
"431",2029,"19-01-2021 23:00","19-01-2021 23:15","226"
"432",2030,"19-01-2021 23:15","19-01-2021 23:30","226"
"433",2031,"19-01-2021 23:30","19-01-2021 23:45","None"
"434",2032,"19-01-2021 23:45","20-01-2021 00:00","212"
"435",2033,"20-01-2021 00:00","20-01-2021 00:15","212"
"436",2034,"20-01-2021 00:15","20-01-2021 00:30","212"
"437",2035,"20-01-2021 00:30","20-01-2021 00:45","212"
"438",2036,"20-01-2021 00:45","20-01-2021 01:00","208"
"439",2037,"20-01-2021 01:00","20-01-2021 01:15","208"
"440",2038,"20-01-2021 01:15","20-01-2021 01:30","208"
"441",2039,"20-01-2021 01:30","20-01-2021 01:45","208"
"442",2040,"20-01-2021 01:45","20-01-2021 02:00","195"
"443",2041,"20-01-2021 02:00","20-01-2021 02:15","None"
"444",2042,"20-01-2021 02:15","20-01-2021 02:30","195"
"445",2043,"20-01-2021 02:30","20-01-2021 02:45","195"
"446",2044,"20-01-2021 02:45","20-01-2021 03:00","209"
"447",2045,"20-01-2021 03:00","20-01-2021 03:15","209"
"448",2046,"20-01-2021 03:15","20-01-2021 03:30","209"
"449",2047,"20-01-2021 03:30","20-01-2021 03:45","209"
"450",2048,"20-01-2021 03:45","20-01-2021 04:00","228"
"451",2049,"20-01-2021 04:00","20-01-2021 04:15","228"
"452",2050,"20-01-2021 04:15","20-01-2021 04:30","228"
"453",2051,"20-01-2021 04:30","20-01-2021 04:45","228"
"454",2052,"20-01-2021 04:45","20-01-2021 05:00","206"
"455",2053,"20-01-2021 05:00","20-01-2021 05:15","206"
"456",2054,"20-01-2021 05:15","20-01-2021 05:30","206"
"457",2055,"20-01-2021 05:30","20-01-2021 05:45","206"
"458",2056,"20-01-2021 05:45","20-01-2021 06:00","187"
"459",2057,"20-01-2021 06:00","20-01-2021 06:15","187"
"460",2058,"20-01-2021 06:15","20-01-2021 06:30","187"
"461",2059,"20-01-2021 06:30","20-01-2021 06:45","187"
"462",2060,"20-01-2021 06:45","20-01-2021 07:00","162"
"463",2061,"20-01-2021 07:00","20-01-2021 07:15","162"
"464",2062,"20-01-2021 07:15","20-01-2021 07:30","162"
"465",2063,"20-01-2021 07:30","20-01-2021 07:45","162"
"466",2064,"20-01-2021 07:45","20-01-2021 08:00","165"
"467",2065,"20-01-2021 08:00","20-01-2021 08:15","165"
"468",2066,"20-01-2021 08:15","20-01-2021 08:30","165"
"469",2067,"20-01-2021 08:30","20-01-2021 08:45","165"
"470",2068,"20-01-2021 08:45","20-01-2021 09:00","173"
"471",2069,"20-01-2021 09:00","20-01-2021 09:15","173"
"472",2070,"20-01-2021 09:15","20-01-2021 09:30","173"
"473",2071,"20-01-2021 09:30","20-01-2021 09:45","None"
"474",2072,"20-01-2021 09:45","20-01-2021 10:00","None"
"475",2073,"20-01-2021 10:00","20-01-2021 10:15","None"
"476",2074,"20-01-2021 10:15","20-01-2021 10:30","320"
"477",2075,"20-01-2021 10:30","20-01-2021 10:45","320"
"478",2076,"20-01-2021 10:45","20-01-2021 11:00","363"
"479",2077,"20-01-2021 11:00","20-01-2021 11:15","363"
"480",2078,"20-01-2021 11:15","20-01-2021 11:30","363"
"481",2079,"20-01-2021 11:30","20-01-2021 11:45","363"
"482",2080,"20-01-2021 11:45","20-01-2021 12:00","276"
"483",2081,"20-01-2021 12:00","20-01-2021 12:15","276"
"484",2082,"20-01-2021 12:15","20-01-2021 12:30","276"
"485",2083,"20-01-2021 12:30","20-01-2021 12:45","276"
"486",2084,"20-01-2021 12:45","20-01-2021 13:00","172"
"487",2085,"20-01-2021 13:00","20-01-2021 13:15","172"
"488",2086,"20-01-2021 13:15","20-01-2021 13:30","172"
"489",2087,"20-01-2021 13:30","20-01-2021 13:45","172"
"490",2088,"20-01-2021 13:45","20-01-2021 14:00","147"
"491",2089,"20-01-2021 14:00","20-01-2021 14:15","147"
"492",2090,"20-01-2021 14:15","20-01-2021 14:30","147"
"493",2091,"20-01-2021 14:30","20-01-2021 14:45","147"
"494",2092,"20-01-2021 14:45","20-01-2021 15:00","140"
"495",2093,"20-01-2021 15:00","20-01-2021 15:15","140"
"496",2094,"20-01-2021 15:15","20-01-2021 15:30","140"
"497",2095,"20-01-2021 15:30","20-01-2021 15:45","140"
"498",2096,"20-01-2021 15:45","20-01-2021 16:00","110"
"499",2097,"20-01-2021 16:00","20-01-2021 16:15","110"
"500",2098,"20-01-2021 16:15","20-01-2021 16:30","110"
"501",2099,"20-01-2021 16:30","20-01-2021 16:45","None"
"502",2100,"20-01-2021 16:45","20-01-2021 17:00","116"
"503",2101,"20-01-2021 17:00","20-01-2021 17:15","116"
"504",2102,"20-01-2021 17:15","20-01-2021 17:30","116"
"505",2103,"20-01-2021 17:30","20-01-2021 17:45","116"
"506",2104,"20-01-2021 17:45","20-01-2021 18:00","170"
"507",2105,"20-01-2021 18:00","20-01-2021 18:15","170"
"508",2106,"20-01-2021 18:15","20-01-2021 18:30","170"
"509",2107,"20-01-2021 18:30","20-01-2021 18:45","170"
"510",2108,"20-01-2021 18:45","20-01-2021 19:00","156"
"511",2109,"20-01-2021 19:00","20-01-2021 19:15","156"
"512",2110,"20-01-2021 19:15","20-01-2021 19:30","156"
"513",2111,"20-01-2021 19:30","20-01-2021 19:45","156"
"514",2112,"20-01-2021 19:45","20-01-2021 20:00","229"
"515",2113,"20-01-2021 20:00","20-01-2021 20:15","229"
"516",2114,"20-01-2021 20:15","20-01-2021 20:30","None"
"517",2115,"20-01-2021 20:30","20-01-2021 20:45","229"
"518",2116,"20-01-2021 20:45","20-01-2021 21:00","221"
"519",2117,"20-01-2021 21:00","20-01-2021 21:15","221"
"520",2118,"20-01-2021 21:15","20-01-2021 21:30","221"
"521",2119,"20-01-2021 21:30","20-01-2021 21:45","221"
"522",2120,"20-01-2021 21:45","20-01-2021 22:00","159"
"523",2121,"20-01-2021 22:00","20-01-2021 22:15","159"
"524",2122,"20-01-2021 22:15","20-01-2021 22:30","159"
"525",2123,"20-01-2021 22:30","20-01-2021 22:45","159"
"526",2124,"20-01-2021 22:45","20-01-2021 23:00","163"
"527",2125,"20-01-2021 23:00","20-01-2021 23:15","163"
"528",2126,"20-01-2021 23:15","20-01-2021 23:30","163"
"529",2127,"20-01-2021 23:30","20-01-2021 23:45","None"
"530",2128,"20-01-2021 23:45","21-01-2021 00:00","132"
"531",2129,"21-01-2021 00:00","21-01-2021 00:15","132"
"532",2130,"21-01-2021 00:15","21-01-2021 00:30","132"
"533",2131,"21-01-2021 00:30","21-01-2021 00:45","132"
"534",2132,"21-01-2021 00:45","21-01-2021 01:00","115"
"535",2133,"21-01-2021 01:00","21-01-2021 01:15","115"
"536",2134,"21-01-2021 01:15","21-01-2021 01:30","115"
"537",2135,"21-01-2021 01:30","21-01-2021 01:45","115"
"538",2136,"21-01-2021 01:45","21-01-2021 02:00","113"
"539",2137,"21-01-2021 02:00","21-01-2021 02:15","113"
"540",2138,"21-01-2021 02:15","21-01-2021 02:30","113"
"541",2139,"21-01-2021 02:30","21-01-2021 02:45","113"
"542",2140,"21-01-2021 02:45","21-01-2021 03:00","107"
"543",2141,"21-01-2021 03:00","21-01-2021 03:15","107"
"544",2142,"21-01-2021 03:15","21-01-2021 03:30","107"
"545",2143,"21-01-2021 03:30","21-01-2021 03:45","107"
"546",2144,"21-01-2021 03:45","21-01-2021 04:00","106"
"547",2145,"21-01-2021 04:00","21-01-2021 04:15","106"
"548",2146,"21-01-2021 04:15","21-01-2021 04:30","106"
"549",2147,"21-01-2021 04:30","21-01-2021 04:45","106"
"550",2148,"21-01-2021 04:45","21-01-2021 05:00","120"
"551",2149,"21-01-2021 05:00","21-01-2021 05:15","120"
"552",2150,"21-01-2021 05:15","21-01-2021 05:30","120"
"553",2151,"21-01-2021 05:30","21-01-2021 05:45","120"
"554",2152,"21-01-2021 05:45","21-01-2021 06:00","116"
"555",2153,"21-01-2021 06:00","21-01-2021 06:15","116"
"556",2154,"21-01-2021 06:15","21-01-2021 06:30","116"
"557",2155,"21-01-2021 06:30","21-01-2021 06:45","116"
"558",2156,"21-01-2021 06:45","21-01-2021 07:00","120"
"559",2157,"21-01-2021 07:00","21-01-2021 07:15","120"
"560",2158,"21-01-2021 07:15","21-01-2021 07:30","120"
"561",2159,"21-01-2021 07:30","21-01-2021 07:45","120"
"562",2160,"21-01-2021 07:45","21-01-2021 08:00","132"
"563",2161,"21-01-2021 08:00","21-01-2021 08:15","132"
"564",2162,"21-01-2021 08:15","21-01-2021 08:30","132"
"565",2163,"21-01-2021 08:30","21-01-2021 08:45","132"
"566",2164,"21-01-2021 08:45","21-01-2021 09:00","142"
"567",2165,"21-01-2021 09:00","21-01-2021 09:15","142"
"568",2166,"21-01-2021 09:15","21-01-2021 09:30","142"
"569",2167,"21-01-2021 09:30","21-01-2021 09:45","None"
"570",2168,"21-01-2021 09:45","21-01-2021 10:00","None"
"571",2169,"21-01-2021 10:00","21-01-2021 10:15","None"
"572",2170,"21-01-2021 10:15","21-01-2021 10:30","143"
"573",2171,"21-01-2021 10:30","21-01-2021 10:45","143"
"574",2172,"21-01-2021 10:45","21-01-2021 11:00","150"
"575",2173,"21-01-2021 11:00","21-01-2021 11:15","150"
"576",2174,"21-01-2021 11:15","21-01-2021 11:30","150"
"577",2175,"21-01-2021 11:30","21-01-2021 11:45","150"
"578",2176,"21-01-2021 11:45","21-01-2021 12:00","129"
"579",2177,"21-01-2021 12:00","21-01-2021 12:15","129"
"580",2178,"21-01-2021 12:15","21-01-2021 12:30","129"
"581",2179,"21-01-2021 12:30","21-01-2021 12:45","129"
"582",2180,"21-01-2021 12:45","21-01-2021 13:00","123"
"583",2181,"21-01-2021 13:00","21-01-2021 13:15","123"
"584",2182,"21-01-2021 13:15","21-01-2021 13:30","123"
"585",2183,"21-01-2021 13:30","21-01-2021 13:45","123"
"586",2184,"21-01-2021 13:45","21-01-2021 14:00","104"
"587",2185,"21-01-2021 14:00","21-01-2021 14:15","104"
"588",2186,"21-01-2021 14:15","21-01-2021 14:30","104"
"589",2187,"21-01-2021 14:30","21-01-2021 14:45","104"
"590",2188,"21-01-2021 14:45","21-01-2021 15:00","100"
"591",2189,"21-01-2021 15:00","21-01-2021 15:15","100"
"592",2190,"21-01-2021 15:15","21-01-2021 15:30","None"
"593",2191,"21-01-2021 15:30","21-01-2021 15:45","100"
"594",2192,"21-01-2021 15:45","21-01-2021 16:00","94"
"595",2193,"21-01-2021 16:00","21-01-2021 16:15","94"
"596",2194,"21-01-2021 16:15","21-01-2021 16:30","94"
"597",2195,"21-01-2021 16:30","21-01-2021 16:45","94"
"598",2196,"21-01-2021 16:45","21-01-2021 17:00","89"
"599",2197,"21-01-2021 17:00","21-01-2021 17:15","89"
"600",2198,"21-01-2021 17:15","21-01-2021 17:30","89"
"601",2199,"21-01-2021 17:30","21-01-2021 17:45","89"
"602",2200,"21-01-2021 17:45","21-01-2021 18:00","None"
"603",2201,"21-01-2021 18:00","21-01-2021 18:15","134"
"604",2202,"21-01-2021 18:15","21-01-2021 18:30","None"
"605",2203,"21-01-2021 18:30","21-01-2021 18:45","134"
"606",2204,"21-01-2021 18:45","21-01-2021 19:00","178"
"607",2205,"21-01-2021 19:00","21-01-2021 19:15","178"
"608",2206,"21-01-2021 19:15","21-01-2021 19:30","178"
"609",2207,"21-01-2021 19:30","21-01-2021 19:45","178"
"610",2208,"21-01-2021 19:45","21-01-2021 20:00","277"
"611",2209,"21-01-2021 20:00","21-01-2021 20:15","277"
"612",2210,"21-01-2021 20:15","21-01-2021 20:30","277"
"613",2211,"21-01-2021 20:30","21-01-2021 20:45","277"
"614",2212,"21-01-2021 20:45","21-01-2021 21:00","505"
"615",2213,"21-01-2021 21:00","21-01-2021 21:15","505"
"616",2214,"21-01-2021 21:15","21-01-2021 21:30","505"
"617",2215,"21-01-2021 21:30","21-01-2021 21:45","505"
"618",2216,"21-01-2021 21:45","21-01-2021 22:00","287"
"619",2217,"21-01-2021 22:00","21-01-2021 22:15","287"
"620",2218,"21-01-2021 22:15","21-01-2021 22:30","287"
"621",2219,"21-01-2021 22:30","21-01-2021 22:45","287"
"622",2220,"21-01-2021 22:45","21-01-2021 23:00","218"
"623",2221,"21-01-2021 23:00","21-01-2021 23:15","218"
"624",2222,"21-01-2021 23:15","21-01-2021 23:30","218"
"625",2223,"21-01-2021 23:30","21-01-2021 23:45","None"
"626",2224,"21-01-2021 23:45","22-01-2021 00:00","None"
"627",2225,"22-01-2021 00:00","22-01-2021 00:15","192"
"628",2226,"22-01-2021 00:15","22-01-2021 00:30","192"
"629",2227,"22-01-2021 00:30","22-01-2021 00:45","192"
"630",2228,"22-01-2021 00:45","22-01-2021 01:00","184"
"631",2229,"22-01-2021 01:00","22-01-2021 01:15","184"
"632",2230,"22-01-2021 01:15","22-01-2021 01:30","184"
"633",2231,"22-01-2021 01:30","22-01-2021 01:45","184"
"634",2232,"22-01-2021 01:45","22-01-2021 02:00","188"
"635",2233,"22-01-2021 02:00","22-01-2021 02:15","188"
"636",2234,"22-01-2021 02:15","22-01-2021 02:30","188"
"637",2235,"22-01-2021 02:30","22-01-2021 02:45","188"
"638",2236,"22-01-2021 02:45","22-01-2021 03:00","192"
"639",2237,"22-01-2021 03:00","22-01-2021 03:15","192"
"640",2238,"22-01-2021 03:15","22-01-2021 03:30","192"
"641",2239,"22-01-2021 03:30","22-01-2021 03:45","192"
"642",2240,"22-01-2021 03:45","22-01-2021 04:00","185"
"643",2241,"22-01-2021 04:00","22-01-2021 04:15","185"
"644",2242,"22-01-2021 04:15","22-01-2021 04:30","185"
"645",2243,"22-01-2021 04:30","22-01-2021 04:45","185"
"646",2244,"22-01-2021 04:45","22-01-2021 05:00","136"
"647",2245,"22-01-2021 05:00","22-01-2021 05:15","136"
"648",2246,"22-01-2021 05:15","22-01-2021 05:30","136"
"649",2247,"22-01-2021 05:30","22-01-2021 05:45","136"
"650",2248,"22-01-2021 05:45","22-01-2021 06:00","156"
"651",2249,"22-01-2021 06:00","22-01-2021 06:15","156"
"652",2250,"22-01-2021 06:15","22-01-2021 06:30","156"
"653",2251,"22-01-2021 06:30","22-01-2021 06:45","156"
"654",2252,"22-01-2021 06:45","22-01-2021 07:00","142"
"655",2253,"22-01-2021 07:00","22-01-2021 07:15","142"
"656",2254,"22-01-2021 07:15","22-01-2021 07:30","142"
"657",2255,"22-01-2021 07:30","22-01-2021 07:45","142"
"658",2256,"22-01-2021 07:45","22-01-2021 08:00","160"
"659",2257,"22-01-2021 08:00","22-01-2021 08:15","160"
"660",2258,"22-01-2021 08:15","22-01-2021 08:30","160"
"661",2259,"22-01-2021 08:30","22-01-2021 08:45","160"
"662",2260,"22-01-2021 08:45","22-01-2021 09:00","181"
"663",2261,"22-01-2021 09:00","22-01-2021 09:15","181"
"664",2262,"22-01-2021 09:15","22-01-2021 09:30","181"
"665",2263,"22-01-2021 09:30","22-01-2021 09:45","None"
"666",2264,"22-01-2021 09:45","22-01-2021 10:00","None"
"667",2265,"22-01-2021 10:00","22-01-2021 10:15","None"
"668",2266,"22-01-2021 10:15","22-01-2021 10:30","244"
"669",2267,"22-01-2021 10:30","22-01-2021 10:45","244"
"670",2268,"22-01-2021 10:45","22-01-2021 11:00","237"
"671",2269,"22-01-2021 11:00","22-01-2021 11:15","237"
"672",2270,"22-01-2021 11:15","22-01-2021 11:30","237"
"673",2271,"22-01-2021 11:30","22-01-2021 11:45","237"
"674",2272,"22-01-2021 11:45","22-01-2021 12:00","232"
"675",2273,"22-01-2021 12:00","22-01-2021 12:15","232"
"676",2274,"22-01-2021 12:15","22-01-2021 12:30","232"
"677",2275,"22-01-2021 12:30","22-01-2021 12:45","232"
"678",2276,"22-01-2021 12:45","22-01-2021 13:00","239"
"679",2277,"22-01-2021 13:00","22-01-2021 13:15","239"
"680",2278,"22-01-2021 13:15","22-01-2021 13:30","239"
"681",2279,"22-01-2021 13:30","22-01-2021 13:45","239"
"682",2280,"22-01-2021 13:45","22-01-2021 14:00","207"
"683",2281,"22-01-2021 14:00","22-01-2021 14:15","207"
"684",2282,"22-01-2021 14:15","22-01-2021 14:30","207"
"685",2283,"22-01-2021 14:30","22-01-2021 14:45","207"
"686",2284,"22-01-2021 14:45","22-01-2021 15:00","219"
"687",2285,"22-01-2021 15:00","22-01-2021 15:15","None"
"688",2286,"22-01-2021 15:15","22-01-2021 15:30","219"
"689",2287,"22-01-2021 15:30","22-01-2021 15:45","219"
"690",2288,"22-01-2021 15:45","22-01-2021 16:00","173"
"691",2289,"22-01-2021 16:00","22-01-2021 16:15","173"
"692",2290,"22-01-2021 16:15","22-01-2021 16:30","None"
"693",2291,"22-01-2021 16:30","22-01-2021 16:45","173"
"694",2292,"22-01-2021 16:45","22-01-2021 17:00","184"
"695",2293,"22-01-2021 17:00","22-01-2021 17:15","184"
"696",2294,"22-01-2021 17:15","22-01-2021 17:30","184"
"697",2295,"22-01-2021 17:30","22-01-2021 17:45","184"
"698",2296,"22-01-2021 17:45","22-01-2021 18:00","215"
"699",2297,"22-01-2021 18:00","22-01-2021 18:15","215"
"700",2298,"22-01-2021 18:15","22-01-2021 18:30","215"
"701",2299,"22-01-2021 18:30","22-01-2021 18:45","215"
"702",2300,"22-01-2021 18:45","22-01-2021 19:00","235"
"703",2301,"22-01-2021 19:00","22-01-2021 19:15","235"
"704",2302,"22-01-2021 19:15","22-01-2021 19:30","235"
"705",2303,"22-01-2021 19:30","22-01-2021 19:45","235"
"706",2304,"22-01-2021 19:45","22-01-2021 20:00","211"
"707",2305,"22-01-2021 20:00","22-01-2021 20:15","211"
"708",2306,"22-01-2021 20:15","22-01-2021 20:30","211"
"709",2307,"22-01-2021 20:30","22-01-2021 20:45","211"
"710",2308,"22-01-2021 20:45","22-01-2021 21:00","211"
"711",2309,"22-01-2021 21:00","22-01-2021 21:15","211"
"712",2310,"22-01-2021 21:15","22-01-2021 21:30","211"
"713",2311,"22-01-2021 21:30","22-01-2021 21:45","211"
"714",2312,"22-01-2021 21:45","22-01-2021 22:00","220"
"715",2313,"22-01-2021 22:00","22-01-2021 22:15","220"
"716",2314,"22-01-2021 22:15","22-01-2021 22:30","220"
"717",2315,"22-01-2021 22:30","22-01-2021 22:45","220"
"718",2316,"22-01-2021 22:45","22-01-2021 23:00","223"
"719",2317,"22-01-2021 23:00","22-01-2021 23:15","223"
"720",2318,"22-01-2021 23:15","22-01-2021 23:30","223"
"721",2319,"22-01-2021 23:30","22-01-2021 23:45","None"
"722",2320,"22-01-2021 23:45","23-01-2021 00:00","173"
"723",2321,"23-01-2021 00:00","23-01-2021 00:15","173"
"724",2322,"23-01-2021 00:15","23-01-2021 00:30","173"
"725",2323,"23-01-2021 00:30","23-01-2021 00:45","173"
"726",2324,"23-01-2021 00:45","23-01-2021 01:00","136"
"727",2325,"23-01-2021 01:00","23-01-2021 01:15","136"
"728",2326,"23-01-2021 01:15","23-01-2021 01:30","136"
"729",2327,"23-01-2021 01:30","23-01-2021 01:45","None"
"730",2328,"23-01-2021 01:45","23-01-2021 02:00","139"
"731",2329,"23-01-2021 02:00","23-01-2021 02:15","139"
"732",2330,"23-01-2021 02:15","23-01-2021 02:30","139"
"733",2331,"23-01-2021 02:30","23-01-2021 02:45","139"
"734",2332,"23-01-2021 02:45","23-01-2021 03:00","156"
"735",2333,"23-01-2021 03:00","23-01-2021 03:15","156"
"736",2334,"23-01-2021 03:15","23-01-2021 03:30","156"
"737",2335,"23-01-2021 03:30","23-01-2021 03:45","156"
"738",2336,"23-01-2021 03:45","23-01-2021 04:00","145"
"739",2337,"23-01-2021 04:00","23-01-2021 04:15","145"
"740",2338,"23-01-2021 04:15","23-01-2021 04:30","145"
"741",2339,"23-01-2021 04:30","23-01-2021 04:45","145"
"742",2340,"23-01-2021 04:45","23-01-2021 05:00","133"
"743",2341,"23-01-2021 05:00","23-01-2021 05:15","133"
"744",2342,"23-01-2021 05:15","23-01-2021 05:30","133"
"745",2343,"23-01-2021 05:30","23-01-2021 05:45","133"
"746",2344,"23-01-2021 05:45","23-01-2021 06:00","158"
"747",2345,"23-01-2021 06:00","23-01-2021 06:15","158"
"748",2346,"23-01-2021 06:15","23-01-2021 06:30","158"
"749",2347,"23-01-2021 06:30","23-01-2021 06:45","158"
"750",2348,"23-01-2021 06:45","23-01-2021 07:00","170"
"751",2349,"23-01-2021 07:00","23-01-2021 07:15","170"
"752",2350,"23-01-2021 07:15","23-01-2021 07:30","170"
"753",2351,"23-01-2021 07:30","23-01-2021 07:45","170"
"754",2352,"23-01-2021 07:45","23-01-2021 08:00","176"
"755",2353,"23-01-2021 08:00","23-01-2021 08:15","176"
"756",2354,"23-01-2021 08:15","23-01-2021 08:30","176"
"757",2355,"23-01-2021 08:30","23-01-2021 08:45","176"
"758",2356,"23-01-2021 08:45","23-01-2021 09:00","189"
"759",2357,"23-01-2021 09:00","23-01-2021 09:15","189"
"760",2358,"23-01-2021 09:15","23-01-2021 09:30","189"
"761",2359,"23-01-2021 09:30","23-01-2021 09:45","None"
"762",2360,"23-01-2021 09:45","23-01-2021 10:00","None"
"763",2361,"23-01-2021 10:00","23-01-2021 10:15","None"
"764",2362,"23-01-2021 10:15","23-01-2021 10:30","172"
"765",2363,"23-01-2021 10:30","23-01-2021 10:45","172"
"766",2364,"23-01-2021 10:45","23-01-2021 11:00","177"
"767",2365,"23-01-2021 11:00","23-01-2021 11:15","177"
"768",2366,"23-01-2021 11:15","23-01-2021 11:30","177"
"769",2367,"23-01-2021 11:30","23-01-2021 11:45","177"
"770",2368,"23-01-2021 11:45","23-01-2021 12:00","197"
"771",2369,"23-01-2021 12:00","23-01-2021 12:15","197"
"772",2370,"23-01-2021 12:15","23-01-2021 12:30","197"
"773",2371,"23-01-2021 12:30","23-01-2021 12:45","197"
"774",2372,"23-01-2021 12:45","23-01-2021 13:00","168"
"775",2373,"23-01-2021 13:00","23-01-2021 13:15","168"
"776",2374,"23-01-2021 13:15","23-01-2021 13:30","168"
"777",2375,"23-01-2021 13:30","23-01-2021 13:45","168"
"778",2376,"23-01-2021 13:45","23-01-2021 14:00","147"
"779",2377,"23-01-2021 14:00","23-01-2021 14:15","147"
"780",2378,"23-01-2021 14:15","23-01-2021 14:30","147"
"781",2379,"23-01-2021 14:30","23-01-2021 14:45","147"
"782",2380,"23-01-2021 14:45","23-01-2021 15:00","146"
"783",2381,"23-01-2021 15:00","23-01-2021 15:15","146"
"784",2382,"23-01-2021 15:15","23-01-2021 15:30","None"
"785",2383,"23-01-2021 15:30","23-01-2021 15:45","146"
"786",2384,"23-01-2021 15:45","23-01-2021 16:00","152"
"787",2385,"23-01-2021 16:00","23-01-2021 16:15","152"
"788",2386,"23-01-2021 16:15","23-01-2021 16:30","152"
"789",2387,"23-01-2021 16:30","23-01-2021 16:45","152"
"790",2388,"23-01-2021 16:45","23-01-2021 17:00","149"
"791",2389,"23-01-2021 17:00","23-01-2021 17:15","149"
"792",2390,"23-01-2021 17:15","23-01-2021 17:30","149"
"793",2391,"23-01-2021 17:30","23-01-2021 17:45","149"
