"","X","X0","X1","X5"
"1",1599,"15-01-2021 11:30","15-01-2021 11:45","None"
"2",1600,"15-01-2021 11:45","15-01-2021 12:00","None"
"3",1601,"15-01-2021 12:00","15-01-2021 12:15","None"
"4",1602,"15-01-2021 12:15","15-01-2021 12:30","57.6"
"5",1603,"15-01-2021 12:30","15-01-2021 12:45","39.5"
"6",1604,"15-01-2021 12:45","15-01-2021 13:00","45.9"
"7",1605,"15-01-2021 13:00","15-01-2021 13:15","None"
"8",1606,"15-01-2021 13:15","15-01-2021 13:30","42.4"
"9",1607,"15-01-2021 13:30","15-01-2021 13:45","35.8"
"10",1608,"15-01-2021 13:45","15-01-2021 14:00","37.6"
"11",1609,"15-01-2021 14:00","15-01-2021 14:15","32.8"
"12",1610,"15-01-2021 14:15","15-01-2021 14:30","37.5"
"13",1611,"15-01-2021 14:30","15-01-2021 14:45","None"
"14",1612,"15-01-2021 14:45","15-01-2021 15:00","38"
"15",1613,"15-01-2021 15:00","15-01-2021 15:15","39.6"
"16",1614,"15-01-2021 15:15","15-01-2021 15:30","40.8"
"17",1615,"15-01-2021 15:30","15-01-2021 15:45","44"
"18",1616,"15-01-2021 15:45","15-01-2021 16:00","37.8"
"19",1617,"15-01-2021 16:00","15-01-2021 16:15","56.6"
"20",1618,"15-01-2021 16:15","15-01-2021 16:30","46.4"
"21",1619,"15-01-2021 16:30","15-01-2021 16:45","38.6"
"22",1620,"15-01-2021 16:45","15-01-2021 17:00","50.8"
"23",1621,"15-01-2021 17:00","15-01-2021 17:15","51.5"
"24",1622,"15-01-2021 17:15","15-01-2021 17:30","77.1"
"25",1623,"15-01-2021 17:30","15-01-2021 17:45","112.8"
"26",1624,"15-01-2021 17:45","15-01-2021 18:00","150.8"
"27",1625,"15-01-2021 18:00","15-01-2021 18:15","144.1"
"28",1626,"15-01-2021 18:15","15-01-2021 18:30","148"
"29",1627,"15-01-2021 18:30","15-01-2021 18:45","132.2"
"30",1628,"15-01-2021 18:45","15-01-2021 19:00","None"
"31",1629,"15-01-2021 19:00","15-01-2021 19:15","326.5"
"32",1630,"15-01-2021 19:15","15-01-2021 19:30","280.1"
"33",1631,"15-01-2021 19:30","15-01-2021 19:45","276.4"
"34",1632,"15-01-2021 19:45","15-01-2021 20:00","326.4"
"35",1633,"15-01-2021 20:00","15-01-2021 20:15","None"
"36",1634,"15-01-2021 20:15","15-01-2021 20:30","287.3"
"37",1635,"15-01-2021 20:30","15-01-2021 20:45","381.9"
"38",1636,"15-01-2021 20:45","15-01-2021 21:00","452.5"
"39",1637,"15-01-2021 21:00","15-01-2021 21:15","483"
"40",1638,"15-01-2021 21:15","15-01-2021 21:30","None"
"41",1639,"15-01-2021 21:30","15-01-2021 21:45","None"
"42",1640,"15-01-2021 21:45","15-01-2021 22:00","443.5"
"43",1641,"15-01-2021 22:00","15-01-2021 22:15","460.8"
"44",1642,"15-01-2021 22:15","15-01-2021 22:30","450.9"
"45",1643,"15-01-2021 22:30","15-01-2021 22:45","445.8"
"46",1644,"15-01-2021 22:45","15-01-2021 23:00","409.9"
"47",1645,"15-01-2021 23:00","15-01-2021 23:15","405.8"
"48",1646,"15-01-2021 23:15","15-01-2021 23:30","398.4"
"49",1647,"15-01-2021 23:30","15-01-2021 23:45","None"
"50",1648,"15-01-2021 23:45","16-01-2021 00:00","None"
"51",1649,"16-01-2021 00:00","16-01-2021 00:15","378.4"
"52",1650,"16-01-2021 00:15","16-01-2021 00:30","368.8"
"53",1651,"16-01-2021 00:30","16-01-2021 00:45","None"
"54",1652,"16-01-2021 00:45","16-01-2021 01:00","366.1"
"55",1653,"16-01-2021 01:00","16-01-2021 01:15","335.9"
"56",1654,"16-01-2021 01:15","16-01-2021 01:30","None"
"57",1655,"16-01-2021 01:30","16-01-2021 01:45","293.6"
"58",1656,"16-01-2021 01:45","16-01-2021 02:00","288.1"
"59",1657,"16-01-2021 02:00","16-01-2021 02:15","322.8"
"60",1658,"16-01-2021 02:15","16-01-2021 02:30","367.5"
"61",1659,"16-01-2021 02:30","16-01-2021 02:45","339.4"
"62",1660,"16-01-2021 02:45","16-01-2021 03:00","274.2"
"63",1661,"16-01-2021 03:00","16-01-2021 03:15","None"
"64",1662,"16-01-2021 03:15","16-01-2021 03:30","203.7"
"65",1663,"16-01-2021 03:30","16-01-2021 03:45","230.9"
"66",1664,"16-01-2021 03:45","16-01-2021 04:00","182.8"
"67",1665,"16-01-2021 04:00","16-01-2021 04:15","113.9"
"68",1666,"16-01-2021 04:15","16-01-2021 04:30","96"
"69",1667,"16-01-2021 04:30","16-01-2021 04:45","92.8"
"70",1668,"16-01-2021 04:45","16-01-2021 05:00","84.5"
"71",1669,"16-01-2021 05:00","16-01-2021 05:15","52"
"72",1670,"16-01-2021 05:15","16-01-2021 05:30","42.2"
"73",1671,"16-01-2021 05:30","16-01-2021 05:45","34.5"
"74",1672,"16-01-2021 05:45","16-01-2021 06:00","None"
"75",1673,"16-01-2021 06:00","16-01-2021 06:15","37.3"
"76",1674,"16-01-2021 06:15","16-01-2021 06:30","41"
"77",1675,"16-01-2021 06:30","16-01-2021 06:45","39.7"
"78",1676,"16-01-2021 06:45","16-01-2021 07:00","40.2"
"79",1677,"16-01-2021 07:00","16-01-2021 07:15","39.8"
"80",1678,"16-01-2021 07:15","16-01-2021 07:30","41.8"
"81",1679,"16-01-2021 07:30","16-01-2021 07:45","46.5"
"82",1680,"16-01-2021 07:45","16-01-2021 08:00","46"
"83",1681,"16-01-2021 08:00","16-01-2021 08:15","49.6"
"84",1682,"16-01-2021 08:15","16-01-2021 08:30","52.7"
"85",1683,"16-01-2021 08:30","16-01-2021 08:45","51.4"
"86",1684,"16-01-2021 08:45","16-01-2021 09:00","51.6"
"87",1685,"16-01-2021 09:00","16-01-2021 09:15","57.7"
"88",1686,"16-01-2021 09:15","16-01-2021 09:30","70.2"
"89",1687,"16-01-2021 09:30","16-01-2021 09:45","None"
"90",1688,"16-01-2021 09:45","16-01-2021 10:00","None"
"91",1689,"16-01-2021 10:00","16-01-2021 10:15","None"
"92",1690,"16-01-2021 10:15","16-01-2021 10:30","73.1"
"93",1691,"16-01-2021 10:30","16-01-2021 10:45","84.3"
"94",1692,"16-01-2021 10:45","16-01-2021 11:00","89.1"
"95",1693,"16-01-2021 11:00","16-01-2021 11:15","80.5"
"96",1694,"16-01-2021 11:15","16-01-2021 11:30","72.8"
"97",1695,"16-01-2021 11:30","16-01-2021 11:45","None"
"98",1696,"16-01-2021 11:45","16-01-2021 12:00","None"
"99",1697,"16-01-2021 12:00","16-01-2021 12:15","None"
"100",1698,"16-01-2021 12:15","16-01-2021 12:30","317.2"
"101",1699,"16-01-2021 12:30","16-01-2021 12:45","282.8"
"102",1700,"16-01-2021 12:45","16-01-2021 13:00","14.2"
"103",1701,"16-01-2021 13:00","16-01-2021 13:15","59.9"
"104",1702,"16-01-2021 13:15","16-01-2021 13:30","61.1"
"105",1703,"16-01-2021 13:30","16-01-2021 13:45","60.1"
"106",1704,"16-01-2021 13:45","16-01-2021 14:00","54.7"
"107",1705,"16-01-2021 14:00","16-01-2021 14:15","47.4"
"108",1706,"16-01-2021 14:15","16-01-2021 14:30","46.8"
"109",1707,"16-01-2021 14:30","16-01-2021 14:45","38.4"
"110",1708,"16-01-2021 14:45","16-01-2021 15:00","44.3"
"111",1709,"16-01-2021 15:00","16-01-2021 15:15","39"
"112",1710,"16-01-2021 15:15","16-01-2021 15:30","None"
"113",1711,"16-01-2021 15:30","16-01-2021 15:45","47.6"
"114",1712,"16-01-2021 15:45","16-01-2021 16:00","37.2"
"115",1713,"16-01-2021 16:00","16-01-2021 16:15","50"
"116",1714,"16-01-2021 16:15","16-01-2021 16:30","52.7"
"117",1715,"16-01-2021 16:30","16-01-2021 16:45","43"
"118",1716,"16-01-2021 16:45","16-01-2021 17:00","58.1"
"119",1717,"16-01-2021 17:00","16-01-2021 17:15","77.6"
"120",1718,"16-01-2021 17:15","16-01-2021 17:30","125.3"
"121",1719,"16-01-2021 17:30","16-01-2021 17:45","213.4"
"122",1720,"16-01-2021 17:45","16-01-2021 18:00","None"
"123",1721,"16-01-2021 18:00","16-01-2021 18:15","266.6"
"124",1722,"16-01-2021 18:15","16-01-2021 18:30","316.3"
"125",1723,"16-01-2021 18:30","16-01-2021 18:45","275.3"
"126",1724,"16-01-2021 18:45","16-01-2021 19:00","294.6"
"127",1725,"16-01-2021 19:00","16-01-2021 19:15","353.9"
"128",1726,"16-01-2021 19:15","16-01-2021 19:30","378.9"
"129",1727,"16-01-2021 19:30","16-01-2021 19:45","298.6"
"130",1728,"16-01-2021 19:45","16-01-2021 20:00","315"
"131",1729,"16-01-2021 20:00","16-01-2021 20:15","312.5"
"132",1730,"16-01-2021 20:15","16-01-2021 20:30","221.2"
"133",1731,"16-01-2021 20:30","16-01-2021 20:45","167.1"
"134",1732,"16-01-2021 20:45","16-01-2021 21:00","162.8"
"135",1733,"16-01-2021 21:00","16-01-2021 21:15","226.9"
"136",1734,"16-01-2021 21:15","16-01-2021 21:30","220.6"
"137",1735,"16-01-2021 21:30","16-01-2021 21:45","240.9"
"138",1736,"16-01-2021 21:45","16-01-2021 22:00","None"
"139",1737,"16-01-2021 22:00","16-01-2021 22:15","128"
"140",1738,"16-01-2021 22:15","16-01-2021 22:30","137.2"
"141",1739,"16-01-2021 22:30","16-01-2021 22:45","165.4"
"142",1740,"16-01-2021 22:45","16-01-2021 23:00","132.5"
"143",1741,"16-01-2021 23:00","16-01-2021 23:15","92.8"
"144",1742,"16-01-2021 23:15","16-01-2021 23:30","68.3"
"145",1743,"16-01-2021 23:30","16-01-2021 23:45","None"
"146",1744,"16-01-2021 23:45","17-01-2021 00:00","55.5"
"147",1745,"17-01-2021 00:00","17-01-2021 00:15","47"
"148",1746,"17-01-2021 00:15","17-01-2021 00:30","46"
"149",1747,"17-01-2021 00:30","17-01-2021 00:45","47.5"
"150",1748,"17-01-2021 00:45","17-01-2021 01:00","37.6"
"151",1749,"17-01-2021 01:00","17-01-2021 01:15","34.2"
"152",1750,"17-01-2021 01:15","17-01-2021 01:30","35.8"
"153",1751,"17-01-2021 01:30","17-01-2021 01:45","30"
"154",1752,"17-01-2021 01:45","17-01-2021 02:00","33.8"
"155",1753,"17-01-2021 02:00","17-01-2021 02:15","32"
"156",1754,"17-01-2021 02:15","17-01-2021 02:30","38"
"157",1755,"17-01-2021 02:30","17-01-2021 02:45","33.7"
"158",1756,"17-01-2021 02:45","17-01-2021 03:00","32.4"
"159",1757,"17-01-2021 03:00","17-01-2021 03:15","30.2"
"160",1758,"17-01-2021 03:15","17-01-2021 03:30","24"
"161",1759,"17-01-2021 03:30","17-01-2021 03:45","25.3"
"162",1760,"17-01-2021 03:45","17-01-2021 04:00","27.2"
"163",1761,"17-01-2021 04:00","17-01-2021 04:15","25.1"
"164",1762,"17-01-2021 04:15","17-01-2021 04:30","None"
"165",1763,"17-01-2021 04:30","17-01-2021 04:45","18.6"
"166",1764,"17-01-2021 04:45","17-01-2021 05:00","21.9"
"167",1765,"17-01-2021 05:00","17-01-2021 05:15","19.4"
"168",1766,"17-01-2021 05:15","17-01-2021 05:30","18.9"
"169",1767,"17-01-2021 05:30","17-01-2021 05:45","14.9"
"170",1768,"17-01-2021 05:45","17-01-2021 06:00","19"
"171",1769,"17-01-2021 06:00","17-01-2021 06:15","18.4"
"172",1770,"17-01-2021 06:15","17-01-2021 06:30","19.1"
"173",1771,"17-01-2021 06:30","17-01-2021 06:45","21.9"
"174",1772,"17-01-2021 06:45","17-01-2021 07:00","15.4"
"175",1773,"17-01-2021 07:00","17-01-2021 07:15","22.4"
"176",1774,"17-01-2021 07:15","17-01-2021 07:30","24"
"177",1775,"17-01-2021 07:30","17-01-2021 07:45","22.5"
"178",1776,"17-01-2021 07:45","17-01-2021 08:00","26"
"179",1777,"17-01-2021 08:00","17-01-2021 08:15","24.5"
"180",1778,"17-01-2021 08:15","17-01-2021 08:30","25"
"181",1779,"17-01-2021 08:30","17-01-2021 08:45","27.6"
"182",1780,"17-01-2021 08:45","17-01-2021 09:00","28.1"
"183",1781,"17-01-2021 09:00","17-01-2021 09:15","28.6"
"184",1782,"17-01-2021 09:15","17-01-2021 09:30","28.9"
"185",1783,"17-01-2021 09:30","17-01-2021 09:45","None"
"186",1784,"17-01-2021 09:45","17-01-2021 10:00","None"
"187",1785,"17-01-2021 10:00","17-01-2021 10:15","None"
"188",1786,"17-01-2021 10:15","17-01-2021 10:30","29"
"189",1787,"17-01-2021 10:30","17-01-2021 10:45","33.9"
"190",1788,"17-01-2021 10:45","17-01-2021 11:00","35.1"
"191",1789,"17-01-2021 11:00","17-01-2021 11:15","43.2"
"192",1790,"17-01-2021 11:15","17-01-2021 11:30","38.9"
"193",1791,"17-01-2021 11:30","17-01-2021 11:45","None"
"194",1792,"17-01-2021 11:45","17-01-2021 12:00","None"
"195",1793,"17-01-2021 12:00","17-01-2021 12:15","None"
"196",1794,"17-01-2021 12:15","17-01-2021 12:30","35.3"
"197",1795,"17-01-2021 12:30","17-01-2021 12:45","32"
"198",1796,"17-01-2021 12:45","17-01-2021 13:00","None"
"199",1797,"17-01-2021 13:00","17-01-2021 13:15","28"
"200",1798,"17-01-2021 13:15","17-01-2021 13:30","29.7"
"201",1799,"17-01-2021 13:30","17-01-2021 13:45","32.3"
"202",1800,"17-01-2021 13:45","17-01-2021 14:00","29.4"
"203",1801,"17-01-2021 14:00","17-01-2021 14:15","28.6"
"204",1802,"17-01-2021 14:15","17-01-2021 14:30","31.1"
"205",1803,"17-01-2021 14:30","17-01-2021 14:45","31.3"
"206",1804,"17-01-2021 14:45","17-01-2021 15:00","34.6"
"207",1805,"17-01-2021 15:00","17-01-2021 15:15","31.8"
"208",1806,"17-01-2021 15:15","17-01-2021 15:30","32.2"
"209",1807,"17-01-2021 15:30","17-01-2021 15:45","30.5"
"210",1808,"17-01-2021 15:45","17-01-2021 16:00","34.5"
"211",1809,"17-01-2021 16:00","17-01-2021 16:15","39.3"
"212",1810,"17-01-2021 16:15","17-01-2021 16:30","38"
"213",1811,"17-01-2021 16:30","17-01-2021 16:45","41.9"
"214",1812,"17-01-2021 16:45","17-01-2021 17:00","43.1"
"215",1813,"17-01-2021 17:00","17-01-2021 17:15","45"
"216",1814,"17-01-2021 17:15","17-01-2021 17:30","46"
"217",1815,"17-01-2021 17:30","17-01-2021 17:45","62.2"
"218",1816,"17-01-2021 17:45","17-01-2021 18:00","70.5"
"219",1817,"17-01-2021 18:00","17-01-2021 18:15","77.1"
"220",1818,"17-01-2021 18:15","17-01-2021 18:30","88"
"221",1819,"17-01-2021 18:30","17-01-2021 18:45","82.2"
"222",1820,"17-01-2021 18:45","17-01-2021 19:00","87"
"223",1821,"17-01-2021 19:00","17-01-2021 19:15","99.7"
"224",1822,"17-01-2021 19:15","17-01-2021 19:30","88.6"
"225",1823,"17-01-2021 19:30","17-01-2021 19:45","108.9"
"226",1824,"17-01-2021 19:45","17-01-2021 20:00","113.7"
"227",1825,"17-01-2021 20:00","17-01-2021 20:15","90.9"
"228",1826,"17-01-2021 20:15","17-01-2021 20:30","81.6"
"229",1827,"17-01-2021 20:30","17-01-2021 20:45","76.6"
"230",1828,"17-01-2021 20:45","17-01-2021 21:00","92.9"
"231",1829,"17-01-2021 21:00","17-01-2021 21:15","91.2"
"232",1830,"17-01-2021 21:15","17-01-2021 21:30","76.5"
"233",1831,"17-01-2021 21:30","17-01-2021 21:45","76.8"
"234",1832,"17-01-2021 21:45","17-01-2021 22:00","70.5"
"235",1833,"17-01-2021 22:00","17-01-2021 22:15","65.1"
"236",1834,"17-01-2021 22:15","17-01-2021 22:30","56.6"
"237",1835,"17-01-2021 22:30","17-01-2021 22:45","62.3"
"238",1836,"17-01-2021 22:45","17-01-2021 23:00","75.7"
"239",1837,"17-01-2021 23:00","17-01-2021 23:15","78.5"
"240",1838,"17-01-2021 23:15","17-01-2021 23:30","None"
"241",1839,"17-01-2021 23:30","17-01-2021 23:45","None"
"242",1840,"17-01-2021 23:45","18-01-2021 00:00","None"
"243",1841,"18-01-2021 00:00","18-01-2021 00:15","69.6"
"244",1842,"18-01-2021 00:15","18-01-2021 00:30","64.2"
"245",1843,"18-01-2021 00:30","18-01-2021 00:45","54.2"
"246",1844,"18-01-2021 00:45","18-01-2021 01:00","45.5"
"247",1845,"18-01-2021 01:00","18-01-2021 01:15","37.1"
"248",1846,"18-01-2021 01:15","18-01-2021 01:30","None"
"249",1847,"18-01-2021 01:30","18-01-2021 01:45","28.1"
"250",1848,"18-01-2021 01:45","18-01-2021 02:00","26.3"
"251",1849,"18-01-2021 02:00","18-01-2021 02:15","23.7"
"252",1850,"18-01-2021 02:15","18-01-2021 02:30","22.5"
"253",1851,"18-01-2021 02:30","18-01-2021 02:45","22.2"
"254",1852,"18-01-2021 02:45","18-01-2021 03:00","22.7"
"255",1853,"18-01-2021 03:00","18-01-2021 03:15","22"
"256",1854,"18-01-2021 03:15","18-01-2021 03:30","None"
"257",1855,"18-01-2021 03:30","18-01-2021 03:45","25.7"
"258",1856,"18-01-2021 03:45","18-01-2021 04:00","25.5"
"259",1857,"18-01-2021 04:00","18-01-2021 04:15","26.3"
"260",1858,"18-01-2021 04:15","18-01-2021 04:30","25"
"261",1859,"18-01-2021 04:30","18-01-2021 04:45","25.5"
"262",1860,"18-01-2021 04:45","18-01-2021 05:00","29.1"
"263",1861,"18-01-2021 05:00","18-01-2021 05:15","32.3"
"264",1862,"18-01-2021 05:15","18-01-2021 05:30","42.7"
"265",1863,"18-01-2021 05:30","18-01-2021 05:45","35.1"
"266",1864,"18-01-2021 05:45","18-01-2021 06:00","70.4"
"267",1865,"18-01-2021 06:00","18-01-2021 06:15","64.6"
"268",1866,"18-01-2021 06:15","18-01-2021 06:30","54.4"
"269",1867,"18-01-2021 06:30","18-01-2021 06:45","67.4"
"270",1868,"18-01-2021 06:45","18-01-2021 07:00","59.3"
"271",1869,"18-01-2021 07:00","18-01-2021 07:15","61"
"272",1870,"18-01-2021 07:15","18-01-2021 07:30","59.6"
"273",1871,"18-01-2021 07:30","18-01-2021 07:45","59.7"
"274",1872,"18-01-2021 07:45","18-01-2021 08:00","57.1"
"275",1873,"18-01-2021 08:00","18-01-2021 08:15","54.3"
"276",1874,"18-01-2021 08:15","18-01-2021 08:30","48.6"
"277",1875,"18-01-2021 08:30","18-01-2021 08:45","44.1"
"278",1876,"18-01-2021 08:45","18-01-2021 09:00","None"
"279",1877,"18-01-2021 09:00","18-01-2021 09:15","58.4"
"280",1878,"18-01-2021 09:15","18-01-2021 09:30","49.7"
"281",1879,"18-01-2021 09:30","18-01-2021 09:45","None"
"282",1880,"18-01-2021 09:45","18-01-2021 10:00","None"
"283",1881,"18-01-2021 10:00","18-01-2021 10:15","None"
"284",1882,"18-01-2021 10:15","18-01-2021 10:30","49.2"
"285",1883,"18-01-2021 10:30","18-01-2021 10:45","47.8"
"286",1884,"18-01-2021 10:45","18-01-2021 11:00","39.7"
"287",1885,"18-01-2021 11:00","18-01-2021 11:15","None"
"288",1886,"18-01-2021 11:15","18-01-2021 11:30","44.7"
"289",1887,"18-01-2021 11:30","18-01-2021 11:45","None"
"290",1888,"18-01-2021 11:45","18-01-2021 12:00","None"
"291",1889,"18-01-2021 12:00","18-01-2021 12:15","None"
"292",1890,"18-01-2021 12:15","18-01-2021 12:30","47"
"293",1891,"18-01-2021 12:30","18-01-2021 12:45","42.7"
"294",1892,"18-01-2021 12:45","18-01-2021 13:00","36.3"
"295",1893,"18-01-2021 13:00","18-01-2021 13:15","36"
"296",1894,"18-01-2021 13:15","18-01-2021 13:30","39.3"
"297",1895,"18-01-2021 13:30","18-01-2021 13:45","None"
"298",1896,"18-01-2021 13:45","18-01-2021 14:00","39.6"
"299",1897,"18-01-2021 14:00","18-01-2021 14:15","42.3"
"300",1898,"18-01-2021 14:15","18-01-2021 14:30","47.7"
"301",1899,"18-01-2021 14:30","18-01-2021 14:45","43.1"
"302",1900,"18-01-2021 14:45","18-01-2021 15:00","40.3"
"303",1901,"18-01-2021 15:00","18-01-2021 15:15","44.1"
"304",1902,"18-01-2021 15:15","18-01-2021 15:30","40.5"
"305",1903,"18-01-2021 15:30","18-01-2021 15:45","53.1"
"306",1904,"18-01-2021 15:45","18-01-2021 16:00","58"
"307",1905,"18-01-2021 16:00","18-01-2021 16:15","None"
"308",1906,"18-01-2021 16:15","18-01-2021 16:30","63.1"
"309",1907,"18-01-2021 16:30","18-01-2021 16:45","54"
"310",1908,"18-01-2021 16:45","18-01-2021 17:00","66.4"
"311",1909,"18-01-2021 17:00","18-01-2021 17:15","61.4"
"312",1910,"18-01-2021 17:15","18-01-2021 17:30","44.8"
"313",1911,"18-01-2021 17:30","18-01-2021 17:45","105.4"
"314",1912,"18-01-2021 17:45","18-01-2021 18:00","95.7"
"315",1913,"18-01-2021 18:00","18-01-2021 18:15","74.2"
"316",1914,"18-01-2021 18:15","18-01-2021 18:30","80.3"
"317",1915,"18-01-2021 18:30","18-01-2021 18:45","77.7"
"318",1916,"18-01-2021 18:45","18-01-2021 19:00","87.1"
"319",1917,"18-01-2021 19:00","18-01-2021 19:15","101.6"
"320",1918,"18-01-2021 19:15","18-01-2021 19:30","107.7"
"321",1919,"18-01-2021 19:30","18-01-2021 19:45","111.8"
"322",1920,"18-01-2021 19:45","18-01-2021 20:00","125.6"
"323",1921,"18-01-2021 20:00","18-01-2021 20:15","183.6"
"324",1922,"18-01-2021 20:15","18-01-2021 20:30","208.8"
"325",1923,"18-01-2021 20:30","18-01-2021 20:45","157.8"
"326",1924,"18-01-2021 20:45","18-01-2021 21:00","173.5"
"327",1925,"18-01-2021 21:00","18-01-2021 21:15","235.7"
"328",1926,"18-01-2021 21:15","18-01-2021 21:30","234.1"
"329",1927,"18-01-2021 21:30","18-01-2021 21:45","170.7"
"330",1928,"18-01-2021 21:45","18-01-2021 22:00","203.3"
"331",1929,"18-01-2021 22:00","18-01-2021 22:15","202.2"
"332",1930,"18-01-2021 22:15","18-01-2021 22:30","163.6"
"333",1931,"18-01-2021 22:30","18-01-2021 22:45","156.9"
"334",1932,"18-01-2021 22:45","18-01-2021 23:00","139.8"
"335",1933,"18-01-2021 23:00","18-01-2021 23:15","112.6"
"336",1934,"18-01-2021 23:15","18-01-2021 23:30","93"
"337",1935,"18-01-2021 23:30","18-01-2021 23:45","None"
"338",1936,"18-01-2021 23:45","19-01-2021 00:00","None"
"339",1937,"19-01-2021 00:00","19-01-2021 00:15","81.1"
"340",1938,"19-01-2021 00:15","19-01-2021 00:30","86.2"
"341",1939,"19-01-2021 00:30","19-01-2021 00:45","74.8"
"342",1940,"19-01-2021 00:45","19-01-2021 01:00","68.4"
"343",1941,"19-01-2021 01:00","19-01-2021 01:15","66.4"
"344",1942,"19-01-2021 01:15","19-01-2021 01:30","65.9"
"345",1943,"19-01-2021 01:30","19-01-2021 01:45","63.8"
"346",1944,"19-01-2021 01:45","19-01-2021 02:00","60.6"
"347",1945,"19-01-2021 02:00","19-01-2021 02:15","57.8"
"348",1946,"19-01-2021 02:15","19-01-2021 02:30","51"
"349",1947,"19-01-2021 02:30","19-01-2021 02:45","49.1"
"350",1948,"19-01-2021 02:45","19-01-2021 03:00","47.6"
"351",1949,"19-01-2021 03:00","19-01-2021 03:15","41.8"
"352",1950,"19-01-2021 03:15","19-01-2021 03:30","44.9"
"353",1951,"19-01-2021 03:30","19-01-2021 03:45","38.7"
"354",1952,"19-01-2021 03:45","19-01-2021 04:00","36.4"
"355",1953,"19-01-2021 04:00","19-01-2021 04:15","36"
"356",1954,"19-01-2021 04:15","19-01-2021 04:30","36"
"357",1955,"19-01-2021 04:30","19-01-2021 04:45","36.4"
"358",1956,"19-01-2021 04:45","19-01-2021 05:00","37.2"
"359",1957,"19-01-2021 05:00","19-01-2021 05:15","37.1"
"360",1958,"19-01-2021 05:15","19-01-2021 05:30","38.9"
"361",1959,"19-01-2021 05:30","19-01-2021 05:45","61.6"
"362",1960,"19-01-2021 05:45","19-01-2021 06:00","72.4"
"363",1961,"19-01-2021 06:00","19-01-2021 06:15","72.5"
"364",1962,"19-01-2021 06:15","19-01-2021 06:30","70.7"
"365",1963,"19-01-2021 06:30","19-01-2021 06:45","69.2"
"366",1964,"19-01-2021 06:45","19-01-2021 07:00","73.5"
"367",1965,"19-01-2021 07:00","19-01-2021 07:15","73.4"
"368",1966,"19-01-2021 07:15","19-01-2021 07:30","68.6"
"369",1967,"19-01-2021 07:30","19-01-2021 07:45","81.2"
"370",1968,"19-01-2021 07:45","19-01-2021 08:00","77"
"371",1969,"19-01-2021 08:00","19-01-2021 08:15","77.3"
"372",1970,"19-01-2021 08:15","19-01-2021 08:30","76.8"
"373",1971,"19-01-2021 08:30","19-01-2021 08:45","79.3"
"374",1972,"19-01-2021 08:45","19-01-2021 09:00","75.5"
"375",1973,"19-01-2021 09:00","19-01-2021 09:15","76.8"
"376",1974,"19-01-2021 09:15","19-01-2021 09:30","71"
"377",1975,"19-01-2021 09:30","19-01-2021 09:45","None"
"378",1976,"19-01-2021 09:45","19-01-2021 10:00","None"
"379",1977,"19-01-2021 10:00","19-01-2021 10:15","None"
"380",1978,"19-01-2021 10:15","19-01-2021 10:30","74.1"
"381",1979,"19-01-2021 10:30","19-01-2021 10:45","63.6"
"382",1980,"19-01-2021 10:45","19-01-2021 11:00","55.2"
"383",1981,"19-01-2021 11:00","19-01-2021 11:15","67.9"
"384",1982,"19-01-2021 11:15","19-01-2021 11:30","73.4"
"385",1983,"19-01-2021 11:30","19-01-2021 11:45","None"
"386",1984,"19-01-2021 11:45","19-01-2021 12:00","None"
"387",1985,"19-01-2021 12:00","19-01-2021 12:15","None"
"388",1986,"19-01-2021 12:15","19-01-2021 12:30","57.8"
"389",1987,"19-01-2021 12:30","19-01-2021 12:45","51.3"
"390",1988,"19-01-2021 12:45","19-01-2021 13:00","45.8"
"391",1989,"19-01-2021 13:00","19-01-2021 13:15","46.1"
"392",1990,"19-01-2021 13:15","19-01-2021 13:30","36"
"393",1991,"19-01-2021 13:30","19-01-2021 13:45","46.8"
"394",1992,"19-01-2021 13:45","19-01-2021 14:00","41.9"
"395",1993,"19-01-2021 14:00","19-01-2021 14:15","35.7"
"396",1994,"19-01-2021 14:15","19-01-2021 14:30","47.8"
"397",1995,"19-01-2021 14:30","19-01-2021 14:45","42"
"398",1996,"19-01-2021 14:45","19-01-2021 15:00","34"
"399",1997,"19-01-2021 15:00","19-01-2021 15:15","35.3"
"400",1998,"19-01-2021 15:15","19-01-2021 15:30","33.4"
"401",1999,"19-01-2021 15:30","19-01-2021 15:45","42"
"402",2000,"19-01-2021 15:45","19-01-2021 16:00","56.9"
"403",2001,"19-01-2021 16:00","19-01-2021 16:15","56.2"
"404",2002,"19-01-2021 16:15","19-01-2021 16:30","44.6"
"405",2003,"19-01-2021 16:30","19-01-2021 16:45","43.9"
"406",2004,"19-01-2021 16:45","19-01-2021 17:00","52"
"407",2005,"19-01-2021 17:00","19-01-2021 17:15","62.4"
"408",2006,"19-01-2021 17:15","19-01-2021 17:30","91"
"409",2007,"19-01-2021 17:30","19-01-2021 17:45","131.1"
"410",2008,"19-01-2021 17:45","19-01-2021 18:00","153.2"
"411",2009,"19-01-2021 18:00","19-01-2021 18:15","128.1"
"412",2010,"19-01-2021 18:15","19-01-2021 18:30","136.7"
"413",2011,"19-01-2021 18:30","19-01-2021 18:45","148.2"
"414",2012,"19-01-2021 18:45","19-01-2021 19:00","133.6"
"415",2013,"19-01-2021 19:00","19-01-2021 19:15","120.3"
"416",2014,"19-01-2021 19:15","19-01-2021 19:30","128.4"
"417",2015,"19-01-2021 19:30","19-01-2021 19:45","126.4"
"418",2016,"19-01-2021 19:45","19-01-2021 20:00","96.9"
"419",2017,"19-01-2021 20:00","19-01-2021 20:15","79"
"420",2018,"19-01-2021 20:15","19-01-2021 20:30","80.4"
"421",2019,"19-01-2021 20:30","19-01-2021 20:45","79.3"
"422",2020,"19-01-2021 20:45","19-01-2021 21:00","78.3"
"423",2021,"19-01-2021 21:00","19-01-2021 21:15","81.1"
"424",2022,"19-01-2021 21:15","19-01-2021 21:30","81.4"
"425",2023,"19-01-2021 21:30","19-01-2021 21:45","94.7"
"426",2024,"19-01-2021 21:45","19-01-2021 22:00","81.4"
"427",2025,"19-01-2021 22:00","19-01-2021 22:15","79.5"
"428",2026,"19-01-2021 22:15","19-01-2021 22:30","75.3"
"429",2027,"19-01-2021 22:30","19-01-2021 22:45","69.7"
"430",2028,"19-01-2021 22:45","19-01-2021 23:00","51.5"
"431",2029,"19-01-2021 23:00","19-01-2021 23:15","45.2"
"432",2030,"19-01-2021 23:15","19-01-2021 23:30","50.3"
"433",2031,"19-01-2021 23:30","19-01-2021 23:45","None"
"434",2032,"19-01-2021 23:45","20-01-2021 00:00","44"
"435",2033,"20-01-2021 00:00","20-01-2021 00:15","35"
"436",2034,"20-01-2021 00:15","20-01-2021 00:30","35.3"
"437",2035,"20-01-2021 00:30","20-01-2021 00:45","29.4"
"438",2036,"20-01-2021 00:45","20-01-2021 01:00","33.1"
"439",2037,"20-01-2021 01:00","20-01-2021 01:15","33.1"
"440",2038,"20-01-2021 01:15","20-01-2021 01:30","36.4"
"441",2039,"20-01-2021 01:30","20-01-2021 01:45","28.7"
"442",2040,"20-01-2021 01:45","20-01-2021 02:00","27"
"443",2041,"20-01-2021 02:00","20-01-2021 02:15","None"
"444",2042,"20-01-2021 02:15","20-01-2021 02:30","28.8"
"445",2043,"20-01-2021 02:30","20-01-2021 02:45","29.4"
"446",2044,"20-01-2021 02:45","20-01-2021 03:00","29.7"
"447",2045,"20-01-2021 03:00","20-01-2021 03:15","24.4"
"448",2046,"20-01-2021 03:15","20-01-2021 03:30","24.4"
"449",2047,"20-01-2021 03:30","20-01-2021 03:45","26.7"
"450",2048,"20-01-2021 03:45","20-01-2021 04:00","27"
"451",2049,"20-01-2021 04:00","20-01-2021 04:15","25.8"
"452",2050,"20-01-2021 04:15","20-01-2021 04:30","27.9"
"453",2051,"20-01-2021 04:30","20-01-2021 04:45","25.3"
"454",2052,"20-01-2021 04:45","20-01-2021 05:00","22.2"
"455",2053,"20-01-2021 05:00","20-01-2021 05:15","26.9"
"456",2054,"20-01-2021 05:15","20-01-2021 05:30","25.6"
"457",2055,"20-01-2021 05:30","20-01-2021 05:45","21.3"
"458",2056,"20-01-2021 05:45","20-01-2021 06:00","23.5"
"459",2057,"20-01-2021 06:00","20-01-2021 06:15","23.9"
"460",2058,"20-01-2021 06:15","20-01-2021 06:30","26.4"
"461",2059,"20-01-2021 06:30","20-01-2021 06:45","26.2"
"462",2060,"20-01-2021 06:45","20-01-2021 07:00","24.2"
"463",2061,"20-01-2021 07:00","20-01-2021 07:15","24.6"
"464",2062,"20-01-2021 07:15","20-01-2021 07:30","28.7"
"465",2063,"20-01-2021 07:30","20-01-2021 07:45","29.5"
"466",2064,"20-01-2021 07:45","20-01-2021 08:00","31.5"
"467",2065,"20-01-2021 08:00","20-01-2021 08:15","30.6"
"468",2066,"20-01-2021 08:15","20-01-2021 08:30","34.9"
"469",2067,"20-01-2021 08:30","20-01-2021 08:45","43"
"470",2068,"20-01-2021 08:45","20-01-2021 09:00","50.9"
"471",2069,"20-01-2021 09:00","20-01-2021 09:15","69.6"
"472",2070,"20-01-2021 09:15","20-01-2021 09:30","69.2"
"473",2071,"20-01-2021 09:30","20-01-2021 09:45","None"
"474",2072,"20-01-2021 09:45","20-01-2021 10:00","None"
"475",2073,"20-01-2021 10:00","20-01-2021 10:15","None"
"476",2074,"20-01-2021 10:15","20-01-2021 10:30","77.4"
"477",2075,"20-01-2021 10:30","20-01-2021 10:45","78.6"
"478",2076,"20-01-2021 10:45","20-01-2021 11:00","74.3"
"479",2077,"20-01-2021 11:00","20-01-2021 11:15","74.9"
"480",2078,"20-01-2021 11:15","20-01-2021 11:30","70.7"
"481",2079,"20-01-2021 11:30","20-01-2021 11:45","None"
"482",2080,"20-01-2021 11:45","20-01-2021 12:00","None"
"483",2081,"20-01-2021 12:00","20-01-2021 12:15","None"
"484",2082,"20-01-2021 12:15","20-01-2021 12:30","45.2"
"485",2083,"20-01-2021 12:30","20-01-2021 12:45","40.5"
"486",2084,"20-01-2021 12:45","20-01-2021 13:00","45.2"
"487",2085,"20-01-2021 13:00","20-01-2021 13:15","41"
"488",2086,"20-01-2021 13:15","20-01-2021 13:30","40.2"
"489",2087,"20-01-2021 13:30","20-01-2021 13:45","37.7"
"490",2088,"20-01-2021 13:45","20-01-2021 14:00","35"
"491",2089,"20-01-2021 14:00","20-01-2021 14:15","39.7"
"492",2090,"20-01-2021 14:15","20-01-2021 14:30","36.4"
"493",2091,"20-01-2021 14:30","20-01-2021 14:45","37.5"
"494",2092,"20-01-2021 14:45","20-01-2021 15:00","34.8"
"495",2093,"20-01-2021 15:00","20-01-2021 15:15","39.1"
"496",2094,"20-01-2021 15:15","20-01-2021 15:30","45.4"
"497",2095,"20-01-2021 15:30","20-01-2021 15:45","36.1"
"498",2096,"20-01-2021 15:45","20-01-2021 16:00","38"
"499",2097,"20-01-2021 16:00","20-01-2021 16:15","37.1"
"500",2098,"20-01-2021 16:15","20-01-2021 16:30","42.7"
"501",2099,"20-01-2021 16:30","20-01-2021 16:45","None"
"502",2100,"20-01-2021 16:45","20-01-2021 17:00","54.1"
"503",2101,"20-01-2021 17:00","20-01-2021 17:15","67.1"
"504",2102,"20-01-2021 17:15","20-01-2021 17:30","75.4"
"505",2103,"20-01-2021 17:30","20-01-2021 17:45","88.9"
"506",2104,"20-01-2021 17:45","20-01-2021 18:00","101.4"
"507",2105,"20-01-2021 18:00","20-01-2021 18:15","102.6"
"508",2106,"20-01-2021 18:15","20-01-2021 18:30","125"
"509",2107,"20-01-2021 18:30","20-01-2021 18:45","123"
"510",2108,"20-01-2021 18:45","20-01-2021 19:00","158.5"
"511",2109,"20-01-2021 19:00","20-01-2021 19:15","157.3"
"512",2110,"20-01-2021 19:15","20-01-2021 19:30","154.2"
"513",2111,"20-01-2021 19:30","20-01-2021 19:45","159"
"514",2112,"20-01-2021 19:45","20-01-2021 20:00","169.8"
"515",2113,"20-01-2021 20:00","20-01-2021 20:15","145.3"
"516",2114,"20-01-2021 20:15","20-01-2021 20:30","None"
"517",2115,"20-01-2021 20:30","20-01-2021 20:45","106.9"
"518",2116,"20-01-2021 20:45","20-01-2021 21:00","104.9"
"519",2117,"20-01-2021 21:00","20-01-2021 21:15","89.3"
"520",2118,"20-01-2021 21:15","20-01-2021 21:30","76.2"
"521",2119,"20-01-2021 21:30","20-01-2021 21:45","68.5"
"522",2120,"20-01-2021 21:45","20-01-2021 22:00","67.9"
"523",2121,"20-01-2021 22:00","20-01-2021 22:15","70.6"
"524",2122,"20-01-2021 22:15","20-01-2021 22:30","59.1"
"525",2123,"20-01-2021 22:30","20-01-2021 22:45","50.8"
"526",2124,"20-01-2021 22:45","20-01-2021 23:00","55.3"
"527",2125,"20-01-2021 23:00","20-01-2021 23:15","57.4"
"528",2126,"20-01-2021 23:15","20-01-2021 23:30","43.7"
"529",2127,"20-01-2021 23:30","20-01-2021 23:45","None"
"530",2128,"20-01-2021 23:45","21-01-2021 00:00","39.5"
"531",2129,"21-01-2021 00:00","21-01-2021 00:15","33.8"
"532",2130,"21-01-2021 00:15","21-01-2021 00:30","22.8"
"533",2131,"21-01-2021 00:30","21-01-2021 00:45","24.9"
"534",2132,"21-01-2021 00:45","21-01-2021 01:00","24.5"
"535",2133,"21-01-2021 01:00","21-01-2021 01:15","24.5"
"536",2134,"21-01-2021 01:15","21-01-2021 01:30","25"
"537",2135,"21-01-2021 01:30","21-01-2021 01:45","26.6"
"538",2136,"21-01-2021 01:45","21-01-2021 02:00","22.3"
"539",2137,"21-01-2021 02:00","21-01-2021 02:15","20.5"
"540",2138,"21-01-2021 02:15","21-01-2021 02:30","22.2"
"541",2139,"21-01-2021 02:30","21-01-2021 02:45","17.1"
"542",2140,"21-01-2021 02:45","21-01-2021 03:00","19.9"
"543",2141,"21-01-2021 03:00","21-01-2021 03:15","22.9"
"544",2142,"21-01-2021 03:15","21-01-2021 03:30","20.4"
"545",2143,"21-01-2021 03:30","21-01-2021 03:45","20.5"
"546",2144,"21-01-2021 03:45","21-01-2021 04:00","20.4"
"547",2145,"21-01-2021 04:00","21-01-2021 04:15","21.8"
"548",2146,"21-01-2021 04:15","21-01-2021 04:30","20.2"
"549",2147,"21-01-2021 04:30","21-01-2021 04:45","21.2"
"550",2148,"21-01-2021 04:45","21-01-2021 05:00","29.2"
"551",2149,"21-01-2021 05:00","21-01-2021 05:15","22"
"552",2150,"21-01-2021 05:15","21-01-2021 05:30","23.7"
"553",2151,"21-01-2021 05:30","21-01-2021 05:45","22.3"
"554",2152,"21-01-2021 05:45","21-01-2021 06:00","21.2"
"555",2153,"21-01-2021 06:00","21-01-2021 06:15","19.9"
"556",2154,"21-01-2021 06:15","21-01-2021 06:30","23.3"
"557",2155,"21-01-2021 06:30","21-01-2021 06:45","23.6"
"558",2156,"21-01-2021 06:45","21-01-2021 07:00","24.2"
"559",2157,"21-01-2021 07:00","21-01-2021 07:15","27"
"560",2158,"21-01-2021 07:15","21-01-2021 07:30","26.4"
"561",2159,"21-01-2021 07:30","21-01-2021 07:45","29.7"
"562",2160,"21-01-2021 07:45","21-01-2021 08:00","28.5"
"563",2161,"21-01-2021 08:00","21-01-2021 08:15","32.9"
"564",2162,"21-01-2021 08:15","21-01-2021 08:30","29.3"
"565",2163,"21-01-2021 08:30","21-01-2021 08:45","29.3"
"566",2164,"21-01-2021 08:45","21-01-2021 09:00","34.1"
"567",2165,"21-01-2021 09:00","21-01-2021 09:15","35.7"
"568",2166,"21-01-2021 09:15","21-01-2021 09:30","32.2"
"569",2167,"21-01-2021 09:30","21-01-2021 09:45","None"
"570",2168,"21-01-2021 09:45","21-01-2021 10:00","None"
"571",2169,"21-01-2021 10:00","21-01-2021 10:15","None"
"572",2170,"21-01-2021 10:15","21-01-2021 10:30","35.6"
"573",2171,"21-01-2021 10:30","21-01-2021 10:45","38.9"
"574",2172,"21-01-2021 10:45","21-01-2021 11:00","35.4"
"575",2173,"21-01-2021 11:00","21-01-2021 11:15","37"
"576",2174,"21-01-2021 11:15","21-01-2021 11:30","39.4"
"577",2175,"21-01-2021 11:30","21-01-2021 11:45","None"
"578",2176,"21-01-2021 11:45","21-01-2021 12:00","None"
"579",2177,"21-01-2021 12:00","21-01-2021 12:15","None"
"580",2178,"21-01-2021 12:15","21-01-2021 12:30","313.9"
"581",2179,"21-01-2021 12:30","21-01-2021 12:45","357.6"
"582",2180,"21-01-2021 12:45","21-01-2021 13:00","191.3"
"583",2181,"21-01-2021 13:00","21-01-2021 13:15","23.3"
"584",2182,"21-01-2021 13:15","21-01-2021 13:30","37.9"
"585",2183,"21-01-2021 13:30","21-01-2021 13:45","36.6"
"586",2184,"21-01-2021 13:45","21-01-2021 14:00","40.5"
"587",2185,"21-01-2021 14:00","21-01-2021 14:15","42.1"
"588",2186,"21-01-2021 14:15","21-01-2021 14:30","38.5"
"589",2187,"21-01-2021 14:30","21-01-2021 14:45","39"
"590",2188,"21-01-2021 14:45","21-01-2021 15:00","37.1"
"591",2189,"21-01-2021 15:00","21-01-2021 15:15","36"
"592",2190,"21-01-2021 15:15","21-01-2021 15:30","None"
"593",2191,"21-01-2021 15:30","21-01-2021 15:45","34.9"
"594",2192,"21-01-2021 15:45","21-01-2021 16:00","33.9"
"595",2193,"21-01-2021 16:00","21-01-2021 16:15","33.5"
"596",2194,"21-01-2021 16:15","21-01-2021 16:30","35.2"
"597",2195,"21-01-2021 16:30","21-01-2021 16:45","38"
"598",2196,"21-01-2021 16:45","21-01-2021 17:00","49.5"
"599",2197,"21-01-2021 17:00","21-01-2021 17:15","64.9"
"600",2198,"21-01-2021 17:15","21-01-2021 17:30","67.7"
"601",2199,"21-01-2021 17:30","21-01-2021 17:45","86.6"
"602",2200,"21-01-2021 17:45","21-01-2021 18:00","None"
"603",2201,"21-01-2021 18:00","21-01-2021 18:15","149.2"
"604",2202,"21-01-2021 18:15","21-01-2021 18:30","None"
"605",2203,"21-01-2021 18:30","21-01-2021 18:45","182.1"
"606",2204,"21-01-2021 18:45","21-01-2021 19:00","162.4"
"607",2205,"21-01-2021 19:00","21-01-2021 19:15","189.8"
"608",2206,"21-01-2021 19:15","21-01-2021 19:30","308.3"
"609",2207,"21-01-2021 19:30","21-01-2021 19:45","263.8"
"610",2208,"21-01-2021 19:45","21-01-2021 20:00","228.9"
"611",2209,"21-01-2021 20:00","21-01-2021 20:15","258.5"
"612",2210,"21-01-2021 20:15","21-01-2021 20:30","303.9"
"613",2211,"21-01-2021 20:30","21-01-2021 20:45","291.3"
"614",2212,"21-01-2021 20:45","21-01-2021 21:00","313.9"
"615",2213,"21-01-2021 21:00","21-01-2021 21:15","230"
"616",2214,"21-01-2021 21:15","21-01-2021 21:30","122.2"
"617",2215,"21-01-2021 21:30","21-01-2021 21:45","89"
"618",2216,"21-01-2021 21:45","21-01-2021 22:00","66.6"
"619",2217,"21-01-2021 22:00","21-01-2021 22:15","58.9"
"620",2218,"21-01-2021 22:15","21-01-2021 22:30","47"
"621",2219,"21-01-2021 22:30","21-01-2021 22:45","46"
"622",2220,"21-01-2021 22:45","21-01-2021 23:00","43"
"623",2221,"21-01-2021 23:00","21-01-2021 23:15","39.5"
"624",2222,"21-01-2021 23:15","21-01-2021 23:30","37.7"
"625",2223,"21-01-2021 23:30","21-01-2021 23:45","None"
"626",2224,"21-01-2021 23:45","22-01-2021 00:00","None"
"627",2225,"22-01-2021 00:00","22-01-2021 00:15","28.5"
"628",2226,"22-01-2021 00:15","22-01-2021 00:30","28.6"
"629",2227,"22-01-2021 00:30","22-01-2021 00:45","28.2"
"630",2228,"22-01-2021 00:45","22-01-2021 01:00","26.2"
"631",2229,"22-01-2021 01:00","22-01-2021 01:15","23.9"
"632",2230,"22-01-2021 01:15","22-01-2021 01:30","24.6"
"633",2231,"22-01-2021 01:30","22-01-2021 01:45","26.2"
"634",2232,"22-01-2021 01:45","22-01-2021 02:00","25.1"
"635",2233,"22-01-2021 02:00","22-01-2021 02:15","25.8"
"636",2234,"22-01-2021 02:15","22-01-2021 02:30","26.9"
"637",2235,"22-01-2021 02:30","22-01-2021 02:45","29.6"
"638",2236,"22-01-2021 02:45","22-01-2021 03:00","30.4"
"639",2237,"22-01-2021 03:00","22-01-2021 03:15","30.6"
"640",2238,"22-01-2021 03:15","22-01-2021 03:30","29.9"
"641",2239,"22-01-2021 03:30","22-01-2021 03:45","25.2"
"642",2240,"22-01-2021 03:45","22-01-2021 04:00","21.9"
"643",2241,"22-01-2021 04:00","22-01-2021 04:15","23.5"
"644",2242,"22-01-2021 04:15","22-01-2021 04:30","22.4"
"645",2243,"22-01-2021 04:30","22-01-2021 04:45","23.5"
"646",2244,"22-01-2021 04:45","22-01-2021 05:00","23.2"
"647",2245,"22-01-2021 05:00","22-01-2021 05:15","19.9"
"648",2246,"22-01-2021 05:15","22-01-2021 05:30","26.3"
"649",2247,"22-01-2021 05:30","22-01-2021 05:45","32.6"
"650",2248,"22-01-2021 05:45","22-01-2021 06:00","33.3"
"651",2249,"22-01-2021 06:00","22-01-2021 06:15","26.5"
"652",2250,"22-01-2021 06:15","22-01-2021 06:30","27.4"
"653",2251,"22-01-2021 06:30","22-01-2021 06:45","26.4"
"654",2252,"22-01-2021 06:45","22-01-2021 07:00","30.7"
"655",2253,"22-01-2021 07:00","22-01-2021 07:15","28.4"
"656",2254,"22-01-2021 07:15","22-01-2021 07:30","33.2"
"657",2255,"22-01-2021 07:30","22-01-2021 07:45","30.9"
"658",2256,"22-01-2021 07:45","22-01-2021 08:00","33.5"
"659",2257,"22-01-2021 08:00","22-01-2021 08:15","43.5"
"660",2258,"22-01-2021 08:15","22-01-2021 08:30","43.8"
"661",2259,"22-01-2021 08:30","22-01-2021 08:45","46.6"
"662",2260,"22-01-2021 08:45","22-01-2021 09:00","52.5"
"663",2261,"22-01-2021 09:00","22-01-2021 09:15","45.3"
"664",2262,"22-01-2021 09:15","22-01-2021 09:30","48.9"
"665",2263,"22-01-2021 09:30","22-01-2021 09:45","None"
"666",2264,"22-01-2021 09:45","22-01-2021 10:00","None"
"667",2265,"22-01-2021 10:00","22-01-2021 10:15","None"
"668",2266,"22-01-2021 10:15","22-01-2021 10:30","49.6"
"669",2267,"22-01-2021 10:30","22-01-2021 10:45","55.5"
"670",2268,"22-01-2021 10:45","22-01-2021 11:00","50.6"
"671",2269,"22-01-2021 11:00","22-01-2021 11:15","47.9"
"672",2270,"22-01-2021 11:15","22-01-2021 11:30","42.9"
"673",2271,"22-01-2021 11:30","22-01-2021 11:45","None"
"674",2272,"22-01-2021 11:45","22-01-2021 12:00","None"
"675",2273,"22-01-2021 12:00","22-01-2021 12:15","None"
"676",2274,"22-01-2021 12:15","22-01-2021 12:30","314.6"
"677",2275,"22-01-2021 12:30","22-01-2021 12:45","267.5"
"678",2276,"22-01-2021 12:45","22-01-2021 13:00","59.7"
"679",2277,"22-01-2021 13:00","22-01-2021 13:15","54.7"
"680",2278,"22-01-2021 13:15","22-01-2021 13:30","50.3"
"681",2279,"22-01-2021 13:30","22-01-2021 13:45","51"
"682",2280,"22-01-2021 13:45","22-01-2021 14:00","51"
"683",2281,"22-01-2021 14:00","22-01-2021 14:15","56.1"
"684",2282,"22-01-2021 14:15","22-01-2021 14:30","52"
"685",2283,"22-01-2021 14:30","22-01-2021 14:45","48"
"686",2284,"22-01-2021 14:45","22-01-2021 15:00","45.5"
"687",2285,"22-01-2021 15:00","22-01-2021 15:15","None"
"688",2286,"22-01-2021 15:15","22-01-2021 15:30","51.9"
"689",2287,"22-01-2021 15:30","22-01-2021 15:45","46.6"
"690",2288,"22-01-2021 15:45","22-01-2021 16:00","52.6"
"691",2289,"22-01-2021 16:00","22-01-2021 16:15","47.4"
"692",2290,"22-01-2021 16:15","22-01-2021 16:30","None"
"693",2291,"22-01-2021 16:30","22-01-2021 16:45","47.6"
"694",2292,"22-01-2021 16:45","22-01-2021 17:00","56.6"
"695",2293,"22-01-2021 17:00","22-01-2021 17:15","59.9"
"696",2294,"22-01-2021 17:15","22-01-2021 17:30","51.9"
"697",2295,"22-01-2021 17:30","22-01-2021 17:45","55.2"
"698",2296,"22-01-2021 17:45","22-01-2021 18:00","53.9"
"699",2297,"22-01-2021 18:00","22-01-2021 18:15","62.9"
"700",2298,"22-01-2021 18:15","22-01-2021 18:30","55.7"
"701",2299,"22-01-2021 18:30","22-01-2021 18:45","61.6"
"702",2300,"22-01-2021 18:45","22-01-2021 19:00","50.3"
"703",2301,"22-01-2021 19:00","22-01-2021 19:15","47.5"
"704",2302,"22-01-2021 19:15","22-01-2021 19:30","50.7"
"705",2303,"22-01-2021 19:30","22-01-2021 19:45","51.2"
"706",2304,"22-01-2021 19:45","22-01-2021 20:00","45.2"
"707",2305,"22-01-2021 20:00","22-01-2021 20:15","45.2"
"708",2306,"22-01-2021 20:15","22-01-2021 20:30","38.5"
"709",2307,"22-01-2021 20:30","22-01-2021 20:45","44.8"
"710",2308,"22-01-2021 20:45","22-01-2021 21:00","43.5"
"711",2309,"22-01-2021 21:00","22-01-2021 21:15","45.5"
"712",2310,"22-01-2021 21:15","22-01-2021 21:30","41.4"
"713",2311,"22-01-2021 21:30","22-01-2021 21:45","37.5"
"714",2312,"22-01-2021 21:45","22-01-2021 22:00","35.2"
"715",2313,"22-01-2021 22:00","22-01-2021 22:15","28.7"
"716",2314,"22-01-2021 22:15","22-01-2021 22:30","31.5"
"717",2315,"22-01-2021 22:30","22-01-2021 22:45","27.6"
"718",2316,"22-01-2021 22:45","22-01-2021 23:00","28.7"
"719",2317,"22-01-2021 23:00","22-01-2021 23:15","23.5"
"720",2318,"22-01-2021 23:15","22-01-2021 23:30","24.7"
"721",2319,"22-01-2021 23:30","22-01-2021 23:45","None"
"722",2320,"22-01-2021 23:45","23-01-2021 00:00","19.6"
"723",2321,"23-01-2021 00:00","23-01-2021 00:15","20.2"
"724",2322,"23-01-2021 00:15","23-01-2021 00:30","18.9"
"725",2323,"23-01-2021 00:30","23-01-2021 00:45","19.6"
"726",2324,"23-01-2021 00:45","23-01-2021 01:00","20.2"
"727",2325,"23-01-2021 01:00","23-01-2021 01:15","21.7"
"728",2326,"23-01-2021 01:15","23-01-2021 01:30","23.8"
"729",2327,"23-01-2021 01:30","23-01-2021 01:45","None"
"730",2328,"23-01-2021 01:45","23-01-2021 02:00","27.4"
"731",2329,"23-01-2021 02:00","23-01-2021 02:15","29.1"
"732",2330,"23-01-2021 02:15","23-01-2021 02:30","31.4"
"733",2331,"23-01-2021 02:30","23-01-2021 02:45","28.6"
"734",2332,"23-01-2021 02:45","23-01-2021 03:00","23.4"
"735",2333,"23-01-2021 03:00","23-01-2021 03:15","23.7"
"736",2334,"23-01-2021 03:15","23-01-2021 03:30","20.7"
"737",2335,"23-01-2021 03:30","23-01-2021 03:45","17.8"
"738",2336,"23-01-2021 03:45","23-01-2021 04:00","18.8"
"739",2337,"23-01-2021 04:00","23-01-2021 04:15","15.7"
"740",2338,"23-01-2021 04:15","23-01-2021 04:30","18.1"
"741",2339,"23-01-2021 04:30","23-01-2021 04:45","16.5"
"742",2340,"23-01-2021 04:45","23-01-2021 05:00","16.2"
"743",2341,"23-01-2021 05:00","23-01-2021 05:15","15.5"
"744",2342,"23-01-2021 05:15","23-01-2021 05:30","18.9"
"745",2343,"23-01-2021 05:30","23-01-2021 05:45","18.2"
"746",2344,"23-01-2021 05:45","23-01-2021 06:00","17.6"
"747",2345,"23-01-2021 06:00","23-01-2021 06:15","19.5"
"748",2346,"23-01-2021 06:15","23-01-2021 06:30","18.7"
"749",2347,"23-01-2021 06:30","23-01-2021 06:45","20.3"
"750",2348,"23-01-2021 06:45","23-01-2021 07:00","19.6"
"751",2349,"23-01-2021 07:00","23-01-2021 07:15","19.2"
"752",2350,"23-01-2021 07:15","23-01-2021 07:30","21.9"
"753",2351,"23-01-2021 07:30","23-01-2021 07:45","21"
"754",2352,"23-01-2021 07:45","23-01-2021 08:00","21.6"
"755",2353,"23-01-2021 08:00","23-01-2021 08:15","26.4"
"756",2354,"23-01-2021 08:15","23-01-2021 08:30","26.2"
"757",2355,"23-01-2021 08:30","23-01-2021 08:45","27.2"
"758",2356,"23-01-2021 08:45","23-01-2021 09:00","24.4"
"759",2357,"23-01-2021 09:00","23-01-2021 09:15","25.4"
"760",2358,"23-01-2021 09:15","23-01-2021 09:30","23.2"
"761",2359,"23-01-2021 09:30","23-01-2021 09:45","None"
"762",2360,"23-01-2021 09:45","23-01-2021 10:00","None"
"763",2361,"23-01-2021 10:00","23-01-2021 10:15","None"
"764",2362,"23-01-2021 10:15","23-01-2021 10:30","36"
"765",2363,"23-01-2021 10:30","23-01-2021 10:45","35.8"
"766",2364,"23-01-2021 10:45","23-01-2021 11:00","35.1"
"767",2365,"23-01-2021 11:00","23-01-2021 11:15","38.4"
"768",2366,"23-01-2021 11:15","23-01-2021 11:30","36.8"
"769",2367,"23-01-2021 11:30","23-01-2021 11:45","None"
"770",2368,"23-01-2021 11:45","23-01-2021 12:00","None"
"771",2369,"23-01-2021 12:00","23-01-2021 12:15","None"
"772",2370,"23-01-2021 12:15","23-01-2021 12:30","347.1"
"773",2371,"23-01-2021 12:30","23-01-2021 12:45","382"
"774",2372,"23-01-2021 12:45","23-01-2021 13:00","209.7"
"775",2373,"23-01-2021 13:00","23-01-2021 13:15","39.4"
"776",2374,"23-01-2021 13:15","23-01-2021 13:30","40.8"
"777",2375,"23-01-2021 13:30","23-01-2021 13:45","39.8"
"778",2376,"23-01-2021 13:45","23-01-2021 14:00","35.8"
"779",2377,"23-01-2021 14:00","23-01-2021 14:15","36.2"
"780",2378,"23-01-2021 14:15","23-01-2021 14:30","36"
"781",2379,"23-01-2021 14:30","23-01-2021 14:45","43.3"
"782",2380,"23-01-2021 14:45","23-01-2021 15:00","39.7"
"783",2381,"23-01-2021 15:00","23-01-2021 15:15","43.8"
"784",2382,"23-01-2021 15:15","23-01-2021 15:30","None"
"785",2383,"23-01-2021 15:30","23-01-2021 15:45","44.6"
"786",2384,"23-01-2021 15:45","23-01-2021 16:00","46.1"
"787",2385,"23-01-2021 16:00","23-01-2021 16:15","46.6"
"788",2386,"23-01-2021 16:15","23-01-2021 16:30","51.1"
"789",2387,"23-01-2021 16:30","23-01-2021 16:45","51.5"
"790",2388,"23-01-2021 16:45","23-01-2021 17:00","52.8"
"791",2389,"23-01-2021 17:00","23-01-2021 17:15","66.1"
"792",2390,"23-01-2021 17:15","23-01-2021 17:30","62.4"
"793",2391,"23-01-2021 17:30","23-01-2021 17:45","73.5"
