"","X","X0","X1","X3"
"1",1599,"15-01-2021 11:30","15-01-2021 11:45","None"
"2",1600,"15-01-2021 11:45","15-01-2021 12:00","None"
"3",1601,"15-01-2021 12:00","15-01-2021 12:15","None"
"4",1602,"15-01-2021 12:15","15-01-2021 12:30","12.2"
"5",1603,"15-01-2021 12:30","15-01-2021 12:45","5.9"
"6",1604,"15-01-2021 12:45","15-01-2021 13:00","7.8"
"7",1605,"15-01-2021 13:00","15-01-2021 13:15","None"
"8",1606,"15-01-2021 13:15","15-01-2021 13:30","7.1"
"9",1607,"15-01-2021 13:30","15-01-2021 13:45","5.4"
"10",1608,"15-01-2021 13:45","15-01-2021 14:00","6.2"
"11",1609,"15-01-2021 14:00","15-01-2021 14:15","6.7"
"12",1610,"15-01-2021 14:15","15-01-2021 14:30","6.9"
"13",1611,"15-01-2021 14:30","15-01-2021 14:45","None"
"14",1612,"15-01-2021 14:45","15-01-2021 15:00","9"
"15",1613,"15-01-2021 15:00","15-01-2021 15:15","9.9"
"16",1614,"15-01-2021 15:15","15-01-2021 15:30","6.2"
"17",1615,"15-01-2021 15:30","15-01-2021 15:45","10.5"
"18",1616,"15-01-2021 15:45","15-01-2021 16:00","6.5"
"19",1617,"15-01-2021 16:00","15-01-2021 16:15","13.4"
"20",1618,"15-01-2021 16:15","15-01-2021 16:30","8.3"
"21",1619,"15-01-2021 16:30","15-01-2021 16:45","5.8"
"22",1620,"15-01-2021 16:45","15-01-2021 17:00","10.5"
"23",1621,"15-01-2021 17:00","15-01-2021 17:15","8.7"
"24",1622,"15-01-2021 17:15","15-01-2021 17:30","18.6"
"25",1623,"15-01-2021 17:30","15-01-2021 17:45","43.7"
"26",1624,"15-01-2021 17:45","15-01-2021 18:00","80.5"
"27",1625,"15-01-2021 18:00","15-01-2021 18:15","78.2"
"28",1626,"15-01-2021 18:15","15-01-2021 18:30","81"
"29",1627,"15-01-2021 18:30","15-01-2021 18:45","60.5"
"30",1628,"15-01-2021 18:45","15-01-2021 19:00","None"
"31",1629,"15-01-2021 19:00","15-01-2021 19:15","294.3"
"32",1630,"15-01-2021 19:15","15-01-2021 19:30","232.5"
"33",1631,"15-01-2021 19:30","15-01-2021 19:45","229.5"
"34",1632,"15-01-2021 19:45","15-01-2021 20:00","278.9"
"35",1633,"15-01-2021 20:00","15-01-2021 20:15","None"
"36",1634,"15-01-2021 20:15","15-01-2021 20:30","231.6"
"37",1635,"15-01-2021 20:30","15-01-2021 20:45","347.7"
"38",1636,"15-01-2021 20:45","15-01-2021 21:00","434.8"
"39",1637,"15-01-2021 21:00","15-01-2021 21:15","472"
"40",1638,"15-01-2021 21:15","15-01-2021 21:30","None"
"41",1639,"15-01-2021 21:30","15-01-2021 21:45","None"
"42",1640,"15-01-2021 21:45","15-01-2021 22:00","436.6"
"43",1641,"15-01-2021 22:00","15-01-2021 22:15","465.6"
"44",1642,"15-01-2021 22:15","15-01-2021 22:30","454.8"
"45",1643,"15-01-2021 22:30","15-01-2021 22:45","440.1"
"46",1644,"15-01-2021 22:45","15-01-2021 23:00","401.9"
"47",1645,"15-01-2021 23:00","15-01-2021 23:15","393.1"
"48",1646,"15-01-2021 23:15","15-01-2021 23:30","380.1"
"49",1647,"15-01-2021 23:30","15-01-2021 23:45","None"
"50",1648,"15-01-2021 23:45","16-01-2021 00:00","None"
"51",1649,"16-01-2021 00:00","16-01-2021 00:15","373.9"
"52",1650,"16-01-2021 00:15","16-01-2021 00:30","366.9"
"53",1651,"16-01-2021 00:30","16-01-2021 00:45","None"
"54",1652,"16-01-2021 00:45","16-01-2021 01:00","363"
"55",1653,"16-01-2021 01:00","16-01-2021 01:15","323.4"
"56",1654,"16-01-2021 01:15","16-01-2021 01:30","None"
"57",1655,"16-01-2021 01:30","16-01-2021 01:45","272.9"
"58",1656,"16-01-2021 01:45","16-01-2021 02:00","265.6"
"59",1657,"16-01-2021 02:00","16-01-2021 02:15","312.8"
"60",1658,"16-01-2021 02:15","16-01-2021 02:30","364.7"
"61",1659,"16-01-2021 02:30","16-01-2021 02:45","339.9"
"62",1660,"16-01-2021 02:45","16-01-2021 03:00","254.3"
"63",1661,"16-01-2021 03:00","16-01-2021 03:15","None"
"64",1662,"16-01-2021 03:15","16-01-2021 03:30","167.3"
"65",1663,"16-01-2021 03:30","16-01-2021 03:45","207.4"
"66",1664,"16-01-2021 03:45","16-01-2021 04:00","149.1"
"67",1665,"16-01-2021 04:00","16-01-2021 04:15","58.7"
"68",1666,"16-01-2021 04:15","16-01-2021 04:30","40.5"
"69",1667,"16-01-2021 04:30","16-01-2021 04:45","41.9"
"70",1668,"16-01-2021 04:45","16-01-2021 05:00","40.7"
"71",1669,"16-01-2021 05:00","16-01-2021 05:15","6.8"
"72",1670,"16-01-2021 05:15","16-01-2021 05:30","4.6"
"73",1671,"16-01-2021 05:30","16-01-2021 05:45","2.2"
"74",1672,"16-01-2021 05:45","16-01-2021 06:00","None"
"75",1673,"16-01-2021 06:00","16-01-2021 06:15","4.3"
"76",1674,"16-01-2021 06:15","16-01-2021 06:30","8.1"
"77",1675,"16-01-2021 06:30","16-01-2021 06:45","6.5"
"78",1676,"16-01-2021 06:45","16-01-2021 07:00","4.8"
"79",1677,"16-01-2021 07:00","16-01-2021 07:15","5"
"80",1678,"16-01-2021 07:15","16-01-2021 07:30","10.3"
"81",1679,"16-01-2021 07:30","16-01-2021 07:45","14.8"
"82",1680,"16-01-2021 07:45","16-01-2021 08:00","13.7"
"83",1681,"16-01-2021 08:00","16-01-2021 08:15","17.4"
"84",1682,"16-01-2021 08:15","16-01-2021 08:30","21.9"
"85",1683,"16-01-2021 08:30","16-01-2021 08:45","21.9"
"86",1684,"16-01-2021 08:45","16-01-2021 09:00","20.4"
"87",1685,"16-01-2021 09:00","16-01-2021 09:15","23.2"
"88",1686,"16-01-2021 09:15","16-01-2021 09:30","34.5"
"89",1687,"16-01-2021 09:30","16-01-2021 09:45","None"
"90",1688,"16-01-2021 09:45","16-01-2021 10:00","None"
"91",1689,"16-01-2021 10:00","16-01-2021 10:15","None"
"92",1690,"16-01-2021 10:15","16-01-2021 10:30","30.2"
"93",1691,"16-01-2021 10:30","16-01-2021 10:45","37.7"
"94",1692,"16-01-2021 10:45","16-01-2021 11:00","32.3"
"95",1693,"16-01-2021 11:00","16-01-2021 11:15","23"
"96",1694,"16-01-2021 11:15","16-01-2021 11:30","17.7"
"97",1695,"16-01-2021 11:30","16-01-2021 11:45","None"
"98",1696,"16-01-2021 11:45","16-01-2021 12:00","None"
"99",1697,"16-01-2021 12:00","16-01-2021 12:15","None"
"100",1698,"16-01-2021 12:15","16-01-2021 12:30","380"
"101",1699,"16-01-2021 12:30","16-01-2021 12:45","341.2"
"102",1700,"16-01-2021 12:45","16-01-2021 13:00","4.6"
"103",1701,"16-01-2021 13:00","16-01-2021 13:15","12.5"
"104",1702,"16-01-2021 13:15","16-01-2021 13:30","15.3"
"105",1703,"16-01-2021 13:30","16-01-2021 13:45","10.6"
"106",1704,"16-01-2021 13:45","16-01-2021 14:00","9.5"
"107",1705,"16-01-2021 14:00","16-01-2021 14:15","7.7"
"108",1706,"16-01-2021 14:15","16-01-2021 14:30","9.9"
"109",1707,"16-01-2021 14:30","16-01-2021 14:45","4.5"
"110",1708,"16-01-2021 14:45","16-01-2021 15:00","7"
"111",1709,"16-01-2021 15:00","16-01-2021 15:15","6.8"
"112",1710,"16-01-2021 15:15","16-01-2021 15:30","None"
"113",1711,"16-01-2021 15:30","16-01-2021 15:45","7.9"
"114",1712,"16-01-2021 15:45","16-01-2021 16:00","5.5"
"115",1713,"16-01-2021 16:00","16-01-2021 16:15","9.1"
"116",1714,"16-01-2021 16:15","16-01-2021 16:30","9.7"
"117",1715,"16-01-2021 16:30","16-01-2021 16:45","9.1"
"118",1716,"16-01-2021 16:45","16-01-2021 17:00","13.7"
"119",1717,"16-01-2021 17:00","16-01-2021 17:15","18.8"
"120",1718,"16-01-2021 17:15","16-01-2021 17:30","50.8"
"121",1719,"16-01-2021 17:30","16-01-2021 17:45","152.9"
"122",1720,"16-01-2021 17:45","16-01-2021 18:00","None"
"123",1721,"16-01-2021 18:00","16-01-2021 18:15","201.4"
"124",1722,"16-01-2021 18:15","16-01-2021 18:30","265.6"
"125",1723,"16-01-2021 18:30","16-01-2021 18:45","213.8"
"126",1724,"16-01-2021 18:45","16-01-2021 19:00","227.6"
"127",1725,"16-01-2021 19:00","16-01-2021 19:15","289.3"
"128",1726,"16-01-2021 19:15","16-01-2021 19:30","322.3"
"129",1727,"16-01-2021 19:30","16-01-2021 19:45","233.3"
"130",1728,"16-01-2021 19:45","16-01-2021 20:00","259.3"
"131",1729,"16-01-2021 20:00","16-01-2021 20:15","250.1"
"132",1730,"16-01-2021 20:15","16-01-2021 20:30","139.3"
"133",1731,"16-01-2021 20:30","16-01-2021 20:45","78.8"
"134",1732,"16-01-2021 20:45","16-01-2021 21:00","74.8"
"135",1733,"16-01-2021 21:00","16-01-2021 21:15","157"
"136",1734,"16-01-2021 21:15","16-01-2021 21:30","158.4"
"137",1735,"16-01-2021 21:30","16-01-2021 21:45","183.4"
"138",1736,"16-01-2021 21:45","16-01-2021 22:00","None"
"139",1737,"16-01-2021 22:00","16-01-2021 22:15","45.2"
"140",1738,"16-01-2021 22:15","16-01-2021 22:30","60.6"
"141",1739,"16-01-2021 22:30","16-01-2021 22:45","101.8"
"142",1740,"16-01-2021 22:45","16-01-2021 23:00","62.2"
"143",1741,"16-01-2021 23:00","16-01-2021 23:15","24.4"
"144",1742,"16-01-2021 23:15","16-01-2021 23:30","2.9"
"145",1743,"16-01-2021 23:30","16-01-2021 23:45","None"
"146",1744,"16-01-2021 23:45","17-01-2021 00:00","4.7"
"147",1745,"17-01-2021 00:00","17-01-2021 00:15","2.8"
"148",1746,"17-01-2021 00:15","17-01-2021 00:30","2.9"
"149",1747,"17-01-2021 00:30","17-01-2021 00:45","4.5"
"150",1748,"17-01-2021 00:45","17-01-2021 01:00","5.3"
"151",1749,"17-01-2021 01:00","17-01-2021 01:15","4.7"
"152",1750,"17-01-2021 01:15","17-01-2021 01:30","5.7"
"153",1751,"17-01-2021 01:30","17-01-2021 01:45","0.8"
"154",1752,"17-01-2021 01:45","17-01-2021 02:00","5.3"
"155",1753,"17-01-2021 02:00","17-01-2021 02:15","4.8"
"156",1754,"17-01-2021 02:15","17-01-2021 02:30","10"
"157",1755,"17-01-2021 02:30","17-01-2021 02:45","5.4"
"158",1756,"17-01-2021 02:45","17-01-2021 03:00","3.2"
"159",1757,"17-01-2021 03:00","17-01-2021 03:15","3.5"
"160",1758,"17-01-2021 03:15","17-01-2021 03:30","2.2"
"161",1759,"17-01-2021 03:30","17-01-2021 03:45","3.6"
"162",1760,"17-01-2021 03:45","17-01-2021 04:00","6.6"
"163",1761,"17-01-2021 04:00","17-01-2021 04:15","6.7"
"164",1762,"17-01-2021 04:15","17-01-2021 04:30","None"
"165",1763,"17-01-2021 04:30","17-01-2021 04:45","1.5"
"166",1764,"17-01-2021 04:45","17-01-2021 05:00","6.5"
"167",1765,"17-01-2021 05:00","17-01-2021 05:15","2.5"
"168",1766,"17-01-2021 05:15","17-01-2021 05:30","3.1"
"169",1767,"17-01-2021 05:30","17-01-2021 05:45","0.5"
"170",1768,"17-01-2021 05:45","17-01-2021 06:00","2.8"
"171",1769,"17-01-2021 06:00","17-01-2021 06:15","2.2"
"172",1770,"17-01-2021 06:15","17-01-2021 06:30","1.2"
"173",1771,"17-01-2021 06:30","17-01-2021 06:45","5.2"
"174",1772,"17-01-2021 06:45","17-01-2021 07:00","1.2"
"175",1773,"17-01-2021 07:00","17-01-2021 07:15","4.8"
"176",1774,"17-01-2021 07:15","17-01-2021 07:30","6.1"
"177",1775,"17-01-2021 07:30","17-01-2021 07:45","3.7"
"178",1776,"17-01-2021 07:45","17-01-2021 08:00","7.8"
"179",1777,"17-01-2021 08:00","17-01-2021 08:15","3.9"
"180",1778,"17-01-2021 08:15","17-01-2021 08:30","2.8"
"181",1779,"17-01-2021 08:30","17-01-2021 08:45","6.5"
"182",1780,"17-01-2021 08:45","17-01-2021 09:00","6"
"183",1781,"17-01-2021 09:00","17-01-2021 09:15","4.6"
"184",1782,"17-01-2021 09:15","17-01-2021 09:30","4.9"
"185",1783,"17-01-2021 09:30","17-01-2021 09:45","None"
"186",1784,"17-01-2021 09:45","17-01-2021 10:00","None"
"187",1785,"17-01-2021 10:00","17-01-2021 10:15","None"
"188",1786,"17-01-2021 10:15","17-01-2021 10:30","5"
"189",1787,"17-01-2021 10:30","17-01-2021 10:45","8.5"
"190",1788,"17-01-2021 10:45","17-01-2021 11:00","8.1"
"191",1789,"17-01-2021 11:00","17-01-2021 11:15","13"
"192",1790,"17-01-2021 11:15","17-01-2021 11:30","10.3"
"193",1791,"17-01-2021 11:30","17-01-2021 11:45","None"
"194",1792,"17-01-2021 11:45","17-01-2021 12:00","None"
"195",1793,"17-01-2021 12:00","17-01-2021 12:15","None"
"196",1794,"17-01-2021 12:15","17-01-2021 12:30","12.3"
"197",1795,"17-01-2021 12:30","17-01-2021 12:45","8.5"
"198",1796,"17-01-2021 12:45","17-01-2021 13:00","None"
"199",1797,"17-01-2021 13:00","17-01-2021 13:15","6.1"
"200",1798,"17-01-2021 13:15","17-01-2021 13:30","6.1"
"201",1799,"17-01-2021 13:30","17-01-2021 13:45","9.6"
"202",1800,"17-01-2021 13:45","17-01-2021 14:00","7.7"
"203",1801,"17-01-2021 14:00","17-01-2021 14:15","6.3"
"204",1802,"17-01-2021 14:15","17-01-2021 14:30","7.7"
"205",1803,"17-01-2021 14:30","17-01-2021 14:45","7.3"
"206",1804,"17-01-2021 14:45","17-01-2021 15:00","8.6"
"207",1805,"17-01-2021 15:00","17-01-2021 15:15","7.3"
"208",1806,"17-01-2021 15:15","17-01-2021 15:30","8"
"209",1807,"17-01-2021 15:30","17-01-2021 15:45","6.2"
"210",1808,"17-01-2021 15:45","17-01-2021 16:00","7.2"
"211",1809,"17-01-2021 16:00","17-01-2021 16:15","10.5"
"212",1810,"17-01-2021 16:15","17-01-2021 16:30","10.7"
"213",1811,"17-01-2021 16:30","17-01-2021 16:45","9.1"
"214",1812,"17-01-2021 16:45","17-01-2021 17:00","9.9"
"215",1813,"17-01-2021 17:00","17-01-2021 17:15","10.4"
"216",1814,"17-01-2021 17:15","17-01-2021 17:30","10.7"
"217",1815,"17-01-2021 17:30","17-01-2021 17:45","17.5"
"218",1816,"17-01-2021 17:45","17-01-2021 18:00","23.8"
"219",1817,"17-01-2021 18:00","17-01-2021 18:15","26.7"
"220",1818,"17-01-2021 18:15","17-01-2021 18:30","29.9"
"221",1819,"17-01-2021 18:30","17-01-2021 18:45","24"
"222",1820,"17-01-2021 18:45","17-01-2021 19:00","28.1"
"223",1821,"17-01-2021 19:00","17-01-2021 19:15","40.7"
"224",1822,"17-01-2021 19:15","17-01-2021 19:30","32.7"
"225",1823,"17-01-2021 19:30","17-01-2021 19:45","53.1"
"226",1824,"17-01-2021 19:45","17-01-2021 20:00","62.1"
"227",1825,"17-01-2021 20:00","17-01-2021 20:15","37.2"
"228",1826,"17-01-2021 20:15","17-01-2021 20:30","26.8"
"229",1827,"17-01-2021 20:30","17-01-2021 20:45","23.6"
"230",1828,"17-01-2021 20:45","17-01-2021 21:00","40.8"
"231",1829,"17-01-2021 21:00","17-01-2021 21:15","42.9"
"232",1830,"17-01-2021 21:15","17-01-2021 21:30","20.5"
"233",1831,"17-01-2021 21:30","17-01-2021 21:45","24.5"
"234",1832,"17-01-2021 21:45","17-01-2021 22:00","18.5"
"235",1833,"17-01-2021 22:00","17-01-2021 22:15","17.3"
"236",1834,"17-01-2021 22:15","17-01-2021 22:30","8.5"
"237",1835,"17-01-2021 22:30","17-01-2021 22:45","15.3"
"238",1836,"17-01-2021 22:45","17-01-2021 23:00","27.5"
"239",1837,"17-01-2021 23:00","17-01-2021 23:15","36.6"
"240",1838,"17-01-2021 23:15","17-01-2021 23:30","None"
"241",1839,"17-01-2021 23:30","17-01-2021 23:45","None"
"242",1840,"17-01-2021 23:45","18-01-2021 00:00","None"
"243",1841,"18-01-2021 00:00","18-01-2021 00:15","32.6"
"244",1842,"18-01-2021 00:15","18-01-2021 00:30","25.4"
"245",1843,"18-01-2021 00:30","18-01-2021 00:45","16.3"
"246",1844,"18-01-2021 00:45","18-01-2021 01:00","9.6"
"247",1845,"18-01-2021 01:00","18-01-2021 01:15","6.6"
"248",1846,"18-01-2021 01:15","18-01-2021 01:30","None"
"249",1847,"18-01-2021 01:30","18-01-2021 01:45","5.2"
"250",1848,"18-01-2021 01:45","18-01-2021 02:00","5.5"
"251",1849,"18-01-2021 02:00","18-01-2021 02:15","4"
"252",1850,"18-01-2021 02:15","18-01-2021 02:30","2.7"
"253",1851,"18-01-2021 02:30","18-01-2021 02:45","3.5"
"254",1852,"18-01-2021 02:45","18-01-2021 03:00","5.4"
"255",1853,"18-01-2021 03:00","18-01-2021 03:15","2.6"
"256",1854,"18-01-2021 03:15","18-01-2021 03:30","None"
"257",1855,"18-01-2021 03:30","18-01-2021 03:45","4.1"
"258",1856,"18-01-2021 03:45","18-01-2021 04:00","4.3"
"259",1857,"18-01-2021 04:00","18-01-2021 04:15","3.2"
"260",1858,"18-01-2021 04:15","18-01-2021 04:30","1.9"
"261",1859,"18-01-2021 04:30","18-01-2021 04:45","3"
"262",1860,"18-01-2021 04:45","18-01-2021 05:00","5.5"
"263",1861,"18-01-2021 05:00","18-01-2021 05:15","5.9"
"264",1862,"18-01-2021 05:15","18-01-2021 05:30","9"
"265",1863,"18-01-2021 05:30","18-01-2021 05:45","4.3"
"266",1864,"18-01-2021 05:45","18-01-2021 06:00","22.8"
"267",1865,"18-01-2021 06:00","18-01-2021 06:15","20.7"
"268",1866,"18-01-2021 06:15","18-01-2021 06:30","14"
"269",1867,"18-01-2021 06:30","18-01-2021 06:45","22.8"
"270",1868,"18-01-2021 06:45","18-01-2021 07:00","18"
"271",1869,"18-01-2021 07:00","18-01-2021 07:15","20.7"
"272",1870,"18-01-2021 07:15","18-01-2021 07:30","20.5"
"273",1871,"18-01-2021 07:30","18-01-2021 07:45","18.3"
"274",1872,"18-01-2021 07:45","18-01-2021 08:00","14.5"
"275",1873,"18-01-2021 08:00","18-01-2021 08:15","11.9"
"276",1874,"18-01-2021 08:15","18-01-2021 08:30","12.2"
"277",1875,"18-01-2021 08:30","18-01-2021 08:45","9.2"
"278",1876,"18-01-2021 08:45","18-01-2021 09:00","None"
"279",1877,"18-01-2021 09:00","18-01-2021 09:15","21.4"
"280",1878,"18-01-2021 09:15","18-01-2021 09:30","10.8"
"281",1879,"18-01-2021 09:30","18-01-2021 09:45","None"
"282",1880,"18-01-2021 09:45","18-01-2021 10:00","None"
"283",1881,"18-01-2021 10:00","18-01-2021 10:15","None"
"284",1882,"18-01-2021 10:15","18-01-2021 10:30","13.8"
"285",1883,"18-01-2021 10:30","18-01-2021 10:45","13.1"
"286",1884,"18-01-2021 10:45","18-01-2021 11:00","6.8"
"287",1885,"18-01-2021 11:00","18-01-2021 11:15","None"
"288",1886,"18-01-2021 11:15","18-01-2021 11:30","11"
"289",1887,"18-01-2021 11:30","18-01-2021 11:45","None"
"290",1888,"18-01-2021 11:45","18-01-2021 12:00","None"
"291",1889,"18-01-2021 12:00","18-01-2021 12:15","None"
"292",1890,"18-01-2021 12:15","18-01-2021 12:30","12.2"
"293",1891,"18-01-2021 12:30","18-01-2021 12:45","10.2"
"294",1892,"18-01-2021 12:45","18-01-2021 13:00","6"
"295",1893,"18-01-2021 13:00","18-01-2021 13:15","8.2"
"296",1894,"18-01-2021 13:15","18-01-2021 13:30","7.9"
"297",1895,"18-01-2021 13:30","18-01-2021 13:45","None"
"298",1896,"18-01-2021 13:45","18-01-2021 14:00","6.1"
"299",1897,"18-01-2021 14:00","18-01-2021 14:15","10.6"
"300",1898,"18-01-2021 14:15","18-01-2021 14:30","13.9"
"301",1899,"18-01-2021 14:30","18-01-2021 14:45","9.9"
"302",1900,"18-01-2021 14:45","18-01-2021 15:00","10.9"
"303",1901,"18-01-2021 15:00","18-01-2021 15:15","12.2"
"304",1902,"18-01-2021 15:15","18-01-2021 15:30","9.4"
"305",1903,"18-01-2021 15:30","18-01-2021 15:45","14.3"
"306",1904,"18-01-2021 15:45","18-01-2021 16:00","13.7"
"307",1905,"18-01-2021 16:00","18-01-2021 16:15","None"
"308",1906,"18-01-2021 16:15","18-01-2021 16:30","17.1"
"309",1907,"18-01-2021 16:30","18-01-2021 16:45","13.5"
"310",1908,"18-01-2021 16:45","18-01-2021 17:00","19.8"
"311",1909,"18-01-2021 17:00","18-01-2021 17:15","15.4"
"312",1910,"18-01-2021 17:15","18-01-2021 17:30","4.9"
"313",1911,"18-01-2021 17:30","18-01-2021 17:45","47.8"
"314",1912,"18-01-2021 17:45","18-01-2021 18:00","33.3"
"315",1913,"18-01-2021 18:00","18-01-2021 18:15","15.1"
"316",1914,"18-01-2021 18:15","18-01-2021 18:30","20.8"
"317",1915,"18-01-2021 18:30","18-01-2021 18:45","16.4"
"318",1916,"18-01-2021 18:45","18-01-2021 19:00","24.9"
"319",1917,"18-01-2021 19:00","18-01-2021 19:15","41.8"
"320",1918,"18-01-2021 19:15","18-01-2021 19:30","45.6"
"321",1919,"18-01-2021 19:30","18-01-2021 19:45","50.7"
"322",1920,"18-01-2021 19:45","18-01-2021 20:00","68"
"323",1921,"18-01-2021 20:00","18-01-2021 20:15","136.5"
"324",1922,"18-01-2021 20:15","18-01-2021 20:30","172.1"
"325",1923,"18-01-2021 20:30","18-01-2021 20:45","109"
"326",1924,"18-01-2021 20:45","18-01-2021 21:00","129.3"
"327",1925,"18-01-2021 21:00","18-01-2021 21:15","205.1"
"328",1926,"18-01-2021 21:15","18-01-2021 21:30","199.4"
"329",1927,"18-01-2021 21:30","18-01-2021 21:45","125.2"
"330",1928,"18-01-2021 21:45","18-01-2021 22:00","164.4"
"331",1929,"18-01-2021 22:00","18-01-2021 22:15","164.9"
"332",1930,"18-01-2021 22:15","18-01-2021 22:30","116.8"
"333",1931,"18-01-2021 22:30","18-01-2021 22:45","114.7"
"334",1932,"18-01-2021 22:45","18-01-2021 23:00","95.5"
"335",1933,"18-01-2021 23:00","18-01-2021 23:15","61.8"
"336",1934,"18-01-2021 23:15","18-01-2021 23:30","47.5"
"337",1935,"18-01-2021 23:30","18-01-2021 23:45","None"
"338",1936,"18-01-2021 23:45","19-01-2021 00:00","None"
"339",1937,"19-01-2021 00:00","19-01-2021 00:15","40.6"
"340",1938,"19-01-2021 00:15","19-01-2021 00:30","55"
"341",1939,"19-01-2021 00:30","19-01-2021 00:45","40"
"342",1940,"19-01-2021 00:45","19-01-2021 01:00","35.1"
"343",1941,"19-01-2021 01:00","19-01-2021 01:15","34.9"
"344",1942,"19-01-2021 01:15","19-01-2021 01:30","37.9"
"345",1943,"19-01-2021 01:30","19-01-2021 01:45","33.8"
"346",1944,"19-01-2021 01:45","19-01-2021 02:00","26"
"347",1945,"19-01-2021 02:00","19-01-2021 02:15","19.3"
"348",1946,"19-01-2021 02:15","19-01-2021 02:30","18.4"
"349",1947,"19-01-2021 02:30","19-01-2021 02:45","18.8"
"350",1948,"19-01-2021 02:45","19-01-2021 03:00","16.2"
"351",1949,"19-01-2021 03:00","19-01-2021 03:15","12.3"
"352",1950,"19-01-2021 03:15","19-01-2021 03:30","13.7"
"353",1951,"19-01-2021 03:30","19-01-2021 03:45","9.7"
"354",1952,"19-01-2021 03:45","19-01-2021 04:00","7.7"
"355",1953,"19-01-2021 04:00","19-01-2021 04:15","5.5"
"356",1954,"19-01-2021 04:15","19-01-2021 04:30","5.9"
"357",1955,"19-01-2021 04:30","19-01-2021 04:45","7.1"
"358",1956,"19-01-2021 04:45","19-01-2021 05:00","8.6"
"359",1957,"19-01-2021 05:00","19-01-2021 05:15","13.2"
"360",1958,"19-01-2021 05:15","19-01-2021 05:30","14.4"
"361",1959,"19-01-2021 05:30","19-01-2021 05:45","33.1"
"362",1960,"19-01-2021 05:45","19-01-2021 06:00","42.8"
"363",1961,"19-01-2021 06:00","19-01-2021 06:15","47.3"
"364",1962,"19-01-2021 06:15","19-01-2021 06:30","45.8"
"365",1963,"19-01-2021 06:30","19-01-2021 06:45","45.4"
"366",1964,"19-01-2021 06:45","19-01-2021 07:00","52.2"
"367",1965,"19-01-2021 07:00","19-01-2021 07:15","52.3"
"368",1966,"19-01-2021 07:15","19-01-2021 07:30","45"
"369",1967,"19-01-2021 07:30","19-01-2021 07:45","58.6"
"370",1968,"19-01-2021 07:45","19-01-2021 08:00","50.2"
"371",1969,"19-01-2021 08:00","19-01-2021 08:15","47.6"
"372",1970,"19-01-2021 08:15","19-01-2021 08:30","43.1"
"373",1971,"19-01-2021 08:30","19-01-2021 08:45","38.6"
"374",1972,"19-01-2021 08:45","19-01-2021 09:00","39"
"375",1973,"19-01-2021 09:00","19-01-2021 09:15","34.4"
"376",1974,"19-01-2021 09:15","19-01-2021 09:30","24.6"
"377",1975,"19-01-2021 09:30","19-01-2021 09:45","None"
"378",1976,"19-01-2021 09:45","19-01-2021 10:00","None"
"379",1977,"19-01-2021 10:00","19-01-2021 10:15","None"
"380",1978,"19-01-2021 10:15","19-01-2021 10:30","19.7"
"381",1979,"19-01-2021 10:30","19-01-2021 10:45","13.9"
"382",1980,"19-01-2021 10:45","19-01-2021 11:00","11.5"
"383",1981,"19-01-2021 11:00","19-01-2021 11:15","16"
"384",1982,"19-01-2021 11:15","19-01-2021 11:30","14.4"
"385",1983,"19-01-2021 11:30","19-01-2021 11:45","None"
"386",1984,"19-01-2021 11:45","19-01-2021 12:00","None"
"387",1985,"19-01-2021 12:00","19-01-2021 12:15","None"
"388",1986,"19-01-2021 12:15","19-01-2021 12:30","8.7"
"389",1987,"19-01-2021 12:30","19-01-2021 12:45","8.5"
"390",1988,"19-01-2021 12:45","19-01-2021 13:00","6"
"391",1989,"19-01-2021 13:00","19-01-2021 13:15","4.8"
"392",1990,"19-01-2021 13:15","19-01-2021 13:30","4.5"
"393",1991,"19-01-2021 13:30","19-01-2021 13:45","9.2"
"394",1992,"19-01-2021 13:45","19-01-2021 14:00","6.3"
"395",1993,"19-01-2021 14:00","19-01-2021 14:15","3.9"
"396",1994,"19-01-2021 14:15","19-01-2021 14:30","7"
"397",1995,"19-01-2021 14:30","19-01-2021 14:45","7.3"
"398",1996,"19-01-2021 14:45","19-01-2021 15:00","4.3"
"399",1997,"19-01-2021 15:00","19-01-2021 15:15","3"
"400",1998,"19-01-2021 15:15","19-01-2021 15:30","4.7"
"401",1999,"19-01-2021 15:30","19-01-2021 15:45","7"
"402",2000,"19-01-2021 15:45","19-01-2021 16:00","9.7"
"403",2001,"19-01-2021 16:00","19-01-2021 16:15","11.6"
"404",2002,"19-01-2021 16:15","19-01-2021 16:30","7.3"
"405",2003,"19-01-2021 16:30","19-01-2021 16:45","6.7"
"406",2004,"19-01-2021 16:45","19-01-2021 17:00","7.4"
"407",2005,"19-01-2021 17:00","19-01-2021 17:15","11.7"
"408",2006,"19-01-2021 17:15","19-01-2021 17:30","29.3"
"409",2007,"19-01-2021 17:30","19-01-2021 17:45","65.4"
"410",2008,"19-01-2021 17:45","19-01-2021 18:00","87.2"
"411",2009,"19-01-2021 18:00","19-01-2021 18:15","53.6"
"412",2010,"19-01-2021 18:15","19-01-2021 18:30","69.2"
"413",2011,"19-01-2021 18:30","19-01-2021 18:45","79.7"
"414",2012,"19-01-2021 18:45","19-01-2021 19:00","61.1"
"415",2013,"19-01-2021 19:00","19-01-2021 19:15","52.8"
"416",2014,"19-01-2021 19:15","19-01-2021 19:30","60.5"
"417",2015,"19-01-2021 19:30","19-01-2021 19:45","53.1"
"418",2016,"19-01-2021 19:45","19-01-2021 20:00","28.4"
"419",2017,"19-01-2021 20:00","19-01-2021 20:15","17.4"
"420",2018,"19-01-2021 20:15","19-01-2021 20:30","19.6"
"421",2019,"19-01-2021 20:30","19-01-2021 20:45","18.6"
"422",2020,"19-01-2021 20:45","19-01-2021 21:00","18.6"
"423",2021,"19-01-2021 21:00","19-01-2021 21:15","21.6"
"424",2022,"19-01-2021 21:15","19-01-2021 21:30","18.8"
"425",2023,"19-01-2021 21:30","19-01-2021 21:45","34.5"
"426",2024,"19-01-2021 21:45","19-01-2021 22:00","21.8"
"427",2025,"19-01-2021 22:00","19-01-2021 22:15","18.5"
"428",2026,"19-01-2021 22:15","19-01-2021 22:30","18"
"429",2027,"19-01-2021 22:30","19-01-2021 22:45","16.1"
"430",2028,"19-01-2021 22:45","19-01-2021 23:00","7.1"
"431",2029,"19-01-2021 23:00","19-01-2021 23:15","6.6"
"432",2030,"19-01-2021 23:15","19-01-2021 23:30","5.9"
"433",2031,"19-01-2021 23:30","19-01-2021 23:45","None"
"434",2032,"19-01-2021 23:45","20-01-2021 00:00","6.2"
"435",2033,"20-01-2021 00:00","20-01-2021 00:15","3"
"436",2034,"20-01-2021 00:15","20-01-2021 00:30","4.9"
"437",2035,"20-01-2021 00:30","20-01-2021 00:45","1.9"
"438",2036,"20-01-2021 00:45","20-01-2021 01:00","6.4"
"439",2037,"20-01-2021 01:00","20-01-2021 01:15","2.1"
"440",2038,"20-01-2021 01:15","20-01-2021 01:30","6.6"
"441",2039,"20-01-2021 01:30","20-01-2021 01:45","4.7"
"442",2040,"20-01-2021 01:45","20-01-2021 02:00","2.4"
"443",2041,"20-01-2021 02:00","20-01-2021 02:15","None"
"444",2042,"20-01-2021 02:15","20-01-2021 02:30","2.5"
"445",2043,"20-01-2021 02:30","20-01-2021 02:45","4.4"
"446",2044,"20-01-2021 02:45","20-01-2021 03:00","4.6"
"447",2045,"20-01-2021 03:00","20-01-2021 03:15","None"
"448",2046,"20-01-2021 03:15","20-01-2021 03:30","1.3"
"449",2047,"20-01-2021 03:30","20-01-2021 03:45","4.6"
"450",2048,"20-01-2021 03:45","20-01-2021 04:00","3.9"
"451",2049,"20-01-2021 04:00","20-01-2021 04:15","4"
"452",2050,"20-01-2021 04:15","20-01-2021 04:30","6.2"
"453",2051,"20-01-2021 04:30","20-01-2021 04:45","5.1"
"454",2052,"20-01-2021 04:45","20-01-2021 05:00","None"
"455",2053,"20-01-2021 05:00","20-01-2021 05:15","3.8"
"456",2054,"20-01-2021 05:15","20-01-2021 05:30","5"
"457",2055,"20-01-2021 05:30","20-01-2021 05:45","None"
"458",2056,"20-01-2021 05:45","20-01-2021 06:00","3.3"
"459",2057,"20-01-2021 06:00","20-01-2021 06:15","2.8"
"460",2058,"20-01-2021 06:15","20-01-2021 06:30","1.7"
"461",2059,"20-01-2021 06:30","20-01-2021 06:45","3.9"
"462",2060,"20-01-2021 06:45","20-01-2021 07:00","3.1"
"463",2061,"20-01-2021 07:00","20-01-2021 07:15","3.8"
"464",2062,"20-01-2021 07:15","20-01-2021 07:30","5.8"
"465",2063,"20-01-2021 07:30","20-01-2021 07:45","8"
"466",2064,"20-01-2021 07:45","20-01-2021 08:00","10.8"
"467",2065,"20-01-2021 08:00","20-01-2021 08:15","9.1"
"468",2066,"20-01-2021 08:15","20-01-2021 08:30","10.4"
"469",2067,"20-01-2021 08:30","20-01-2021 08:45","17.3"
"470",2068,"20-01-2021 08:45","20-01-2021 09:00","25.7"
"471",2069,"20-01-2021 09:00","20-01-2021 09:15","44.1"
"472",2070,"20-01-2021 09:15","20-01-2021 09:30","41.6"
"473",2071,"20-01-2021 09:30","20-01-2021 09:45","None"
"474",2072,"20-01-2021 09:45","20-01-2021 10:00","None"
"475",2073,"20-01-2021 10:00","20-01-2021 10:15","None"
"476",2074,"20-01-2021 10:15","20-01-2021 10:30","46"
"477",2075,"20-01-2021 10:30","20-01-2021 10:45","44.6"
"478",2076,"20-01-2021 10:45","20-01-2021 11:00","38.1"
"479",2077,"20-01-2021 11:00","20-01-2021 11:15","36"
"480",2078,"20-01-2021 11:15","20-01-2021 11:30","26.9"
"481",2079,"20-01-2021 11:30","20-01-2021 11:45","None"
"482",2080,"20-01-2021 11:45","20-01-2021 12:00","None"
"483",2081,"20-01-2021 12:00","20-01-2021 12:15","None"
"484",2082,"20-01-2021 12:15","20-01-2021 12:30","10.1"
"485",2083,"20-01-2021 12:30","20-01-2021 12:45","7.9"
"486",2084,"20-01-2021 12:45","20-01-2021 13:00","11.2"
"487",2085,"20-01-2021 13:00","20-01-2021 13:15","9.1"
"488",2086,"20-01-2021 13:15","20-01-2021 13:30","10.7"
"489",2087,"20-01-2021 13:30","20-01-2021 13:45","9.1"
"490",2088,"20-01-2021 13:45","20-01-2021 14:00","6.5"
"491",2089,"20-01-2021 14:00","20-01-2021 14:15","11"
"492",2090,"20-01-2021 14:15","20-01-2021 14:30","6.8"
"493",2091,"20-01-2021 14:30","20-01-2021 14:45","8"
"494",2092,"20-01-2021 14:45","20-01-2021 15:00","5.3"
"495",2093,"20-01-2021 15:00","20-01-2021 15:15","8.3"
"496",2094,"20-01-2021 15:15","20-01-2021 15:30","10.3"
"497",2095,"20-01-2021 15:30","20-01-2021 15:45","6.8"
"498",2096,"20-01-2021 15:45","20-01-2021 16:00","7.5"
"499",2097,"20-01-2021 16:00","20-01-2021 16:15","6.9"
"500",2098,"20-01-2021 16:15","20-01-2021 16:30","11.4"
"501",2099,"20-01-2021 16:30","20-01-2021 16:45","None"
"502",2100,"20-01-2021 16:45","20-01-2021 17:00","9.4"
"503",2101,"20-01-2021 17:00","20-01-2021 17:15","13.2"
"504",2102,"20-01-2021 17:15","20-01-2021 17:30","17"
"505",2103,"20-01-2021 17:30","20-01-2021 17:45","22.7"
"506",2104,"20-01-2021 17:45","20-01-2021 18:00","27.8"
"507",2105,"20-01-2021 18:00","20-01-2021 18:15","25"
"508",2106,"20-01-2021 18:15","20-01-2021 18:30","54.9"
"509",2107,"20-01-2021 18:30","20-01-2021 18:45","47.5"
"510",2108,"20-01-2021 18:45","20-01-2021 19:00","88.2"
"511",2109,"20-01-2021 19:00","20-01-2021 19:15","88.1"
"512",2110,"20-01-2021 19:15","20-01-2021 19:30","83.6"
"513",2111,"20-01-2021 19:30","20-01-2021 19:45","92.7"
"514",2112,"20-01-2021 19:45","20-01-2021 20:00","102.9"
"515",2113,"20-01-2021 20:00","20-01-2021 20:15","70.9"
"516",2114,"20-01-2021 20:15","20-01-2021 20:30","None"
"517",2115,"20-01-2021 20:30","20-01-2021 20:45","37"
"518",2116,"20-01-2021 20:45","20-01-2021 21:00","36"
"519",2117,"20-01-2021 21:00","20-01-2021 21:15","23.9"
"520",2118,"20-01-2021 21:15","20-01-2021 21:30","15.7"
"521",2119,"20-01-2021 21:30","20-01-2021 21:45","11.3"
"522",2120,"20-01-2021 21:45","20-01-2021 22:00","10.1"
"523",2121,"20-01-2021 22:00","20-01-2021 22:15","10.1"
"524",2122,"20-01-2021 22:15","20-01-2021 22:30","7.3"
"525",2123,"20-01-2021 22:30","20-01-2021 22:45","5"
"526",2124,"20-01-2021 22:45","20-01-2021 23:00","7.1"
"527",2125,"20-01-2021 23:00","20-01-2021 23:15","8"
"528",2126,"20-01-2021 23:15","20-01-2021 23:30","4.2"
"529",2127,"20-01-2021 23:30","20-01-2021 23:45","None"
"530",2128,"20-01-2021 23:45","21-01-2021 00:00","5.3"
"531",2129,"21-01-2021 00:00","21-01-2021 00:15","6.6"
"532",2130,"21-01-2021 00:15","21-01-2021 00:30","None"
"533",2131,"21-01-2021 00:30","21-01-2021 00:45","2.4"
"534",2132,"21-01-2021 00:45","21-01-2021 01:00","1.7"
"535",2133,"21-01-2021 01:00","21-01-2021 01:15","4.3"
"536",2134,"21-01-2021 01:15","21-01-2021 01:30","3.8"
"537",2135,"21-01-2021 01:30","21-01-2021 01:45","5.7"
"538",2136,"21-01-2021 01:45","21-01-2021 02:00","2.8"
"539",2137,"21-01-2021 02:00","21-01-2021 02:15","1.1"
"540",2138,"21-01-2021 02:15","21-01-2021 02:30","3.8"
"541",2139,"21-01-2021 02:30","21-01-2021 02:45","None"
"542",2140,"21-01-2021 02:45","21-01-2021 03:00","1.1"
"543",2141,"21-01-2021 03:00","21-01-2021 03:15","4.1"
"544",2142,"21-01-2021 03:15","21-01-2021 03:30","2.9"
"545",2143,"21-01-2021 03:30","21-01-2021 03:45","3.1"
"546",2144,"21-01-2021 03:45","21-01-2021 04:00","3.5"
"547",2145,"21-01-2021 04:00","21-01-2021 04:15","6.4"
"548",2146,"21-01-2021 04:15","21-01-2021 04:30","3"
"549",2147,"21-01-2021 04:30","21-01-2021 04:45","2.7"
"550",2148,"21-01-2021 04:45","21-01-2021 05:00","3.4"
"551",2149,"21-01-2021 05:00","21-01-2021 05:15","2.4"
"552",2150,"21-01-2021 05:15","21-01-2021 05:30","4.2"
"553",2151,"21-01-2021 05:30","21-01-2021 05:45","2.5"
"554",2152,"21-01-2021 05:45","21-01-2021 06:00","3.7"
"555",2153,"21-01-2021 06:00","21-01-2021 06:15","0.1"
"556",2154,"21-01-2021 06:15","21-01-2021 06:30","3.6"
"557",2155,"21-01-2021 06:30","21-01-2021 06:45","4.9"
"558",2156,"21-01-2021 06:45","21-01-2021 07:00","2.8"
"559",2157,"21-01-2021 07:00","21-01-2021 07:15","4.1"
"560",2158,"21-01-2021 07:15","21-01-2021 07:30","3.3"
"561",2159,"21-01-2021 07:30","21-01-2021 07:45","6"
"562",2160,"21-01-2021 07:45","21-01-2021 08:00","2"
"563",2161,"21-01-2021 08:00","21-01-2021 08:15","6.5"
"564",2162,"21-01-2021 08:15","21-01-2021 08:30","6.7"
"565",2163,"21-01-2021 08:30","21-01-2021 08:45","3.5"
"566",2164,"21-01-2021 08:45","21-01-2021 09:00","8.1"
"567",2165,"21-01-2021 09:00","21-01-2021 09:15","6.6"
"568",2166,"21-01-2021 09:15","21-01-2021 09:30","6.9"
"569",2167,"21-01-2021 09:30","21-01-2021 09:45","None"
"570",2168,"21-01-2021 09:45","21-01-2021 10:00","None"
"571",2169,"21-01-2021 10:00","21-01-2021 10:15","None"
"572",2170,"21-01-2021 10:15","21-01-2021 10:30","7"
"573",2171,"21-01-2021 10:30","21-01-2021 10:45","10.9"
"574",2172,"21-01-2021 10:45","21-01-2021 11:00","6.7"
"575",2173,"21-01-2021 11:00","21-01-2021 11:15","6"
"576",2174,"21-01-2021 11:15","21-01-2021 11:30","8.6"
"577",2175,"21-01-2021 11:30","21-01-2021 11:45","None"
"578",2176,"21-01-2021 11:45","21-01-2021 12:00","None"
"579",2177,"21-01-2021 12:00","21-01-2021 12:15","None"
"580",2178,"21-01-2021 12:15","21-01-2021 12:30","377"
"581",2179,"21-01-2021 12:30","21-01-2021 12:45","428.5"
"582",2180,"21-01-2021 12:45","21-01-2021 13:00","225.9"
"583",2181,"21-01-2021 13:00","21-01-2021 13:15","3.5"
"584",2182,"21-01-2021 13:15","21-01-2021 13:30","6.5"
"585",2183,"21-01-2021 13:30","21-01-2021 13:45","5.5"
"586",2184,"21-01-2021 13:45","21-01-2021 14:00","5.5"
"587",2185,"21-01-2021 14:00","21-01-2021 14:15","9.9"
"588",2186,"21-01-2021 14:15","21-01-2021 14:30","8.5"
"589",2187,"21-01-2021 14:30","21-01-2021 14:45","8.1"
"590",2188,"21-01-2021 14:45","21-01-2021 15:00","6.3"
"591",2189,"21-01-2021 15:00","21-01-2021 15:15","6.8"
"592",2190,"21-01-2021 15:15","21-01-2021 15:30","None"
"593",2191,"21-01-2021 15:30","21-01-2021 15:45","5.1"
"594",2192,"21-01-2021 15:45","21-01-2021 16:00","4.6"
"595",2193,"21-01-2021 16:00","21-01-2021 16:15","2.2"
"596",2194,"21-01-2021 16:15","21-01-2021 16:30","3.9"
"597",2195,"21-01-2021 16:30","21-01-2021 16:45","5.2"
"598",2196,"21-01-2021 16:45","21-01-2021 17:00","5.6"
"599",2197,"21-01-2021 17:00","21-01-2021 17:15","14.3"
"600",2198,"21-01-2021 17:15","21-01-2021 17:30","16.1"
"601",2199,"21-01-2021 17:30","21-01-2021 17:45","20.1"
"602",2200,"21-01-2021 17:45","21-01-2021 18:00","None"
"603",2201,"21-01-2021 18:00","21-01-2021 18:15","75.9"
"604",2202,"21-01-2021 18:15","21-01-2021 18:30","None"
"605",2203,"21-01-2021 18:30","21-01-2021 18:45","112.6"
"606",2204,"21-01-2021 18:45","21-01-2021 19:00","90.2"
"607",2205,"21-01-2021 19:00","21-01-2021 19:15","125.2"
"608",2206,"21-01-2021 19:15","21-01-2021 19:30","261.1"
"609",2207,"21-01-2021 19:30","21-01-2021 19:45","203"
"610",2208,"21-01-2021 19:45","21-01-2021 20:00","160.7"
"611",2209,"21-01-2021 20:00","21-01-2021 20:15","188.8"
"612",2210,"21-01-2021 20:15","21-01-2021 20:30","237"
"613",2211,"21-01-2021 20:30","21-01-2021 20:45","225.9"
"614",2212,"21-01-2021 20:45","21-01-2021 21:00","251.3"
"615",2213,"21-01-2021 21:00","21-01-2021 21:15","167.9"
"616",2214,"21-01-2021 21:15","21-01-2021 21:30","44.4"
"617",2215,"21-01-2021 21:30","21-01-2021 21:45","19.3"
"618",2216,"21-01-2021 21:45","21-01-2021 22:00","12.8"
"619",2217,"21-01-2021 22:00","21-01-2021 22:15","9.8"
"620",2218,"21-01-2021 22:15","21-01-2021 22:30","6.9"
"621",2219,"21-01-2021 22:30","21-01-2021 22:45","7.8"
"622",2220,"21-01-2021 22:45","21-01-2021 23:00","7.8"
"623",2221,"21-01-2021 23:00","21-01-2021 23:15","6.7"
"624",2222,"21-01-2021 23:15","21-01-2021 23:30","5"
"625",2223,"21-01-2021 23:30","21-01-2021 23:45","None"
"626",2224,"21-01-2021 23:45","22-01-2021 00:00","None"
"627",2225,"22-01-2021 00:00","22-01-2021 00:15","4"
"628",2226,"22-01-2021 00:15","22-01-2021 00:30","5.7"
"629",2227,"22-01-2021 00:30","22-01-2021 00:45","3.7"
"630",2228,"22-01-2021 00:45","22-01-2021 01:00","1.7"
"631",2229,"22-01-2021 01:00","22-01-2021 01:15","2.8"
"632",2230,"22-01-2021 01:15","22-01-2021 01:30","3.9"
"633",2231,"22-01-2021 01:30","22-01-2021 01:45","5"
"634",2232,"22-01-2021 01:45","22-01-2021 02:00","4.4"
"635",2233,"22-01-2021 02:00","22-01-2021 02:15","4.7"
"636",2234,"22-01-2021 02:15","22-01-2021 02:30","4.8"
"637",2235,"22-01-2021 02:30","22-01-2021 02:45","2.9"
"638",2236,"22-01-2021 02:45","22-01-2021 03:00","5.6"
"639",2237,"22-01-2021 03:00","22-01-2021 03:15","5"
"640",2238,"22-01-2021 03:15","22-01-2021 03:30","6"
"641",2239,"22-01-2021 03:30","22-01-2021 03:45","4.1"
"642",2240,"22-01-2021 03:45","22-01-2021 04:00","0.6"
"643",2241,"22-01-2021 04:00","22-01-2021 04:15","4.1"
"644",2242,"22-01-2021 04:15","22-01-2021 04:30","3.1"
"645",2243,"22-01-2021 04:30","22-01-2021 04:45","6.1"
"646",2244,"22-01-2021 04:45","22-01-2021 05:00","5.8"
"647",2245,"22-01-2021 05:00","22-01-2021 05:15","1.4"
"648",2246,"22-01-2021 05:15","22-01-2021 05:30","3.9"
"649",2247,"22-01-2021 05:30","22-01-2021 05:45","7.5"
"650",2248,"22-01-2021 05:45","22-01-2021 06:00","5.4"
"651",2249,"22-01-2021 06:00","22-01-2021 06:15","5.3"
"652",2250,"22-01-2021 06:15","22-01-2021 06:30","3"
"653",2251,"22-01-2021 06:30","22-01-2021 06:45","1.7"
"654",2252,"22-01-2021 06:45","22-01-2021 07:00","3.2"
"655",2253,"22-01-2021 07:00","22-01-2021 07:15","5.3"
"656",2254,"22-01-2021 07:15","22-01-2021 07:30","4.6"
"657",2255,"22-01-2021 07:30","22-01-2021 07:45","5.7"
"658",2256,"22-01-2021 07:45","22-01-2021 08:00","7.5"
"659",2257,"22-01-2021 08:00","22-01-2021 08:15","15.9"
"660",2258,"22-01-2021 08:15","22-01-2021 08:30","13.6"
"661",2259,"22-01-2021 08:30","22-01-2021 08:45","16.9"
"662",2260,"22-01-2021 08:45","22-01-2021 09:00","22.5"
"663",2261,"22-01-2021 09:00","22-01-2021 09:15","16.2"
"664",2262,"22-01-2021 09:15","22-01-2021 09:30","18.9"
"665",2263,"22-01-2021 09:30","22-01-2021 09:45","None"
"666",2264,"22-01-2021 09:45","22-01-2021 10:00","None"
"667",2265,"22-01-2021 10:00","22-01-2021 10:15","None"
"668",2266,"22-01-2021 10:15","22-01-2021 10:30","19.7"
"669",2267,"22-01-2021 10:30","22-01-2021 10:45","23.2"
"670",2268,"22-01-2021 10:45","22-01-2021 11:00","17.9"
"671",2269,"22-01-2021 11:00","22-01-2021 11:15","17.9"
"672",2270,"22-01-2021 11:15","22-01-2021 11:30","16.2"
"673",2271,"22-01-2021 11:30","22-01-2021 11:45","None"
"674",2272,"22-01-2021 11:45","22-01-2021 12:00","None"
"675",2273,"22-01-2021 12:00","22-01-2021 12:15","None"
"676",2274,"22-01-2021 12:15","22-01-2021 12:30","378.3"
"677",2275,"22-01-2021 12:30","22-01-2021 12:45","301"
"678",2276,"22-01-2021 12:45","22-01-2021 13:00","23.3"
"679",2277,"22-01-2021 13:00","22-01-2021 13:15","17.4"
"680",2278,"22-01-2021 13:15","22-01-2021 13:30","9"
"681",2279,"22-01-2021 13:30","22-01-2021 13:45","9.5"
"682",2280,"22-01-2021 13:45","22-01-2021 14:00","11.8"
"683",2281,"22-01-2021 14:00","22-01-2021 14:15","15.3"
"684",2282,"22-01-2021 14:15","22-01-2021 14:30","9"
"685",2283,"22-01-2021 14:30","22-01-2021 14:45","10.6"
"686",2284,"22-01-2021 14:45","22-01-2021 15:00","10.2"
"687",2285,"22-01-2021 15:00","22-01-2021 15:15","None"
"688",2286,"22-01-2021 15:15","22-01-2021 15:30","14.7"
"689",2287,"22-01-2021 15:30","22-01-2021 15:45","9.4"
"690",2288,"22-01-2021 15:45","22-01-2021 16:00","16.5"
"691",2289,"22-01-2021 16:00","22-01-2021 16:15","10.6"
"692",2290,"22-01-2021 16:15","22-01-2021 16:30","None"
"693",2291,"22-01-2021 16:30","22-01-2021 16:45","11.7"
"694",2292,"22-01-2021 16:45","22-01-2021 17:00","17.7"
"695",2293,"22-01-2021 17:00","22-01-2021 17:15","16.7"
"696",2294,"22-01-2021 17:15","22-01-2021 17:30","15.2"
"697",2295,"22-01-2021 17:30","22-01-2021 17:45","15.3"
"698",2296,"22-01-2021 17:45","22-01-2021 18:00","13.7"
"699",2297,"22-01-2021 18:00","22-01-2021 18:15","21.6"
"700",2298,"22-01-2021 18:15","22-01-2021 18:30","13.6"
"701",2299,"22-01-2021 18:30","22-01-2021 18:45","17.9"
"702",2300,"22-01-2021 18:45","22-01-2021 19:00","11"
"703",2301,"22-01-2021 19:00","22-01-2021 19:15","8.9"
"704",2302,"22-01-2021 19:15","22-01-2021 19:30","18.1"
"705",2303,"22-01-2021 19:30","22-01-2021 19:45","16.4"
"706",2304,"22-01-2021 19:45","22-01-2021 20:00","9.7"
"707",2305,"22-01-2021 20:00","22-01-2021 20:15","15.1"
"708",2306,"22-01-2021 20:15","22-01-2021 20:30","9.5"
"709",2307,"22-01-2021 20:30","22-01-2021 20:45","12.5"
"710",2308,"22-01-2021 20:45","22-01-2021 21:00","12.2"
"711",2309,"22-01-2021 21:00","22-01-2021 21:15","12.5"
"712",2310,"22-01-2021 21:15","22-01-2021 21:30","9.9"
"713",2311,"22-01-2021 21:30","22-01-2021 21:45","9.2"
"714",2312,"22-01-2021 21:45","22-01-2021 22:00","7.9"
"715",2313,"22-01-2021 22:00","22-01-2021 22:15","4.1"
"716",2314,"22-01-2021 22:15","22-01-2021 22:30","7.3"
"717",2315,"22-01-2021 22:30","22-01-2021 22:45","4.8"
"718",2316,"22-01-2021 22:45","22-01-2021 23:00","7.7"
"719",2317,"22-01-2021 23:00","22-01-2021 23:15","3.8"
"720",2318,"22-01-2021 23:15","22-01-2021 23:30","5.3"
"721",2319,"22-01-2021 23:30","22-01-2021 23:45","None"
"722",2320,"22-01-2021 23:45","23-01-2021 00:00","2.1"
"723",2321,"23-01-2021 00:00","23-01-2021 00:15","1.6"
"724",2322,"23-01-2021 00:15","23-01-2021 00:30","2.5"
"725",2323,"23-01-2021 00:30","23-01-2021 00:45","3.4"
"726",2324,"23-01-2021 00:45","23-01-2021 01:00","2.9"
"727",2325,"23-01-2021 01:00","23-01-2021 01:15","2.8"
"728",2326,"23-01-2021 01:15","23-01-2021 01:30","4.8"
"729",2327,"23-01-2021 01:30","23-01-2021 01:45","None"
"730",2328,"23-01-2021 01:45","23-01-2021 02:00","2.9"
"731",2329,"23-01-2021 02:00","23-01-2021 02:15","3.2"
"732",2330,"23-01-2021 02:15","23-01-2021 02:30","3.7"
"733",2331,"23-01-2021 02:30","23-01-2021 02:45","0.9"
"734",2332,"23-01-2021 02:45","23-01-2021 03:00","1.1"
"735",2333,"23-01-2021 03:00","23-01-2021 03:15","3.4"
"736",2334,"23-01-2021 03:15","23-01-2021 03:30","2.5"
"737",2335,"23-01-2021 03:30","23-01-2021 03:45","3.8"
"738",2336,"23-01-2021 03:45","23-01-2021 04:00","1.9"
"739",2337,"23-01-2021 04:00","23-01-2021 04:15","0.2"
"740",2338,"23-01-2021 04:15","23-01-2021 04:30","3.1"
"741",2339,"23-01-2021 04:30","23-01-2021 04:45","None"
"742",2340,"23-01-2021 04:45","23-01-2021 05:00","None"
"743",2341,"23-01-2021 05:00","23-01-2021 05:15","None"
"744",2342,"23-01-2021 05:15","23-01-2021 05:30","2.3"
"745",2343,"23-01-2021 05:30","23-01-2021 05:45","1.3"
"746",2344,"23-01-2021 05:45","23-01-2021 06:00","1.7"
"747",2345,"23-01-2021 06:00","23-01-2021 06:15","3"
"748",2346,"23-01-2021 06:15","23-01-2021 06:30","2.4"
"749",2347,"23-01-2021 06:30","23-01-2021 06:45","3.4"
"750",2348,"23-01-2021 06:45","23-01-2021 07:00","2.1"
"751",2349,"23-01-2021 07:00","23-01-2021 07:15","4.4"
"752",2350,"23-01-2021 07:15","23-01-2021 07:30","4.4"
"753",2351,"23-01-2021 07:30","23-01-2021 07:45","1.5"
"754",2352,"23-01-2021 07:45","23-01-2021 08:00","1.1"
"755",2353,"23-01-2021 08:00","23-01-2021 08:15","5.5"
"756",2354,"23-01-2021 08:15","23-01-2021 08:30","5.9"
"757",2355,"23-01-2021 08:30","23-01-2021 08:45","5.3"
"758",2356,"23-01-2021 08:45","23-01-2021 09:00","5.6"
"759",2357,"23-01-2021 09:00","23-01-2021 09:15","4.5"
"760",2358,"23-01-2021 09:15","23-01-2021 09:30","1.5"
"761",2359,"23-01-2021 09:30","23-01-2021 09:45","None"
"762",2360,"23-01-2021 09:45","23-01-2021 10:00","None"
"763",2361,"23-01-2021 10:00","23-01-2021 10:15","None"
"764",2362,"23-01-2021 10:15","23-01-2021 10:30","8.9"
"765",2363,"23-01-2021 10:30","23-01-2021 10:45","9.6"
"766",2364,"23-01-2021 10:45","23-01-2021 11:00","9.6"
"767",2365,"23-01-2021 11:00","23-01-2021 11:15","11.4"
"768",2366,"23-01-2021 11:15","23-01-2021 11:30","10.1"
"769",2367,"23-01-2021 11:30","23-01-2021 11:45","None"
"770",2368,"23-01-2021 11:45","23-01-2021 12:00","None"
"771",2369,"23-01-2021 12:00","23-01-2021 12:15","None"
"772",2370,"23-01-2021 12:15","23-01-2021 12:30","417.4"
"773",2371,"23-01-2021 12:30","23-01-2021 12:45","465.1"
"774",2372,"23-01-2021 12:45","23-01-2021 13:00","246.6"
"775",2373,"23-01-2021 13:00","23-01-2021 13:15","8.4"
"776",2374,"23-01-2021 13:15","23-01-2021 13:30","10.9"
"777",2375,"23-01-2021 13:30","23-01-2021 13:45","8.4"
"778",2376,"23-01-2021 13:45","23-01-2021 14:00","7.4"
"779",2377,"23-01-2021 14:00","23-01-2021 14:15","5.2"
"780",2378,"23-01-2021 14:15","23-01-2021 14:30","4.8"
"781",2379,"23-01-2021 14:30","23-01-2021 14:45","9.2"
"782",2380,"23-01-2021 14:45","23-01-2021 15:00","7.1"
"783",2381,"23-01-2021 15:00","23-01-2021 15:15","8"
"784",2382,"23-01-2021 15:15","23-01-2021 15:30","None"
"785",2383,"23-01-2021 15:30","23-01-2021 15:45","7.3"
"786",2384,"23-01-2021 15:45","23-01-2021 16:00","9.2"
"787",2385,"23-01-2021 16:00","23-01-2021 16:15","8.3"
"788",2386,"23-01-2021 16:15","23-01-2021 16:30","10.6"
"789",2387,"23-01-2021 16:30","23-01-2021 16:45","8.3"
"790",2388,"23-01-2021 16:45","23-01-2021 17:00","9"
"791",2389,"23-01-2021 17:00","23-01-2021 17:15","15.4"
"792",2390,"23-01-2021 17:15","23-01-2021 17:30","11.2"
"793",2391,"23-01-2021 17:30","23-01-2021 17:45","15.7"
