,0,1,2,3,4
5,39.5,45.9,,42.4,35.8
6,45.9,,42.4,35.8,37.6
7,,42.4,35.8,37.6,32.8
8,42.4,35.8,37.6,32.8,37.5
9,35.8,37.6,32.8,37.5,
10,37.6,32.8,37.5,,38.0
11,32.8,37.5,,38.0,39.6
12,37.5,,38.0,39.6,40.8
13,,38.0,39.6,40.8,44.0
14,38.0,39.6,40.8,44.0,37.8
15,39.6,40.8,44.0,37.8,56.6
16,40.8,44.0,37.8,56.6,46.4
17,44.0,37.8,56.6,46.4,38.6
18,37.8,56.6,46.4,38.6,50.8
19,56.6,46.4,38.6,50.8,51.5
20,46.4,38.6,50.8,51.5,77.1
21,38.6,50.8,51.5,77.1,112.8
22,50.8,51.5,77.1,112.8,150.8
23,51.5,77.1,112.8,150.8,144.1
24,77.1,112.8,150.8,144.1,148.0
25,112.8,150.8,144.1,148.0,132.2
26,150.8,144.1,148.0,132.2,
27,144.1,148.0,132.2,,326.5
28,148.0,132.2,,326.5,280.1
29,132.2,,326.5,280.1,276.4
30,,326.5,280.1,276.4,326.4
31,326.5,280.1,276.4,326.4,
32,280.1,276.4,326.4,,287.3
33,276.4,326.4,,287.3,381.9
34,326.4,,287.3,381.9,452.5
35,,287.3,381.9,452.5,483.0
36,287.3,381.9,452.5,483.0,
37,381.9,452.5,483.0,,
38,452.5,483.0,,,443.5
39,483.0,,,443.5,460.8
40,,,443.5,460.8,450.9
41,,443.5,460.8,450.9,445.8
42,443.5,460.8,450.9,445.8,409.9
43,460.8,450.9,445.8,409.9,405.8
44,450.9,445.8,409.9,405.8,398.4
45,445.8,409.9,405.8,398.4,
46,409.9,405.8,398.4,,
47,405.8,398.4,,,378.4
48,398.4,,,378.4,368.8
49,,,378.4,368.8,
50,,378.4,368.8,,366.1
51,378.4,368.8,,366.1,335.9
52,368.8,,366.1,335.9,
53,,366.1,335.9,,293.6
54,366.1,335.9,,293.6,288.1
55,335.9,,293.6,288.1,322.8
56,,293.6,288.1,322.8,367.5
57,293.6,288.1,322.8,367.5,339.4
58,288.1,322.8,367.5,339.4,274.2
59,322.8,367.5,339.4,274.2,
60,367.5,339.4,274.2,,203.7
61,339.4,274.2,,203.7,230.9
62,274.2,,203.7,230.9,182.8
63,,203.7,230.9,182.8,113.9
64,203.7,230.9,182.8,113.9,96.0
65,230.9,182.8,113.9,96.0,92.8
66,182.8,113.9,96.0,92.8,84.5
67,113.9,96.0,92.8,84.5,52.0
68,96.0,92.8,84.5,52.0,42.2
69,92.8,84.5,52.0,42.2,34.5
70,84.5,52.0,42.2,34.5,
71,52.0,42.2,34.5,,37.3
72,42.2,34.5,,37.3,41.0
73,34.5,,37.3,41.0,39.7
74,,37.3,41.0,39.7,40.2
75,37.3,41.0,39.7,40.2,39.8
76,41.0,39.7,40.2,39.8,41.8
77,39.7,40.2,39.8,41.8,46.5
78,40.2,39.8,41.8,46.5,46.0
79,39.8,41.8,46.5,46.0,49.6
80,41.8,46.5,46.0,49.6,52.7
81,46.5,46.0,49.6,52.7,51.4
82,46.0,49.6,52.7,51.4,51.6
83,49.6,52.7,51.4,51.6,57.7
84,52.7,51.4,51.6,57.7,70.2
85,51.4,51.6,57.7,70.2,
86,51.6,57.7,70.2,,
87,57.7,70.2,,,
88,70.2,,,,73.1
89,,,,73.1,84.3
90,,,73.1,84.3,89.1
91,,73.1,84.3,89.1,80.5
92,73.1,84.3,89.1,80.5,72.8
93,84.3,89.1,80.5,72.8,
94,89.1,80.5,72.8,,
95,80.5,72.8,,,
96,72.8,,,,317.2
97,,,,317.2,282.8
98,,,317.2,282.8,14.2
99,,317.2,282.8,14.2,59.9
100,317.2,282.8,14.2,59.9,61.1
101,282.8,14.2,59.9,61.1,60.1
102,14.2,59.9,61.1,60.1,54.7
103,59.9,61.1,60.1,54.7,47.4
104,61.1,60.1,54.7,47.4,46.8
105,60.1,54.7,47.4,46.8,38.4
106,54.7,47.4,46.8,38.4,44.3
107,47.4,46.8,38.4,44.3,39.0
108,46.8,38.4,44.3,39.0,
109,38.4,44.3,39.0,,47.6
110,44.3,39.0,,47.6,37.2
111,39.0,,47.6,37.2,50.0
112,,47.6,37.2,50.0,52.7
113,47.6,37.2,50.0,52.7,43.0
114,37.2,50.0,52.7,43.0,58.1
115,50.0,52.7,43.0,58.1,77.6
116,52.7,43.0,58.1,77.6,125.3
117,43.0,58.1,77.6,125.3,213.4
118,58.1,77.6,125.3,213.4,
119,77.6,125.3,213.4,,266.6
120,125.3,213.4,,266.6,316.3
121,213.4,,266.6,316.3,275.3
122,,266.6,316.3,275.3,294.6
123,266.6,316.3,275.3,294.6,353.9
124,316.3,275.3,294.6,353.9,378.9
125,275.3,294.6,353.9,378.9,298.6
126,294.6,353.9,378.9,298.6,315.0
127,353.9,378.9,298.6,315.0,312.5
128,378.9,298.6,315.0,312.5,221.2
129,298.6,315.0,312.5,221.2,167.1
130,315.0,312.5,221.2,167.1,162.8
131,312.5,221.2,167.1,162.8,226.9
132,221.2,167.1,162.8,226.9,220.6
133,167.1,162.8,226.9,220.6,240.9
134,162.8,226.9,220.6,240.9,
135,226.9,220.6,240.9,,128.0
136,220.6,240.9,,128.0,137.2
137,240.9,,128.0,137.2,165.4
138,,128.0,137.2,165.4,132.5
139,128.0,137.2,165.4,132.5,92.8
140,137.2,165.4,132.5,92.8,68.3
141,165.4,132.5,92.8,68.3,
142,132.5,92.8,68.3,,55.5
143,92.8,68.3,,55.5,47.0
144,68.3,,55.5,47.0,46.0
145,,55.5,47.0,46.0,47.5
146,55.5,47.0,46.0,47.5,37.6
147,47.0,46.0,47.5,37.6,34.2
148,46.0,47.5,37.6,34.2,35.8
149,47.5,37.6,34.2,35.8,30.0
150,37.6,34.2,35.8,30.0,33.8
151,34.2,35.8,30.0,33.8,32.0
152,35.8,30.0,33.8,32.0,38.0
153,30.0,33.8,32.0,38.0,33.7
154,33.8,32.0,38.0,33.7,32.4
155,32.0,38.0,33.7,32.4,30.2
156,38.0,33.7,32.4,30.2,24.0
157,33.7,32.4,30.2,24.0,25.3
158,32.4,30.2,24.0,25.3,27.2
159,30.2,24.0,25.3,27.2,25.1
160,24.0,25.3,27.2,25.1,
161,25.3,27.2,25.1,,18.6
162,27.2,25.1,,18.6,21.9
163,25.1,,18.6,21.9,19.4
164,,18.6,21.9,19.4,18.9
165,18.6,21.9,19.4,18.9,14.9
166,21.9,19.4,18.9,14.9,19.0
167,19.4,18.9,14.9,19.0,18.4
168,18.9,14.9,19.0,18.4,19.1
169,14.9,19.0,18.4,19.1,21.9
170,19.0,18.4,19.1,21.9,15.4
171,18.4,19.1,21.9,15.4,22.4
172,19.1,21.9,15.4,22.4,24.0
173,21.9,15.4,22.4,24.0,22.5
174,15.4,22.4,24.0,22.5,26.0
175,22.4,24.0,22.5,26.0,24.5
176,24.0,22.5,26.0,24.5,25.0
177,22.5,26.0,24.5,25.0,27.6
178,26.0,24.5,25.0,27.6,28.1
179,24.5,25.0,27.6,28.1,28.6
180,25.0,27.6,28.1,28.6,28.9
181,27.6,28.1,28.6,28.9,
182,28.1,28.6,28.9,,
183,28.6,28.9,,,
184,28.9,,,,29.0
185,,,,29.0,33.9
186,,,29.0,33.9,35.1
187,,29.0,33.9,35.1,43.2
188,29.0,33.9,35.1,43.2,38.9
189,33.9,35.1,43.2,38.9,
190,35.1,43.2,38.9,,
191,43.2,38.9,,,
192,38.9,,,,35.3
193,,,,35.3,32.0
194,,,35.3,32.0,
195,,35.3,32.0,,28.0
196,35.3,32.0,,28.0,29.7
197,32.0,,28.0,29.7,32.3
198,,28.0,29.7,32.3,29.4
199,28.0,29.7,32.3,29.4,28.6
200,29.7,32.3,29.4,28.6,31.1
201,32.3,29.4,28.6,31.1,31.3
202,29.4,28.6,31.1,31.3,34.6
203,28.6,31.1,31.3,34.6,31.8
204,31.1,31.3,34.6,31.8,32.2
205,31.3,34.6,31.8,32.2,30.5
206,34.6,31.8,32.2,30.5,34.5
207,31.8,32.2,30.5,34.5,39.3
208,32.2,30.5,34.5,39.3,38.0
209,30.5,34.5,39.3,38.0,41.9
210,34.5,39.3,38.0,41.9,43.1
211,39.3,38.0,41.9,43.1,45.0
212,38.0,41.9,43.1,45.0,46.0
213,41.9,43.1,45.0,46.0,62.2
214,43.1,45.0,46.0,62.2,70.5
215,45.0,46.0,62.2,70.5,77.1
216,46.0,62.2,70.5,77.1,88.0
217,62.2,70.5,77.1,88.0,82.2
218,70.5,77.1,88.0,82.2,87.0
219,77.1,88.0,82.2,87.0,99.7
220,88.0,82.2,87.0,99.7,88.6
221,82.2,87.0,99.7,88.6,108.9
222,87.0,99.7,88.6,108.9,113.7
223,99.7,88.6,108.9,113.7,90.9
224,88.6,108.9,113.7,90.9,81.6
225,108.9,113.7,90.9,81.6,76.6
226,113.7,90.9,81.6,76.6,92.9
227,90.9,81.6,76.6,92.9,91.2
228,81.6,76.6,92.9,91.2,76.5
229,76.6,92.9,91.2,76.5,76.8
230,92.9,91.2,76.5,76.8,70.5
231,91.2,76.5,76.8,70.5,65.1
232,76.5,76.8,70.5,65.1,56.6
233,76.8,70.5,65.1,56.6,62.3
234,70.5,65.1,56.6,62.3,75.7
235,65.1,56.6,62.3,75.7,78.5
236,56.6,62.3,75.7,78.5,
237,62.3,75.7,78.5,,
238,75.7,78.5,,,
239,78.5,,,,69.6
240,,,,69.6,64.2
241,,,69.6,64.2,54.2
242,,69.6,64.2,54.2,45.5
243,69.6,64.2,54.2,45.5,37.1
244,64.2,54.2,45.5,37.1,
245,54.2,45.5,37.1,,28.1
246,45.5,37.1,,28.1,26.3
247,37.1,,28.1,26.3,23.7
248,,28.1,26.3,23.7,22.5
249,28.1,26.3,23.7,22.5,22.2
250,26.3,23.7,22.5,22.2,22.7
251,23.7,22.5,22.2,22.7,22.0
252,22.5,22.2,22.7,22.0,
253,22.2,22.7,22.0,,25.7
254,22.7,22.0,,25.7,25.5
255,22.0,,25.7,25.5,26.3
256,,25.7,25.5,26.3,25.0
257,25.7,25.5,26.3,25.0,25.5
258,25.5,26.3,25.0,25.5,29.1
259,26.3,25.0,25.5,29.1,32.3
260,25.0,25.5,29.1,32.3,42.7
261,25.5,29.1,32.3,42.7,35.1
262,29.1,32.3,42.7,35.1,70.4
263,32.3,42.7,35.1,70.4,64.6
264,42.7,35.1,70.4,64.6,54.4
265,35.1,70.4,64.6,54.4,67.4
266,70.4,64.6,54.4,67.4,59.3
267,64.6,54.4,67.4,59.3,61.0
268,54.4,67.4,59.3,61.0,59.6
269,67.4,59.3,61.0,59.6,59.7
270,59.3,61.0,59.6,59.7,57.1
271,61.0,59.6,59.7,57.1,54.3
272,59.6,59.7,57.1,54.3,48.6
273,59.7,57.1,54.3,48.6,44.1
274,57.1,54.3,48.6,44.1,
275,54.3,48.6,44.1,,58.4
276,48.6,44.1,,58.4,49.7
277,44.1,,58.4,49.7,
278,,58.4,49.7,,
279,58.4,49.7,,,
280,49.7,,,,49.2
281,,,,49.2,47.8
282,,,49.2,47.8,39.7
283,,49.2,47.8,39.7,
284,49.2,47.8,39.7,,44.7
285,47.8,39.7,,44.7,
286,39.7,,44.7,,
287,,44.7,,,
288,44.7,,,,47.0
289,,,,47.0,42.7
290,,,47.0,42.7,36.3
291,,47.0,42.7,36.3,36.0
292,47.0,42.7,36.3,36.0,39.3
293,42.7,36.3,36.0,39.3,
294,36.3,36.0,39.3,,39.6
295,36.0,39.3,,39.6,42.3
296,39.3,,39.6,42.3,47.7
297,,39.6,42.3,47.7,43.1
298,39.6,42.3,47.7,43.1,40.3
299,42.3,47.7,43.1,40.3,44.1
300,47.7,43.1,40.3,44.1,40.5
301,43.1,40.3,44.1,40.5,53.1
302,40.3,44.1,40.5,53.1,58.0
303,44.1,40.5,53.1,58.0,
304,40.5,53.1,58.0,,63.1
305,53.1,58.0,,63.1,54.0
306,58.0,,63.1,54.0,66.4
307,,63.1,54.0,66.4,61.4
308,63.1,54.0,66.4,61.4,44.8
309,54.0,66.4,61.4,44.8,105.4
310,66.4,61.4,44.8,105.4,95.7
311,61.4,44.8,105.4,95.7,74.2
312,44.8,105.4,95.7,74.2,80.3
313,105.4,95.7,74.2,80.3,77.7
314,95.7,74.2,80.3,77.7,87.1
315,74.2,80.3,77.7,87.1,101.6
316,80.3,77.7,87.1,101.6,107.7
317,77.7,87.1,101.6,107.7,111.8
318,87.1,101.6,107.7,111.8,125.6
319,101.6,107.7,111.8,125.6,183.6
320,107.7,111.8,125.6,183.6,208.8
321,111.8,125.6,183.6,208.8,157.8
322,125.6,183.6,208.8,157.8,173.5
323,183.6,208.8,157.8,173.5,235.7
324,208.8,157.8,173.5,235.7,234.1
325,157.8,173.5,235.7,234.1,170.7
326,173.5,235.7,234.1,170.7,203.3
327,235.7,234.1,170.7,203.3,202.2
328,234.1,170.7,203.3,202.2,163.6
329,170.7,203.3,202.2,163.6,156.9
330,203.3,202.2,163.6,156.9,139.8
331,202.2,163.6,156.9,139.8,112.6
332,163.6,156.9,139.8,112.6,93.0
333,156.9,139.8,112.6,93.0,
334,139.8,112.6,93.0,,
335,112.6,93.0,,,81.1
336,93.0,,,81.1,86.2
337,,,81.1,86.2,74.8
338,,81.1,86.2,74.8,68.4
339,81.1,86.2,74.8,68.4,66.4
340,86.2,74.8,68.4,66.4,65.9
341,74.8,68.4,66.4,65.9,63.8
342,68.4,66.4,65.9,63.8,60.6
343,66.4,65.9,63.8,60.6,57.8
344,65.9,63.8,60.6,57.8,51.0
345,63.8,60.6,57.8,51.0,49.1
346,60.6,57.8,51.0,49.1,47.6
347,57.8,51.0,49.1,47.6,41.8
348,51.0,49.1,47.6,41.8,44.9
349,49.1,47.6,41.8,44.9,38.7
350,47.6,41.8,44.9,38.7,36.4
351,41.8,44.9,38.7,36.4,36.0
352,44.9,38.7,36.4,36.0,36.0
353,38.7,36.4,36.0,36.0,36.4
354,36.4,36.0,36.0,36.4,37.2
355,36.0,36.0,36.4,37.2,37.1
356,36.0,36.4,37.2,37.1,38.9
357,36.4,37.2,37.1,38.9,61.6
358,37.2,37.1,38.9,61.6,72.4
359,37.1,38.9,61.6,72.4,72.5
360,38.9,61.6,72.4,72.5,70.7
361,61.6,72.4,72.5,70.7,69.2
362,72.4,72.5,70.7,69.2,73.5
363,72.5,70.7,69.2,73.5,73.4
364,70.7,69.2,73.5,73.4,68.6
365,69.2,73.5,73.4,68.6,81.2
366,73.5,73.4,68.6,81.2,77.0
367,73.4,68.6,81.2,77.0,77.3
368,68.6,81.2,77.0,77.3,76.8
369,81.2,77.0,77.3,76.8,79.3
370,77.0,77.3,76.8,79.3,75.5
371,77.3,76.8,79.3,75.5,76.8
372,76.8,79.3,75.5,76.8,71.0
373,79.3,75.5,76.8,71.0,
374,75.5,76.8,71.0,,
375,76.8,71.0,,,
376,71.0,,,,74.1
377,,,,74.1,63.6
378,,,74.1,63.6,55.2
379,,74.1,63.6,55.2,67.9
380,74.1,63.6,55.2,67.9,73.4
381,63.6,55.2,67.9,73.4,
382,55.2,67.9,73.4,,
383,67.9,73.4,,,
384,73.4,,,,57.8
385,,,,57.8,51.3
386,,,57.8,51.3,45.8
387,,57.8,51.3,45.8,46.1
388,57.8,51.3,45.8,46.1,36.0
389,51.3,45.8,46.1,36.0,46.8
390,45.8,46.1,36.0,46.8,41.9
391,46.1,36.0,46.8,41.9,35.7
392,36.0,46.8,41.9,35.7,47.8
393,46.8,41.9,35.7,47.8,42.0
394,41.9,35.7,47.8,42.0,34.0
395,35.7,47.8,42.0,34.0,35.3
396,47.8,42.0,34.0,35.3,33.4
397,42.0,34.0,35.3,33.4,42.0
398,34.0,35.3,33.4,42.0,56.9
399,35.3,33.4,42.0,56.9,56.2
400,33.4,42.0,56.9,56.2,44.6
401,42.0,56.9,56.2,44.6,43.9
402,56.9,56.2,44.6,43.9,52.0
403,56.2,44.6,43.9,52.0,62.4
404,44.6,43.9,52.0,62.4,91.0
405,43.9,52.0,62.4,91.0,131.1
406,52.0,62.4,91.0,131.1,153.2
407,62.4,91.0,131.1,153.2,128.1
408,91.0,131.1,153.2,128.1,136.7
409,131.1,153.2,128.1,136.7,148.2
410,153.2,128.1,136.7,148.2,133.6
411,128.1,136.7,148.2,133.6,120.3
412,136.7,148.2,133.6,120.3,128.4
413,148.2,133.6,120.3,128.4,126.4
414,133.6,120.3,128.4,126.4,96.9
415,120.3,128.4,126.4,96.9,79.0
416,128.4,126.4,96.9,79.0,80.4
417,126.4,96.9,79.0,80.4,79.3
418,96.9,79.0,80.4,79.3,78.3
419,79.0,80.4,79.3,78.3,81.1
420,80.4,79.3,78.3,81.1,81.4
421,79.3,78.3,81.1,81.4,94.7
422,78.3,81.1,81.4,94.7,81.4
423,81.1,81.4,94.7,81.4,79.5
424,81.4,94.7,81.4,79.5,75.3
425,94.7,81.4,79.5,75.3,69.7
426,81.4,79.5,75.3,69.7,51.5
427,79.5,75.3,69.7,51.5,45.2
428,75.3,69.7,51.5,45.2,50.3
429,69.7,51.5,45.2,50.3,
430,51.5,45.2,50.3,,44.0
431,45.2,50.3,,44.0,35.0
432,50.3,,44.0,35.0,35.3
433,,44.0,35.0,35.3,29.4
434,44.0,35.0,35.3,29.4,33.1
435,35.0,35.3,29.4,33.1,33.1
436,35.3,29.4,33.1,33.1,36.4
437,29.4,33.1,33.1,36.4,28.7
438,33.1,33.1,36.4,28.7,27.0
439,33.1,36.4,28.7,27.0,
440,36.4,28.7,27.0,,28.8
441,28.7,27.0,,28.8,29.4
442,27.0,,28.8,29.4,29.7
443,,28.8,29.4,29.7,24.4
444,28.8,29.4,29.7,24.4,24.4
445,29.4,29.7,24.4,24.4,26.7
446,29.7,24.4,24.4,26.7,27.0
447,24.4,24.4,26.7,27.0,25.8
448,24.4,26.7,27.0,25.8,27.9
449,26.7,27.0,25.8,27.9,25.3
450,27.0,25.8,27.9,25.3,22.2
451,25.8,27.9,25.3,22.2,26.9
452,27.9,25.3,22.2,26.9,25.6
453,25.3,22.2,26.9,25.6,21.3
454,22.2,26.9,25.6,21.3,23.5
455,26.9,25.6,21.3,23.5,23.9
456,25.6,21.3,23.5,23.9,26.4
457,21.3,23.5,23.9,26.4,26.2
458,23.5,23.9,26.4,26.2,24.2
459,23.9,26.4,26.2,24.2,24.6
460,26.4,26.2,24.2,24.6,28.7
461,26.2,24.2,24.6,28.7,29.5
462,24.2,24.6,28.7,29.5,31.5
463,24.6,28.7,29.5,31.5,30.6
464,28.7,29.5,31.5,30.6,34.9
465,29.5,31.5,30.6,34.9,43.0
466,31.5,30.6,34.9,43.0,50.9
467,30.6,34.9,43.0,50.9,69.6
468,34.9,43.0,50.9,69.6,69.2
469,43.0,50.9,69.6,69.2,
470,50.9,69.6,69.2,,
471,69.6,69.2,,,
472,69.2,,,,77.4
473,,,,77.4,78.6
474,,,77.4,78.6,74.3
475,,77.4,78.6,74.3,74.9
476,77.4,78.6,74.3,74.9,70.7
477,78.6,74.3,74.9,70.7,
478,74.3,74.9,70.7,,
479,74.9,70.7,,,
480,70.7,,,,45.2
481,,,,45.2,40.5
482,,,45.2,40.5,45.2
483,,45.2,40.5,45.2,41.0
484,45.2,40.5,45.2,41.0,40.2
485,40.5,45.2,41.0,40.2,37.7
486,45.2,41.0,40.2,37.7,35.0
487,41.0,40.2,37.7,35.0,39.7
488,40.2,37.7,35.0,39.7,36.4
489,37.7,35.0,39.7,36.4,37.5
490,35.0,39.7,36.4,37.5,34.8
491,39.7,36.4,37.5,34.8,39.1
492,36.4,37.5,34.8,39.1,45.4
493,37.5,34.8,39.1,45.4,36.1
494,34.8,39.1,45.4,36.1,38.0
495,39.1,45.4,36.1,38.0,37.1
496,45.4,36.1,38.0,37.1,42.7
497,36.1,38.0,37.1,42.7,
498,38.0,37.1,42.7,,54.1
499,37.1,42.7,,54.1,67.1
500,42.7,,54.1,67.1,75.4
501,,54.1,67.1,75.4,88.9
502,54.1,67.1,75.4,88.9,101.4
503,67.1,75.4,88.9,101.4,102.6
504,75.4,88.9,101.4,102.6,125.0
505,88.9,101.4,102.6,125.0,123.0
506,101.4,102.6,125.0,123.0,158.5
507,102.6,125.0,123.0,158.5,157.3
508,125.0,123.0,158.5,157.3,154.2
509,123.0,158.5,157.3,154.2,159.0
510,158.5,157.3,154.2,159.0,169.8
511,157.3,154.2,159.0,169.8,145.3
512,154.2,159.0,169.8,145.3,
513,159.0,169.8,145.3,,106.9
514,169.8,145.3,,106.9,104.9
515,145.3,,106.9,104.9,89.3
516,,106.9,104.9,89.3,76.2
517,106.9,104.9,89.3,76.2,68.5
518,104.9,89.3,76.2,68.5,67.9
519,89.3,76.2,68.5,67.9,70.6
520,76.2,68.5,67.9,70.6,59.1
521,68.5,67.9,70.6,59.1,50.8
522,67.9,70.6,59.1,50.8,55.3
523,70.6,59.1,50.8,55.3,57.4
524,59.1,50.8,55.3,57.4,43.7
525,50.8,55.3,57.4,43.7,
526,55.3,57.4,43.7,,39.5
527,57.4,43.7,,39.5,33.8
528,43.7,,39.5,33.8,22.8
529,,39.5,33.8,22.8,24.9
530,39.5,33.8,22.8,24.9,24.5
531,33.8,22.8,24.9,24.5,24.5
532,22.8,24.9,24.5,24.5,25.0
533,24.9,24.5,24.5,25.0,26.6
534,24.5,24.5,25.0,26.6,22.3
535,24.5,25.0,26.6,22.3,20.5
536,25.0,26.6,22.3,20.5,22.2
537,26.6,22.3,20.5,22.2,17.1
538,22.3,20.5,22.2,17.1,19.9
539,20.5,22.2,17.1,19.9,22.9
540,22.2,17.1,19.9,22.9,20.4
541,17.1,19.9,22.9,20.4,20.5
542,19.9,22.9,20.4,20.5,20.4
543,22.9,20.4,20.5,20.4,21.8
544,20.4,20.5,20.4,21.8,20.2
545,20.5,20.4,21.8,20.2,21.2
546,20.4,21.8,20.2,21.2,29.2
547,21.8,20.2,21.2,29.2,22.0
548,20.2,21.2,29.2,22.0,23.7
549,21.2,29.2,22.0,23.7,22.3
550,29.2,22.0,23.7,22.3,21.2
551,22.0,23.7,22.3,21.2,19.9
552,23.7,22.3,21.2,19.9,23.3
553,22.3,21.2,19.9,23.3,23.6
554,21.2,19.9,23.3,23.6,24.2
555,19.9,23.3,23.6,24.2,27.0
556,23.3,23.6,24.2,27.0,26.4
557,23.6,24.2,27.0,26.4,29.7
558,24.2,27.0,26.4,29.7,28.5
559,27.0,26.4,29.7,28.5,32.9
560,26.4,29.7,28.5,32.9,29.3
561,29.7,28.5,32.9,29.3,29.3
562,28.5,32.9,29.3,29.3,34.1
563,32.9,29.3,29.3,34.1,35.7
564,29.3,29.3,34.1,35.7,32.2
565,29.3,34.1,35.7,32.2,
566,34.1,35.7,32.2,,
567,35.7,32.2,,,
568,32.2,,,,35.6
569,,,,35.6,38.9
570,,,35.6,38.9,35.4
571,,35.6,38.9,35.4,37.0
572,35.6,38.9,35.4,37.0,39.4
573,38.9,35.4,37.0,39.4,
574,35.4,37.0,39.4,,
575,37.0,39.4,,,
576,39.4,,,,313.9
577,,,,313.9,357.6
578,,,313.9,357.6,191.3
579,,313.9,357.6,191.3,23.3
580,313.9,357.6,191.3,23.3,37.9
581,357.6,191.3,23.3,37.9,36.6
582,191.3,23.3,37.9,36.6,40.5
583,23.3,37.9,36.6,40.5,42.1
584,37.9,36.6,40.5,42.1,38.5
585,36.6,40.5,42.1,38.5,39.0
586,40.5,42.1,38.5,39.0,37.1
587,42.1,38.5,39.0,37.1,36.0
588,38.5,39.0,37.1,36.0,
589,39.0,37.1,36.0,,34.9
590,37.1,36.0,,34.9,33.9
591,36.0,,34.9,33.9,33.5
592,,34.9,33.9,33.5,35.2
593,34.9,33.9,33.5,35.2,38.0
594,33.9,33.5,35.2,38.0,49.5
595,33.5,35.2,38.0,49.5,64.9
596,35.2,38.0,49.5,64.9,67.7
597,38.0,49.5,64.9,67.7,86.6
598,49.5,64.9,67.7,86.6,
599,64.9,67.7,86.6,,149.2
600,67.7,86.6,,149.2,
601,86.6,,149.2,,182.1
602,,149.2,,182.1,162.4
603,149.2,,182.1,162.4,189.8
604,,182.1,162.4,189.8,308.3
605,182.1,162.4,189.8,308.3,263.8
606,162.4,189.8,308.3,263.8,228.9
607,189.8,308.3,263.8,228.9,258.5
608,308.3,263.8,228.9,258.5,303.9
609,263.8,228.9,258.5,303.9,291.3
610,228.9,258.5,303.9,291.3,313.9
611,258.5,303.9,291.3,313.9,230.0
612,303.9,291.3,313.9,230.0,122.2
613,291.3,313.9,230.0,122.2,89.0
614,313.9,230.0,122.2,89.0,66.6
615,230.0,122.2,89.0,66.6,58.9
616,122.2,89.0,66.6,58.9,47.0
617,89.0,66.6,58.9,47.0,46.0
618,66.6,58.9,47.0,46.0,43.0
619,58.9,47.0,46.0,43.0,39.5
620,47.0,46.0,43.0,39.5,37.7
621,46.0,43.0,39.5,37.7,
622,43.0,39.5,37.7,,
623,39.5,37.7,,,28.5
624,37.7,,,28.5,28.6
625,,,28.5,28.6,28.2
626,,28.5,28.6,28.2,26.2
627,28.5,28.6,28.2,26.2,23.9
628,28.6,28.2,26.2,23.9,24.6
629,28.2,26.2,23.9,24.6,26.2
630,26.2,23.9,24.6,26.2,25.1
631,23.9,24.6,26.2,25.1,25.8
632,24.6,26.2,25.1,25.8,26.9
633,26.2,25.1,25.8,26.9,29.6
634,25.1,25.8,26.9,29.6,30.4
635,25.8,26.9,29.6,30.4,30.6
636,26.9,29.6,30.4,30.6,29.9
637,29.6,30.4,30.6,29.9,25.2
638,30.4,30.6,29.9,25.2,21.9
639,30.6,29.9,25.2,21.9,23.5
640,29.9,25.2,21.9,23.5,22.4
641,25.2,21.9,23.5,22.4,23.5
642,21.9,23.5,22.4,23.5,23.2
643,23.5,22.4,23.5,23.2,19.9
644,22.4,23.5,23.2,19.9,26.3
645,23.5,23.2,19.9,26.3,32.6
646,23.2,19.9,26.3,32.6,33.3
647,19.9,26.3,32.6,33.3,26.5
648,26.3,32.6,33.3,26.5,27.4
649,32.6,33.3,26.5,27.4,26.4
650,33.3,26.5,27.4,26.4,30.7
651,26.5,27.4,26.4,30.7,28.4
652,27.4,26.4,30.7,28.4,33.2
653,26.4,30.7,28.4,33.2,30.9
654,30.7,28.4,33.2,30.9,33.5
655,28.4,33.2,30.9,33.5,43.5
656,33.2,30.9,33.5,43.5,43.8
657,30.9,33.5,43.5,43.8,46.6
658,33.5,43.5,43.8,46.6,52.5
659,43.5,43.8,46.6,52.5,45.3
660,43.8,46.6,52.5,45.3,48.9
661,46.6,52.5,45.3,48.9,
662,52.5,45.3,48.9,,
663,45.3,48.9,,,
664,48.9,,,,49.6
665,,,,49.6,55.5
666,,,49.6,55.5,50.6
667,,49.6,55.5,50.6,47.9
668,49.6,55.5,50.6,47.9,42.9
669,55.5,50.6,47.9,42.9,
670,50.6,47.9,42.9,,
671,47.9,42.9,,,
672,42.9,,,,314.6
673,,,,314.6,267.5
674,,,314.6,267.5,59.7
675,,314.6,267.5,59.7,54.7
676,314.6,267.5,59.7,54.7,50.3
677,267.5,59.7,54.7,50.3,51.0
678,59.7,54.7,50.3,51.0,51.0
679,54.7,50.3,51.0,51.0,56.1
680,50.3,51.0,51.0,56.1,52.0
681,51.0,51.0,56.1,52.0,48.0
682,51.0,56.1,52.0,48.0,45.5
683,56.1,52.0,48.0,45.5,
684,52.0,48.0,45.5,,51.9
685,48.0,45.5,,51.9,46.6
686,45.5,,51.9,46.6,52.6
687,,51.9,46.6,52.6,47.4
688,51.9,46.6,52.6,47.4,
689,46.6,52.6,47.4,,47.6
690,52.6,47.4,,47.6,56.6
691,47.4,,47.6,56.6,59.9
692,,47.6,56.6,59.9,51.9
693,47.6,56.6,59.9,51.9,55.2
694,56.6,59.9,51.9,55.2,53.9
695,59.9,51.9,55.2,53.9,62.9
696,51.9,55.2,53.9,62.9,55.7
697,55.2,53.9,62.9,55.7,61.6
698,53.9,62.9,55.7,61.6,50.3
699,62.9,55.7,61.6,50.3,47.5
700,55.7,61.6,50.3,47.5,50.7
701,61.6,50.3,47.5,50.7,51.2
702,50.3,47.5,50.7,51.2,45.2
703,47.5,50.7,51.2,45.2,45.2
704,50.7,51.2,45.2,45.2,38.5
705,51.2,45.2,45.2,38.5,44.8
706,45.2,45.2,38.5,44.8,43.5
707,45.2,38.5,44.8,43.5,45.5
708,38.5,44.8,43.5,45.5,41.4
709,44.8,43.5,45.5,41.4,37.5
710,43.5,45.5,41.4,37.5,35.2
711,45.5,41.4,37.5,35.2,28.7
712,41.4,37.5,35.2,28.7,31.5
713,37.5,35.2,28.7,31.5,27.6
714,35.2,28.7,31.5,27.6,28.7
715,28.7,31.5,27.6,28.7,23.5
716,31.5,27.6,28.7,23.5,24.7
717,27.6,28.7,23.5,24.7,
718,28.7,23.5,24.7,,19.6
719,23.5,24.7,,19.6,20.2
720,24.7,,19.6,20.2,18.9
721,,19.6,20.2,18.9,19.6
722,19.6,20.2,18.9,19.6,20.2
723,20.2,18.9,19.6,20.2,21.7
724,18.9,19.6,20.2,21.7,23.8
725,19.6,20.2,21.7,23.8,
726,20.2,21.7,23.8,,27.4
727,21.7,23.8,,27.4,29.1
728,23.8,,27.4,29.1,31.4
729,,27.4,29.1,31.4,28.6
730,27.4,29.1,31.4,28.6,23.4
731,29.1,31.4,28.6,23.4,23.7
732,31.4,28.6,23.4,23.7,20.7
733,28.6,23.4,23.7,20.7,17.8
734,23.4,23.7,20.7,17.8,18.8
735,23.7,20.7,17.8,18.8,15.7
736,20.7,17.8,18.8,15.7,18.1
737,17.8,18.8,15.7,18.1,16.5
738,18.8,15.7,18.1,16.5,16.2
739,15.7,18.1,16.5,16.2,15.5
740,18.1,16.5,16.2,15.5,18.9
741,16.5,16.2,15.5,18.9,18.2
742,16.2,15.5,18.9,18.2,17.6
743,15.5,18.9,18.2,17.6,19.5
744,18.9,18.2,17.6,19.5,18.7
745,18.2,17.6,19.5,18.7,20.3
746,17.6,19.5,18.7,20.3,19.6
747,19.5,18.7,20.3,19.6,19.2
748,18.7,20.3,19.6,19.2,21.9
749,20.3,19.6,19.2,21.9,21.0
750,19.6,19.2,21.9,21.0,21.6
751,19.2,21.9,21.0,21.6,26.4
752,21.9,21.0,21.6,26.4,26.2
753,21.0,21.6,26.4,26.2,27.2
754,21.6,26.4,26.2,27.2,24.4
755,26.4,26.2,27.2,24.4,25.4
756,26.2,27.2,24.4,25.4,23.2
757,27.2,24.4,25.4,23.2,
758,24.4,25.4,23.2,,
759,25.4,23.2,,,
760,23.2,,,,36.0
761,,,,36.0,35.8
762,,,36.0,35.8,35.1
763,,36.0,35.8,35.1,38.4
764,36.0,35.8,35.1,38.4,36.8
765,35.8,35.1,38.4,36.8,
766,35.1,38.4,36.8,,
767,38.4,36.8,,,
768,36.8,,,,347.1
769,,,,347.1,382.0
770,,,347.1,382.0,209.7
771,,347.1,382.0,209.7,39.4
772,347.1,382.0,209.7,39.4,40.8
773,382.0,209.7,39.4,40.8,39.8
774,209.7,39.4,40.8,39.8,35.8
775,39.4,40.8,39.8,35.8,36.2
776,40.8,39.8,35.8,36.2,36.0
777,39.8,35.8,36.2,36.0,43.3
778,35.8,36.2,36.0,43.3,39.7
779,36.2,36.0,43.3,39.7,43.8
780,36.0,43.3,39.7,43.8,
781,43.3,39.7,43.8,,44.6
782,39.7,43.8,,44.6,46.1
783,43.8,,44.6,46.1,46.6
784,,44.6,46.1,46.6,51.1
785,44.6,46.1,46.6,51.1,51.5
786,46.1,46.6,51.1,51.5,52.8
787,46.6,51.1,51.5,52.8,66.1
788,51.1,51.5,52.8,66.1,62.4
